examine,id,members,lowalch,limit,value,highalch,icon,name,high,highTime,low,lowTime
Fabulously ancient mage protection enchanted in the 3rd Age.,10344,True,20200.0,8.0,50500.0,30300.0,3rd Age amulet.png,3rd Age amulet,43499999.0,1789642654.0,42250033.0,1789586366.0
"A beautifully crafted axe, shaped by ancient smiths.",20011,True,22000.0,40.0,55000.0,33000.0,3rd Age axe.png,3rd Age axe,2147483647.0,1784723991.0,2147483647.0,1784266838.0
A beautifully crafted bow carved by ancient archers.,12424,True,60000.0,8.0,150000.0,90000.0,3rd Age bow.png,3rd Age bow,1048000000.0,1789575423.0,1026555000.0,1789652578.0
A beautiful cloak woven by ancient tailors.,12437,True,34000.0,8.0,85000.0,51000.0,3rd Age cloak.png,3rd Age cloak,280000000.0,1789625166.0,275000001.0,1789599324.0
A fabulously ancient vine cloak as worn by the druids of old.,23345,True,80000.0,8.0,200000.0,120000.0,3rd Age druidic cloak.png,3rd Age druidic cloak,780000000.0,1789435479.0,757505000.0,1789432835.0
A fabulously ancient woven robe as worn by the druids of old.,23339,True,80000.0,4.0,200000.0,120000.0,3rd Age druidic robe bottoms.png,3rd Age druidic robe bottoms,1699999999.0,1789587388.0,1700000000.0,1789543628.0
A fabulously ancient woven robe top as worn by the druids of old.,23336,True,80000.0,4.0,200000.0,120000.0,3rd Age druidic robe top.png,3rd Age druidic robe top,2147483647.0,1713538969.0,2147483647.0,1783642026.0
A fabulously ancient gnarled staff as used by the druids of old.,23342,True,80000.0,8.0,200000.0,120000.0,3rd Age druidic staff.png,3rd Age druidic staff,501500000.0,1789638482.0,466666666.0,1789475031.0
"A beautifully crafted axe, shaped by ancient smiths.",28226,True,22000.0,,55000.0,33000.0,3rd Age felling axe.png,3rd Age felling axe,2077777777.0,1789366426.0,1937699420.0,1789605381.0
Fabulously ancient armour beaten from magical silver.,10350,True,36000.0,8.0,90000.0,54000.0,3rd Age full helmet.png,3rd Age full helmet,28500000.0,1789624319.0,27324749.0,1789625253.0
Fabulously ancient armour beaten from magical silver.,10352,True,72000.0,8.0,180000.0,108000.0,3rd Age kiteshield.png,3rd Age kiteshield,70987320.0,1789638524.0,69350000.0,1789629464.0
A beautifully crafted sword forged by ancient blacksmiths.,12426,True,60000.0,8.0,150000.0,90000.0,3rd Age longsword.png,3rd Age longsword,926999997.0,1789638623.0,1000000000.0,1789588199.0
Fabulously ancient mage protection enchanted in the 3rd Age.,10342,True,20160.0,8.0,50400.0,30240.0,3rd Age mage hat.png,3rd Age mage hat,16757549.0,1789650336.0,15900420.0,1789625265.0
"A beautifully crafted pickaxe, shaped by ancient smiths.",20014,True,39180.0,40.0,97950.0,58770.0,3rd Age pickaxe.png,3rd Age pickaxe,2147483647.0,1782328247.0,2147483647.0,1770017403.0
Fabulously ancient armour beaten from magical silver.,10348,True,80000.0,8.0,200000.0,120000.0,3rd Age platebody.png,3rd Age platebody,138177434.0,1789628798.0,140000000.0,1789654351.0
Fabulously ancient armour beaten from magical silver.,10346,True,80000.0,8.0,200000.0,120000.0,3rd Age platelegs.png,3rd Age platelegs,73700000.0,1789654300.0,73333333.0,1789625259.0
Fabulously ancient armour beaten from magical silver.,23242,True,80000.0,8.0,200000.0,120000.0,3rd Age plateskirt.png,3rd Age plateskirt,30363223.0,1789618873.0,28076999.0,1789622415.0
Fabulously ancient range protection crafted from white dragonhide.,10334,True,20160.0,8.0,50400.0,30240.0,3rd Age range coif.png,3rd Age range coif,15856242.0,1789609615.0,15120000.0,1789652077.0
Fabulously ancient range protection crafted from white dragonhide.,10332,True,20240.0,8.0,50600.0,30360.0,3rd Age range legs.png,3rd Age range legs,15299000.0,1789603513.0,14312014.0,1789651990.0
Fabulously ancient range protection crafted from white dragonhide.,10330,True,20320.0,8.0,50800.0,30480.0,3rd Age range top.png,3rd Age range top,24714000.0,1789645381.0,23855000.0,1789652069.0
Fabulously ancient mage protection enchanted in the 3rd Age.,10340,True,20240.0,8.0,50600.0,30360.0,3rd Age robe.png,3rd Age robe,33309864.0,1789650328.0,32150000.0,1789647297.0
Fabulously ancient mage protection enchanted in the 3rd Age.,10338,True,20320.0,8.0,50800.0,30480.0,3rd Age robe top.png,3rd Age robe top,130000000.0,1789650402.0,126096999.0,1789625086.0
Fabulously ancient range protection crafted from white dragonhide.,10336,True,20200.0,8.0,50500.0,30300.0,3rd Age vambraces.png,3rd Age vambraces,12333000.0,1789627603.0,11345000.0,1789629224.0
A beautifully crafted wand infused by ancient wizards.,12422,True,60000.0,8.0,150000.0,90000.0,3rd Age wand.png,3rd Age wand,279000000.0,1789485031.0,267480000.0,1789548494.0
A big do about nothing.,10392,True,800.0,4.0,2000.0,1200.0,A powdered wig.png,A powdered wig,5084.0,1789647626.0,5026.0,1789652201.0
A heap of ashes.,25775,True,1.0,7500.0,1.0,1.0,Abyssal ashes.png,Abyssal ashes,2500.0,1789654208.0,2500.0,1789654378.0
Elements of deceased Abyssal Sires have been fused together.,13263,True,104000.0,8.0,260000.0,156000.0,Abyssal bludgeon.png,Abyssal bludgeon,16997994.0,1789654377.0,16621017.0,1789653735.0
Makes using the Abyss just slightly safer.,11095,True,1680.0,10000.0,4200.0,2520.0,Abyssal bracelet.png,Abyssal bracelet(5),2190.0,1789652012.0,2102.0,1789650801.0
Something sharp from the body of a defeated Abyssal Sire.,13265,True,46000.0,8.0,115001.0,69000.0,Abyssal dagger.png,Abyssal dagger,1436028.0,1789645914.0,1410000.0,1789653400.0
Something sharp and poisonous from the body of a defeated Abyssal Sire.,13267,True,46000.0,8.0,115002.0,69001.0,Abyssal dagger (p).png,Abyssal dagger (p),1449526.0,1789642177.0,1350000.0,1789649228.0
Something sharp and very poisonous from the body of a defeated Abyssal Sire.,13269,True,46001.0,8.0,115003.0,69001.0,Abyssal dagger (p+).png,Abyssal dagger (p+),1546000.0,1789629419.0,1357691.0,1789651011.0
Something sharp and extremely poisonous from the body of a defeated Abyssal Sire.,13271,True,46001.0,8.0,115004.0,69002.0,Abyssal dagger (p++).png,Abyssal dagger (p++),1502479.0,1789654213.0,1454260.0,1789653960.0
A weapon from the Abyss.,4151,True,48000.0,70.0,120001.0,72000.0,Abyssal whip.png,Abyssal whip,792838.0,1789654338.0,778785.0,1789654324.0
A mighty sceptre used in long forgotten battles.,27676,True,48000.0,8.0,120000.0,72000.0,Accursed sceptre (au).png,Accursed sceptre (au),2807674.0,1789654386.0,2711215.0,1789653725.0
"A mighty sceptre from long forgotten battles, corrupted by the power of Vet'ion.",27662,True,70000.0,8.0,175000.0,105000.0,Accursed sceptre (u).png,Accursed sceptre (u),2770021.0,1789654422.0,2674391.0,1789653232.0
These logs are longer than normal.,2862,True,1.0,13000.0,4.0,2.0,Achey tree logs.png,Achey tree logs,365.0,1789654417.0,365.0,1789650333.0
Plant this in a plantpot of soil to grow a sapling.,5312,True,2.0,200.0,6.0,3.0,Acorn 5.png,Acorn,115.0,1789653692.0,86.0,1789654337.0
A two handed sword.,1317,False,2560.0,125.0,6400.0,3840.0,Adamant 2h sword.png,Adamant 2h sword,3427.0,1789653317.0,3450.0,1789654245.0
Arrows with adamant heads.,890,False,32.0,11000.0,80.0,48.0,Adamant arrow 5.png,Adamant arrow,25.0,1789654308.0,25.0,1789654358.0
Venomous-looking arrows.,891,True,32.0,11000.0,80.0,48.0,Adamant arrow(p) 5.png,Adamant arrow(p),177.0,1789621995.0,40.0,1789632606.0
Venomous-looking arrows.,5620,True,32.0,11000.0,80.0,48.0,Adamant arrow(p+) 5.png,Adamant arrow(p+),161.0,1789652887.0,100.0,1789589990.0
Venomous-looking arrows.,5626,True,32.0,11000.0,80.0,48.0,Adamant arrow(p++) 5.png,Adamant arrow(p++),27.0,1789646482.0,18.0,1789653803.0
I can make some arrows with these.,43,True,16.0,10000.0,40.0,24.0,Adamant arrowtips.png,Adamant arrowtips,102.0,1789654396.0,100.0,1789654132.0
A powerful axe.,1357,False,512.0,40.0,1280.0,768.0,Adamant axe.png,Adamant axe,507.0,1789653868.0,461.0,1789654166.0
A vicious looking axe.,1371,False,1664.0,125.0,4160.0,2496.0,Adamant battleaxe.png,Adamant battleaxe,2368.0,1789654274.0,2368.0,1789654371.0
Adamantite crossbow bolts.,9143,True,23.0,11000.0,58.0,34.0,Adamant bolts 5.png,Adamant bolts,159.0,1789654211.0,150.0,1789654285.0
Some poisoned adamantite bolts.,9290,True,23.0,11000.0,58.0,34.0,Adamant bolts (p) 5.png,Adamant bolts (p),183.0,1789206063.0,370.0,1789435121.0
Some poisoned adamantite bolts.,9297,True,23.0,11000.0,58.0,34.0,Adamant bolts (p+) 5.png,Adamant bolts (p+),506.0,1789621079.0,101.0,1789620199.0
Super poisoned adamantite bolts.,9304,True,23.0,11000.0,58.0,34.0,Adamant bolts (p++) 5.png,Adamant bolts (p++),652.0,1789627740.0,560.0,1789627701.0
Unfeathered adamantite crossbow bolts.,9380,True,1.0,13000.0,1.0,1.0,Adamant bolts(unf) 5.png,Adamant bolts(unf),176.0,1789654427.0,176.0,1789654129.0
These will protect my feet.,4129,True,768.0,125.0,1920.0,1152.0,Adamant boots.png,Adamant boots,1100.0,1789654090.0,791.0,1789654245.0
Blunt adamantite arrow... ouch.,4798,True,38.0,11000.0,95.0,57.0,Adamant brutal 5.png,Adamant brutal,302.0,1789651842.0,276.0,1789654015.0
A diamond topped cane.,12377,True,576.0,4.0,1440.0,864.0,Adamant cane.png,Adamant cane,325.0,1789651662.0,255.0,1789633425.0
Ammo suited for a boat's cannon.,31912,True,72.0,11000.0,180.0,108.0,Adamant cannonball.png,Adamant cannonball,231.0,1789654321.0,230.0,1789654078.0
A series of connected metal rings.,1111,False,1920.0,125.0,4800.0,2880.0,Adamant chainbody.png,Adamant chainbody,2729.0,1789654272.0,2550.0,1789654385.0
Ammo suited for a boat's cannon.,31926,True,144.0,,360.0,216.0,Adamant chainshot cannonball.png,Adamant chainshot cannonball,907.0,1789606046.0,840.0,1789606234.0
A set of fighting claws.,3100,True,480.0,125.0,1200.0,720.0,Adamant claws.png,Adamant claws,1798.0,1789535901.0,1798.0,1789652132.0
An adamantite crossbow.,9183,True,706.0,70.0,1767.0,1060.0,Adamant crossbow.png,Adamant crossbow,5494.0,1789652901.0,903.0,1789653589.0
An unstrung adamantite crossbow.,9463,True,693.0,10000.0,1733.0,1039.0,Adamant crossbow (u).png,Adamant crossbow (u),578.0,1789624047.0,601.0,1789650608.0
Short and deadly.,1211,False,320.0,125.0,800.0,480.0,Adamant dagger.png,Adamant dagger,387.0,1789654103.0,354.0,1789654401.0
A very dangerous poisoned dagger.,1227,True,320.0,125.0,800.0,480.0,Adamant dagger(p).png,Adamant dagger(p),333.0,1789395811.0,60.0,1789613209.0
A very dangerous poisoned dagger.,5676,True,320.0,125.0,800.0,480.0,Adamant dagger(p+).png,Adamant dagger(p+),5819.0,1789516856.0,1915.0,1789164923.0
A very dangerous poisoned dagger.,5694,True,320.0,125.0,800.0,480.0,Adamant dagger(p++).png,Adamant dagger(p++),3503.0,1789262334.0,250.0,1789593043.0
A deadly throwing dart with an adamant tip.,810,True,26.0,11000.0,65.0,39.0,Adamant dart.png,Adamant dart,30.0,1789654321.0,29.0,1789653889.0
A deadly-looking dart tip made of adamant - needs feathers for flight.,823,True,14.0,20000.0,36.0,21.0,Adamant dart tip.png,Adamant dart tip,186.0,1789654349.0,182.0,1789654352.0
A deadly poisoned dart with an adamant tip.,816,True,26.0,11000.0,65.0,39.0,Adamant dart(p).png,Adamant dart(p),109.0,1789648159.0,22.0,1789650148.0
A deadly poisoned dart with an adamant tip.,5633,True,26.0,11000.0,65.0,39.0,Adamant dart(p+).png,Adamant dart(p+),272.0,1789635732.0,26.0,1789315523.0
A deadly poisoned dart with an adamant tip.,5640,True,26.0,11000.0,65.0,39.0,Adamant dart(p++).png,Adamant dart(p++),450.0,1789643467.0,350.0,1789637006.0
Do I look scary?,23270,True,4000.0,4.0,10000.0,6000.0,Adamant dragon mask.png,Adamant dragon mask,4290.0,1789490988.0,5555.0,1789653302.0
A woodcutter's axe.,28211,True,512.0,,1280.0,768.0,Adamant felling axe.png,Adamant felling axe,2200000.0,1789613487.0,1851777.0,1789536286.0
A full face helmet.,1161,False,1408.0,125.0,3520.0,2112.0,Adamant full helm.png,Adamant full helm,1744.0,1789653860.0,1744.0,1789654051.0
Adamant full helmet with gold trim.,2613,False,1408.0,8.0,3520.0,2112.0,Adamant full helm (g).png,Adamant full helm (g),12904.0,1789653451.0,13033.0,1789651556.0
Adamant full helmet with trim.,2605,False,1408.0,8.0,3520.0,2112.0,Adamant full helm (t).png,Adamant full helm (t),4188.0,1789626333.0,4296.0,1789651989.0
"A set containing a full helm, platebody, legs and kiteshield.",13020,False,3200.0,8.0,8000.0,4800.0,Adamant gold-trimmed set (lg).png,Adamant gold-trimmed set (lg),80000.0,1789654413.0,68541.0,1789651086.0
"A set containing a full helm, platebody, skirt and kiteshield.",13022,False,3200.0,8.0,8000.0,4800.0,Adamant gold-trimmed set (sk).png,Adamant gold-trimmed set (sk),66544.0,1789624735.0,48000.0,1789653034.0
An adamant halberd.,3200,True,2560.0,125.0,6400.0,3840.0,Adamant halberd.png,Adamant halberd,3068.0,1789652903.0,3067.0,1789654367.0
"An adamant-tipped, one-handed hasta.",11375,True,832.0,125.0,2080.0,1248.0,Adamant hasta.png,Adamant hasta,560.0,1789641888.0,396.0,1789632410.0
"A poison-tipped, one-handed adamantite hasta.",11407,True,832.0,125.0,2080.0,1248.0,Adamant hasta(p).png,Adamant hasta(p),4912.0,1789294950.0,1.0,1782194973.0
"A poison-tipped, one-handed adamantite hasta.",11410,True,832.0,125.0,2080.0,1248.0,Adamant hasta(p+).png,Adamant hasta(p+),5662.0,1788462659.0,2153.0,1773782535.0
"A poison-tipped, one-handed adamantite hasta.",11412,True,832.0,125.0,2080.0,1248.0,Adamant hasta(p++).png,Adamant hasta(p++),6201.0,1789494108.0,6579.0,1785595973.0
An adamant helmet with a heraldic design.,10296,False,1408.0,70.0,3520.0,2112.0,Adamant helm (h1).png,Adamant helm (h1),1455.0,1789652125.0,100.0,1789635326.0
An adamant helmet with a heraldic design.,10298,False,1408.0,70.0,3520.0,2112.0,Adamant helm (h2).png,Adamant helm (h2),3100.0,1789556433.0,2826.0,1789637289.0
An adamant helmet with a heraldic design.,10300,False,1408.0,70.0,3520.0,2112.0,Adamant helm (h3).png,Adamant helm (h3),24987.0,1789612005.0,4848.0,1789650999.0
An adamant helmet with a heraldic design.,10302,False,1408.0,70.0,3520.0,2112.0,Adamant helm (h4).png,Adamant helm (h4),2305.0,1789504308.0,3721.0,1789652997.0
An adamant helmet with a heraldic design.,10304,False,1408.0,70.0,3520.0,2112.0,Adamant helm (h5).png,Adamant helm (h5),2397.0,1789596436.0,2338.0,1789647777.0
Ammo suited for a boat's cannon.,31940,True,144.0,,360.0,216.0,Adamant incendiary cannonball.png,Adamant incendiary cannonball,1192.0,1789651388.0,1073.0,1789652657.0
An adamant tipped javelin.,829,True,64.0,11000.0,160.0,96.0,Adamant javelin.png,Adamant javelin,49.0,1789652489.0,49.0,1789654404.0
Needs a shaft.,19578,True,176.0,10000.0,440.0,264.0,Adamant javelin tips 5.png,Adamant javelin tips,304.0,1789651605.0,266.0,1789653203.0
An adamant tipped javelin.,835,True,64.0,11000.0,160.0,96.0,Adamant javelin(p).png,Adamant javelin(p),75000.0,1789431543.0,70001.0,1789436131.0
An adamant tipped javelin.,5646,True,64.0,11000.0,160.0,96.0,Adamant javelin(p+).png,Adamant javelin(p+),216.0,1788827961.0,830.0,1769105327.0
An adamant tipped javelin.,5652,True,64.0,11000.0,160.0,96.0,Adamant javelin(p++).png,Adamant javelin(p++),300.0,1788457790.0,10.0,1789478645.0
Parts for creating an adamant keel for a boat.,32011,True,1250.0,100.0,3125.0,1875.0,Adamant keel parts.png,Adamant keel parts,6907.0,1789654183.0,6885.0,1789654254.0
A large metal shield.,1199,False,2176.0,125.0,5440.0,3264.0,Adamant kiteshield.png,Adamant kiteshield,3050.0,1789652018.0,3020.0,1789654412.0
Adamant kiteshield with gold trim.,2611,False,2176.0,8.0,5440.0,3264.0,Adamant kiteshield (g).png,Adamant kiteshield (g),13658.0,1789649134.0,13658.0,1789650537.0
Adamant kiteshield with trim.,2603,False,2176.0,8.0,5440.0,3264.0,Adamant kiteshield (t).png,Adamant kiteshield (t),2995.0,1789651745.0,2600.0,1789650270.0
A finely balanced throwing knife.,867,True,26.0,11000.0,66.0,39.0,Adamant knife.png,Adamant knife,400.0,1789647493.0,368.0,1789654276.0
A finely balanced throwing knife.,875,True,26.0,11000.0,66.0,39.0,Adamant knife(p).png,Adamant knife(p),1200.0,1789598404.0,15.0,1789598615.0
A finely balanced throwing knife.,5659,True,26.0,7000.0,66.0,39.0,Adamant knife(p+).png,Adamant knife(p+),866.0,1789170831.0,1001.0,1788328288.0
A finely balanced throwing knife.,5666,True,26.0,7000.0,66.0,39.0,Adamant knife(p++).png,Adamant knife(p++),608.0,1789505515.0,4.0,1789335808.0
A razor sharp longsword.,1301,False,1280.0,125.0,3200.0,1920.0,Adamant longsword.png,Adamant longsword,1748.0,1789651112.0,1488.0,1789654181.0
A spiky mace.,1430,False,576.0,125.0,1440.0,864.0,Adamant mace.png,Adamant mace,592.0,1789654261.0,592.0,1789654283.0
A medium sized helmet.,1145,False,768.0,125.0,1920.0,1152.0,Adamant med helm.png,Adamant med helm,902.0,1789654133.0,867.0,1789653493.0
Used for mining.,1271,False,1280.0,40.0,3200.0,1920.0,Adamant pickaxe.png,Adamant pickaxe,1723.0,1789654364.0,1554.0,1789654357.0
Provides excellent protection.,1123,False,6656.0,125.0,16640.0,9984.0,Adamant platebody.png,Adamant platebody,9477.0,1789654282.0,9408.0,1789654434.0
Adamant platebody with gold trim.,2607,False,6656.0,8.0,16640.0,9984.0,Adamant platebody (g).png,Adamant platebody (g),24034.0,1789645786.0,21099.0,1789653045.0
Adamant platebody with a heraldic design.,23392,False,6656.0,8.0,16640.0,9984.0,Adamant platebody (h1).png,Adamant platebody (h1),9249.0,1789651252.0,9249.0,1789650144.0
Adamant platebody with a heraldic design.,23395,False,6656.0,8.0,16640.0,9984.0,Adamant platebody (h2).png,Adamant platebody (h2),9442.0,1789583638.0,9069.0,1789650949.0
Adamant platebody with a heraldic design.,23398,False,6656.0,8.0,16640.0,9984.0,Adamant platebody (h3).png,Adamant platebody (h3),9225.0,1789650574.0,9062.0,1789649584.0
Adamant platebody with a heraldic design.,23401,False,6656.0,8.0,16640.0,9984.0,Adamant platebody (h4).png,Adamant platebody (h4),9328.0,1789650362.0,9175.0,1789653597.0
Adamant platebody with a heraldic design.,23404,False,6656.0,8.0,16640.0,9984.0,Adamant platebody (h5).png,Adamant platebody (h5),9233.0,1789615906.0,9750.0,1789650993.0
Adamant platebody with trim.,2599,False,6656.0,8.0,16640.0,9984.0,Adamant platebody (t).png,Adamant platebody (t),9899.0,1789617302.0,9777.0,1789633111.0
These look pretty heavy.,1073,False,2560.0,125.0,6400.0,3840.0,Adamant platelegs.png,Adamant platelegs,3650.0,1789654110.0,3305.0,1789654411.0
Adamant platelegs with gold trim.,2609,False,2560.0,8.0,6400.0,3840.0,Adamant platelegs (g).png,Adamant platelegs (g),24352.0,1789645836.0,12500.0,1789647746.0
Adamant platelegs with trim.,2601,False,2560.0,8.0,6400.0,3840.0,Adamant platelegs (t).png,Adamant platelegs (t),12500.0,1789617416.0,3633.0,1789651286.0
Designer leg protection.,1091,False,2560.0,125.0,6400.0,3840.0,Adamant plateskirt.png,Adamant plateskirt,3282.0,1789653805.0,3380.0,1789654248.0
Adamant plateskirt with gold trim.,3475,False,2560.0,8.0,6400.0,3840.0,Adamant plateskirt (g).png,Adamant plateskirt (g),6499.0,1789586880.0,3700.0,1789653042.0
Adamant plateskirt with trim.,3474,False,2560.0,8.0,6400.0,3840.0,Adamant plateskirt (t).png,Adamant plateskirt (t),4747.0,1789617302.0,4747.0,1789650813.0
"A vicious, curved sword.",1331,False,1024.0,125.0,2560.0,1536.0,Adamant scimitar.png,Adamant scimitar,2000.0,1789654129.0,1598.0,1789654223.0
Magical seeds in an adamant case.,29458,True,120.0,18000.0,300.0,180.0,Adamant seeds.png,Adamant seeds,106.0,1789653696.0,100.0,1789654358.0
"A set containing a full helm, platebody, legs and kiteshield.",13012,False,3200.0,8.0,8000.0,4800.0,Adamant set (lg).png,Adamant set (lg),18069.0,1789654357.0,18000.0,1789653439.0
"A set containing a full helm, platebody, skirt and kiteshield.",13014,False,3200.0,8.0,8000.0,4800.0,Adamant set (sk).png,Adamant set (sk),30000.0,1789644659.0,19924.0,1789548052.0
A shield with a heraldic design,7334,False,2176.0,70.0,5440.0,3264.0,Adamant shield (h1).png,Adamant shield (h1),6535.0,1789646749.0,2814.0,1789652935.0
A shield with a heraldic design,7340,False,2176.0,70.0,5440.0,3264.0,Adamant shield (h2).png,Adamant shield (h2),2679.0,1789236391.0,2839.0,1789652909.0
A shield with a heraldic design,7346,False,2176.0,70.0,5440.0,3264.0,Adamant shield (h3).png,Adamant shield (h3),2685.0,1789331461.0,2866.0,1789653396.0
A shield with a heraldic design,7352,False,2176.0,70.0,5440.0,3264.0,Adamant shield (h4).png,Adamant shield (h4),2943.0,1789636089.0,2854.0,1789653668.0
A shield with a heraldic design,7358,False,2176.0,70.0,5440.0,3264.0,Adamant shield (h5).png,Adamant shield (h5),2508.0,1789604521.0,2702.0,1789648372.0
An adamantite tipped spear.,1245,True,832.0,125.0,2080.0,1248.0,Adamant spear.png,Adamant spear,1100.0,1789651309.0,800.0,1789654209.0
A poisoned adamantite tipped spear.,1259,True,832.0,125.0,2080.0,1248.0,Adamant spear(p).png,Adamant spear(p),585.0,1789654112.0,577.0,1789651404.0
A poisoned adamantite tipped spear.,5712,True,832.0,125.0,2080.0,1248.0,Adamant spear(p+).png,Adamant spear(p+),2000.0,1789599395.0,668.0,1788107960.0
A poisoned adamantite tipped spear.,5726,True,832.0,125.0,2080.0,1248.0,Adamant spear(p++).png,Adamant spear(p++),7043.0,1789437873.0,15.0,1788335660.0
A medium square shield.,1183,False,1536.0,125.0,3840.0,2304.0,Adamant sq shield.png,Adamant sq shield,4000.0,1789654395.0,2000.0,1789654267.0
A razor sharp sword.,1287,False,832.0,125.0,2080.0,1248.0,Adamant sword.png,Adamant sword,1111.0,1789653732.0,1000.0,1789654164.0
A finely balanced throwing axe.,804,True,70.0,11000.0,176.0,105.0,Adamant thrownaxe.png,Adamant thrownaxe,276.0,1789604289.0,272.0,1789587689.0
"A set containing a full helm, platebody, legs and kiteshield.",13016,False,3200.0,8.0,8000.0,4800.0,Adamant trimmed set (lg).png,Adamant trimmed set (lg),38000.0,1789637975.0,38000.0,1789616650.0
"A set containing a full helm, platebody, skirt and kiteshield.",13018,False,3200.0,8.0,8000.0,4800.0,Adamant trimmed set (sk).png,Adamant trimmed set (sk),36104.0,1789325510.0,26000.0,1788856086.0
I don't think it's intended for joinery.,1345,False,1648.0,125.0,4120.0,2472.0,Adamant warhammer.png,Adamant warhammer,2733.0,1789653102.0,2530.0,1789653916.0
It's a bar of adamantite.,2361,False,256.0,10000.0,640.0,384.0,Adamantite bar.png,Adamantite bar,1894.0,1789654413.0,1870.0,1789654434.0
A pair of adamantite crossbow limbs.,9429,True,640.0,10000.0,1600.0,960.0,Adamantite limbs.png,Adamantite limbs,1000.0,1789598065.0,882.0,1789533842.0
Keeps things in place fairly permanently.,4823,True,18.0,13000.0,45.0,27.0,Adamantite nails.png,Adamantite nails,120.0,1789654336.0,110.0,1789654428.0
This needs refining.,449,False,160.0,4500.0,400.0,240.0,Adamantite ore.png,Adamantite ore,589.0,1789654432.0,570.0,1789654262.0
Much tastier than a normal fish pie.,7198,True,124.0,10000.0,310.0,186.0,Admiral pie.png,Admiral pie,135.0,1789654358.0,115.0,1789650964.0
A piece of the cosmos' soul? Or souls belonging to the cosmos?,30771,True,80.0,25000.0,200.0,120.0,Aether catalyst.png,Aether catalyst,365.0,1789653898.0,360.0,1789654421.0
A combined cosmic and soul rune.,30843,True,120.0,25000.0,300.0,180.0,Aether rune.png,Aether rune,793.0,1789654293.0,773.0,1789653828.0
Wild!,12430,True,273.0,4.0,684.0,410.0,Afro.png,Afro,35000.0,1789652322.0,33019.0,1789650813.0
One dose of fishy Agility potion.,11463,True,20.0,2000.0,50.0,30.0,Agility mix(1).png,Agility mix(1),1000.0,1789598360.0,1000.0,1789321082.0
Two doses of fishy Agility potion.,11461,True,40.0,2000.0,100.0,60.0,Agility mix(2).png,Agility mix(2),267.0,1789636352.0,267.0,1789641274.0
1 dose of Agility potion.,3038,True,20.0,2000.0,50.0,30.0,Agility potion(1).png,Agility potion(1),95.0,1789647324.0,15.0,1789626185.0
2 doses of Agility potion.,3036,True,40.0,2000.0,100.0,60.0,Agility potion(2).png,Agility potion(2),163.0,1789629699.0,85.0,1789631658.0
3 doses of Agility potion.,3034,True,60.0,2000.0,150.0,90.0,Agility potion(3).png,Agility potion(3),191.0,1789651533.0,186.0,1789651566.0
4 doses of Agility potion.,3032,True,80.0,2000.0,200.0,120.0,Agility potion(4).png,Agility potion(4),544.0,1789654226.0,365.0,1789653399.0
"A set containing an Ahrim's hood, robetop, robeskirt and staff.",12881,True,80000.0,8.0,200000.0,120000.0,Ahrim's armour set.png,Ahrim's armour set,3627998.0,1789654304.0,3553348.0,1789648834.0
Ahrim the Blighted's leather hood.,4708,True,5200.0,15.0,13000.0,7800.0,Ahrim's hood.png,Ahrim's hood,478282.0,1789654329.0,425994.0,1789654311.0
Ahrim the Blighted's leather hood.,4860,True,5200.0,15.0,13000.0,7800.0,Ahrim's hood 0.png,Ahrim's hood 0,335135.0,1789578850.0,372950.0,1789647305.0
Ahrim the Blighted's armoured robe skirt.,4714,True,18800.0,15.0,47000.0,28200.0,Ahrim's robeskirt.png,Ahrim's robeskirt,1451368.0,1789654312.0,1451368.0,1789653720.0
Ahrim the Blighted's armoured robe skirt.,4878,True,18800.0,15.0,47000.0,28200.0,Ahrim's robeskirt 0.png,Ahrim's robeskirt 0,1378854.0,1789646590.0,1362000.0,1789653554.0
Ahrim the Blighted's armoured robe top.,4712,True,20000.0,15.0,50000.0,30000.0,Ahrim's robetop.png,Ahrim's robetop,1485240.0,1789654309.0,1447219.0,1789653401.0
Ahrim the Blighted's armoured robe top.,4872,True,20000.0,15.0,50000.0,30000.0,Ahrim's robetop 0.png,Ahrim's robetop 0,1400000.0,1789646613.0,1367200.0,1789654035.0
Ahrim the Blighted's quarterstaff.,4710,True,34000.0,15.0,85000.0,51000.0,Ahrim's staff.png,Ahrim's staff,139899.0,1789654331.0,131500.0,1789654034.0
Ahrim the Blighted's quarterstaff.,4866,True,34000.0,15.0,85000.0,51000.0,Ahrim's staff 0.png,Ahrim's staff 0,75072.0,1789629676.0,79150.0,1789654069.0
It's a slightly magical stick.,1397,True,6200.0,18000.0,15500.0,9300.0,Air battlestaff.png,Air battlestaff,8801.0,1789654073.0,8782.0,1789654434.0
I wonder if I could use this to dry clothes quicker.,34404,True,8000.0,,20000.0,12000.0,Air diamond.png,Air diamond,249982.0,1789652862.0,250000.0,1789651176.0
A magic glowing orb.,573,True,120.0,11000.0,300.0,180.0,Air orb.png,Air orb,1452.0,1789654363.0,1421.0,1789654296.0
One of the 4 basic elemental Runes.,556,False,1.0,50000.0,4.0,2.0,Air rune.png,Air rune,6.0,1789654429.0,5.0,1789654378.0
A mysterious power emanates from the talisman...,1438,False,1.0,11000.0,4.0,2.0,Air talisman.png,Air talisman,157.0,1789653731.0,157.0,1789654367.0
A tiara infused with the properties of air.,5527,False,40.0,40.0,100.0,60.0,Air tiara.png,Air tiara,30.0,1789654256.0,25.0,1789651378.0
This is pretty well sealed.,4436,True,4.0,15.0,10.0,6.0,Airtight pot.png,Airtight pot,1431.0,1789653085.0,1342.0,1789645283.0
A special alchemical ingredient used for creating potions.,29993,True,40.0,13000.0,100.0,60.0,Aldarium.png,Aldarium,50300.0,1789652882.0,49555.0,1789654204.0
Ale of the gods.,20056,True,340.0,4.0,850.0,510.0,Ale of the gods.png,Ale of the gods,184561.0,1789654162.0,140000.0,1789653594.0
A pot filled with ale yeast.,5767,True,1.0,11000.0,1.0,1.0,Ale yeast.png,Ale yeast,984.0,1789654144.0,1740.0,1789649414.0
Maybe I can make something with this.,21347,True,1560.0,13000.0,3900.0,2340.0,Amethyst.png,Amethyst,2850.0,1789653600.0,2837.0,1789654314.0
Arrows with amethyst heads.,21326,True,196.0,11000.0,490.0,294.0,Amethyst arrow 5.png,Amethyst arrow,130.0,1789654434.0,130.0,1789654105.0
Venomous-looking arrows.,21332,True,196.0,11000.0,490.0,294.0,Amethyst arrow(p) 5.png,Amethyst arrow(p),318.0,1789632567.0,221.0,1789653457.0
Venomous-looking arrows.,21334,True,196.0,11000.0,490.0,294.0,Amethyst arrow(p+) 5.png,Amethyst arrow(p+),461.0,1789637052.0,330.0,1789629291.0
Venomous-looking arrows.,21336,True,196.0,11000.0,490.0,294.0,Amethyst arrow(p++) 5.png,Amethyst arrow(p++),686.0,1789654119.0,669.0,1789653455.0
I can make some arrows with these.,21350,True,98.0,10000.0,245.0,147.0,Amethyst arrowtips.png,Amethyst arrowtips,190.0,1789654406.0,186.0,1789650006.0
Amethyst bolt tips.,21338,True,64.0,11000.0,160.0,96.0,Amethyst bolt tips 5.png,Amethyst bolt tips,179.0,1789652691.0,171.0,1789653038.0
Crossbow bolts with amethyst broad tips.,21316,True,96.0,11000.0,240.0,144.0,Amethyst broad bolts 5.png,Amethyst broad bolts,213.0,1789654177.0,198.0,1789654328.0
A deadly throwing dart with an amethyst tip.,25849,True,160.0,11000.0,400.0,240.0,Amethyst dart.png,Amethyst dart,194.0,1789654424.0,190.0,1789654227.0
A deadly-looking dart tip made of amethyst - needs feathers for flight.,25853,True,80.0,11000.0,200.0,120.0,Amethyst dart tip.png,Amethyst dart tip,355.0,1789654433.0,353.0,1789647302.0
A deadly poisoned dart with an amethyst tip.,25851,True,160.0,11000.0,400.0,240.0,Amethyst dart(p).png,Amethyst dart(p),382.0,1789592635.0,281.0,1789651717.0
A deadly poisoned dart with an amethyst tip.,25855,True,160.0,11000.0,400.0,240.0,Amethyst dart(p+).png,Amethyst dart(p+),520.0,1789629293.0,385.0,1789653399.0
A deadly poisoned dart with an amethyst tip.,25857,True,160.0,11000.0,400.0,240.0,Amethyst dart(p++).png,Amethyst dart(p++),1500.0,1789649491.0,1373.0,1789652495.0
An amethyst tipped javelin.,21318,True,168.0,11000.0,420.0,252.0,Amethyst javelin.png,Amethyst javelin,162.0,1789652959.0,170.0,1789636299.0
Needs a shaft.,21352,True,608.0,10000.0,1520.0,912.0,Amethyst javelin tips 5.png,Amethyst javelin tips,569.0,1789654057.0,562.0,1789651723.0
An amethyst tipped javelin.,21320,True,168.0,7000.0,420.0,252.0,Amethyst javelin(p).png,Amethyst javelin(p),645.0,1789063969.0,150.0,1789237511.0
An amethyst tipped javelin.,21322,True,168.0,7000.0,420.0,252.0,Amethyst javelin(p+).png,Amethyst javelin(p+),950.0,1788291709.0,1191.0,1788894453.0
An amethyst tipped javelin.,21324,True,168.0,7000.0,420.0,252.0,Amethyst javelin(p++).png,Amethyst javelin(p++),1133.0,1789610482.0,79.0,1788447970.0
Used to make amulets.,1595,False,2.0,40.0,5.0,3.0,Amulet mould.png,Amulet mould,300.0,1789654308.0,50.0,1789650326.0
It increases my aim.,1478,False,40.0,5.0,100.0,60.0,Amulet of accuracy.png,Amulet of accuracy,2398.0,1789653524.0,2340.0,1789653738.0
Might be as light as a feather.,34407,True,8400.0,,21000.0,12600.0,Amulet of air.png,Amulet of air,290000.0,1789653996.0,293023.0,1789652191.0
A hauntingly beautiful amulet bearing the shape of a skull.,22557,True,18000.0,8.0,45000.0,27000.0,Amulet of avarice.png,Amulet of avarice,393698.0,1789652956.0,393698.0,1789654210.0
Saves seeds when planting in allotments.,21160,True,360.0,10000.0,900.0,540.0,Amulet of bounty.png,Amulet of bounty,999.0,1789651544.0,644.0,1789645693.0
Useful when making potions - has the chance of giving an extra dose.,21163,True,420.0,15000.0,1050.0,630.0,Amulet of chemistry.png,Amulet of chemistry,1654.0,1789654266.0,1650.0,1789653842.0
An enchanted emerald amulet of protection.,1729,False,510.0,125.0,1275.0,765.0,Amulet of defence.png,Amulet of defence,1074.0,1789652946.0,900.0,1789654187.0
An enchanted emerald amulet of protection that looks good.,23309,False,510.0,4.0,1275.0,765.0,Amulet of defence (t).png,Amulet of defence (t),3008.0,1789646019.0,2701.0,1789653460.0
Heavy is the amulet.,34419,True,8400.0,,21000.0,12600.0,Amulet of earth.png,Amulet of earth,410000.0,1789649904.0,400000.0,1789647004.0
A dragonstone amulet with an unlimited supply of magic charges.,19707,True,7050.0,5.0,17625.0,10575.0,Amulet of eternal glory.png,Amulet of eternal glory,62199991.0,1789650562.0,61000000.0,1789645053.0
I hope my clothes don't catch on fire.,34425,True,8400.0,,21000.0,12600.0,Amulet of fire.png,Amulet of fire,101700.0,1789654154.0,97182.0,1789653240.0
A very powerful onyx amulet.,6585,True,80800.0,8.0,202000.0,121200.0,Amulet of fury.png,Amulet of fury,2768299.0,1789654392.0,2760000.0,1789654177.0
A very powerful dragonstone amulet.,1704,True,7050.0,10000.0,17625.0,10575.0,Amulet of glory.png,Amulet of glory,11625.0,1789654368.0,11543.0,1789654430.0
A very powerful dragonstone amulet.,10362,True,7050.0,5.0,17625.0,10575.0,Amulet of glory (t).png,Amulet of glory (t),49984.0,1789623738.0,46589.0,1789624465.0
A very powerful dragonstone amulet.,10354,True,7050.0,5.0,17625.0,10575.0,Amulet of glory (t4).png,Amulet of glory (t4),50918.0,1789644322.0,45841.0,1789651042.0
A very powerful dragonstone amulet.,11964,True,7050.0,5.0,17625.0,10575.0,Amulet of glory (t6).png,Amulet of glory (t6),56414.0,1789652132.0,56414.0,1789627065.0
A dragonstone amulet with 4 magic charges.,1712,True,7050.0,10000.0,17625.0,10575.0,Amulet of glory(4).png,Amulet of glory(4),12000.0,1789654427.0,11906.0,1789654303.0
A dragonstone amulet with 6 magic charges.,11978,True,7050.0,10000.0,17625.0,10575.0,Amulet of glory(6).png,Amulet of glory(6),10314.0,1789654423.0,10187.0,1789654379.0
An enchanted sapphire amulet of magic.,1727,False,360.0,125.0,900.0,540.0,Amulet of magic.png,Amulet of magic,639.0,1789654173.0,635.0,1789653461.0
An enchanted sapphire amulet of magic.,10366,False,360.0,5.0,900.0,540.0,Amulet of magic (t).png,Amulet of magic (t),14999.0,1789652916.0,12000.0,1789651054.0
An enchanted diamond amulet of power.,1731,False,1410.0,125.0,3525.0,2115.0,Amulet of power.png,Amulet of power,2150.0,1789654400.0,2164.0,1789654258.0
An enchanted diamond amulet that looks good.,23354,False,1610.0,5.0,4025.0,2415.0,Amulet of power (t).png,Amulet of power (t),325852.0,1789652797.0,325852.0,1789654386.0
"A very powerful zenyte amulet, infused with araxyte venom.",29801,True,160000.0,8.0,400000.0,240000.0,Amulet of rancour.png,Amulet of rancour,48382309.0,1789654281.0,47500000.0,1789654374.0
An enchanted ruby amulet.,1725,False,810.0,125.0,2025.0,1215.0,Amulet of strength.png,Amulet of strength,1324.0,1789654401.0,1314.0,1789654343.0
Heirloom of an ancient family of Morytania.,12851,True,23200.0,8.0,58001.0,34800.0,Amulet of the Damned (full).png,Amulet of the Damned (full),34498.0,1789651726.0,33900.0,1789651759.0
A deep sense of torture burns within this powerful amulet.,19553,True,80800.0,8.0,202000.0,121200.0,Amulet of torture.png,Amulet of torture,19859349.0,1789654407.0,19600000.0,1789654396.0
I'm going to get my clothes wet wearing this.,34413,True,8400.0,,21000.0,12600.0,Amulet of water.png,Amulet of water,270000.0,1789653523.0,263443.0,1789645499.0
Good for enhancing a super energy potion.,12640,True,8.0,11000.0,20.0,12.0,Amylase crystal 5.png,Amylase crystal,524.0,1789653731.0,513.0,1789653648.0
The hat of a powerful sorceress from a bygone era.,21018,True,18000.0,8.0,45000.0,27000.0,Ancestral hat.png,Ancestral hat,47073940.0,1789653031.0,46960003.0,1789653160.0
The robe bottoms of a powerful sorceress from a bygone era.,21024,True,32000.0,8.0,80000.0,48000.0,Ancestral robe bottom.png,Ancestral robe bottom,68700000.0,1789651128.0,67819463.0,1789654153.0
The robe top of a powerful sorceress from a bygone era.,21021,True,48000.0,8.0,120000.0,72000.0,Ancestral robe top.png,Ancestral robe top,90000000.0,1789653482.0,89354723.0,1789654141.0
"A set containing an Ancestral hat, robe top and robe bottom.",21049,True,58000.0,5.0,145000.0,87000.0,Ancestral robes set.png,Ancestral robes set,208990000.0,1789652554.0,204390604.0,1789649957.0
Some nicely cooked anchovies.,319,False,6.0,15000.0,15.0,9.0,Anchovies.png,Anchovies,30.0,1789653821.0,30.0,1789654273.0
A pizza with anchovies.,2297,False,24.0,10000.0,60.0,36.0,Anchovy pizza.png,Anchovy pizza,570.0,1789652957.0,545.0,1789653296.0
"The misery that is now upon us is but the passing of greed, the bitterness of those who fear the way of progress.",20235,True,32.0,5.0,80.0,48.0,Ancient blessing.png,Ancient blessing,3888.0,1789654322.0,3879.0,1789654108.0
Ancient blessed dragonhide vambraces.,12490,True,1600.0,8.0,4000.0,2400.0,Ancient bracers.png,Ancient bracers,25000.0,1789653377.0,18002.0,1789653424.0
1 dose of ancient brew.,26346,True,50.0,2000.0,125.0,75.0,Ancient brew(1).png,Ancient brew(1),718.0,1789651876.0,279.0,1789646436.0
2 doses of ancient brew.,26344,True,60.0,2000.0,150.0,90.0,Ancient brew(2).png,Ancient brew(2),1138.0,1789493212.0,1110.0,1789652326.0
3 doses of ancient brew.,26342,True,70.0,2000.0,175.0,105.0,Ancient brew(3).png,Ancient brew(3),2200.0,1789626773.0,2026.0,1789654316.0
4 doses of ancient brew.,26340,True,80.0,2000.0,200.0,120.0,Ancient brew(4).png,Ancient brew(4),2925.0,1789653985.0,2865.0,1789654093.0
Some ceremonial boots dedicated to an ancient god.,26229,True,16000.0,8.0,40000.0,24000.0,Ancient ceremonial boots.png,Ancient ceremonial boots,23325.0,1789648443.0,22909.0,1789654007.0
Some ceremonial gloves dedicated to an ancient god.,26227,True,16000.0,8.0,40000.0,24000.0,Ancient ceremonial gloves.png,Ancient ceremonial gloves,23058.0,1789652505.0,22986.0,1789654012.0
Some ceremonial robes dedicated to an ancient god.,26223,True,32000.0,8.0,80000.0,48000.0,Ancient ceremonial legs.png,Ancient ceremonial legs,47150.0,1789653627.0,46750.0,1789654000.0
A ceremonial mask dedicated to an ancient god.,26225,True,20000.0,8.0,50000.0,30000.0,Ancient ceremonial mask.png,Ancient ceremonial mask,28975.0,1789654040.0,28964.0,1789653502.0
Some ceremonial robes dedicated to an ancient god.,26221,True,40000.0,8.0,100000.0,60000.0,Ancient ceremonial top.png,Ancient ceremonial top,59030.0,1789645077.0,58751.0,1789653998.0
Ancient blessed dragonhide chaps.,12494,True,2400.0,8.0,6000.0,3600.0,Ancient chaps.png,Ancient chaps,134862.0,1789652670.0,125168.0,1789653467.0
An Ancient cloak.,12197,True,800.0,8.0,2000.0,1200.0,Ancient cloak.png,Ancient cloak,11706.0,1789650285.0,7777.0,1789653578.0
Ancient blessed dragonhide coif.,12496,True,800.0,8.0,2000.0,1200.0,Ancient coif.png,Ancient coif,46043.0,1789653021.0,43001.0,1789652816.0
An Ancient crozier.,12199,True,2000.0,8.0,5000.0,3000.0,Ancient crozier.png,Ancient crozier,24999.0,1789642374.0,4532.0,1789652773.0
An ancient crystal containing magical energy.,21804,True,100000.0,250.0,250000.0,150000.0,Ancient crystal.png,Ancient crystal,154902.0,1789654160.0,149070.0,1789654065.0
Ancient blessed dragonhide body armour.,12492,True,5200.0,8.0,13000.0,7800.0,Ancient d'hide body.png,Ancient d'hide body,89459.0,1789654289.0,86654.0,1789653734.0
Ancient blessed dragonhide boots.,19921,True,3720.0,8.0,9300.0,5580.0,Ancient d'hide boots.png,Ancient d'hide boots,214994.0,1789653929.0,204750.0,1789653874.0
Ancient blessed wooden shield covered in dragon leather.,23197,True,11333.0,8.0,28334.0,17000.0,Ancient d'hide shield.png,Ancient d'hide shield,137062.0,1789644008.0,108004.0,1789648468.0
"A set containing an ancient dragonhide coif, body, chaps and bracers.",13171,True,3800.0,8.0,9500.0,5700.0,Ancient dragonhide set.png,Ancient dragonhide set,316666.0,1789654091.0,277494.0,1789647574.0
"A mysterious artifact of ancient times, very precious to emblem traders.",22302,True,3200000.0,250.0,8000000.0,4800000.0,Ancient effigy.png,Ancient effigy,7986005.0,1789635766.0,7986005.0,1789654259.0
"A mysterious artifact of ancient times, of some value to emblem traders.",21807,True,200000.0,250.0,500000.0,300000.0,Ancient emblem.png,Ancient emblem,498403.0,1789627175.0,498403.0,1789654345.0
Pure magical energy filled with a dark power.,27616,True,11.0,300000.0,28.0,16.0,Ancient essence 500.png,Ancient essence,18.0,1789654415.0,18.0,1789654354.0
Rune full helmet in the colours of a long-forgotten god.,12466,False,14080.0,8.0,35200.0,21120.0,Ancient full helm.png,Ancient full helm,21223.0,1789647815.0,24000.0,1789653427.0
"A mysterious, heavy sword.",26233,True,500000.0,8.0,1250000.0,750000.0,Ancient godsword.png,Ancient godsword,37000000.0,1789653545.0,36000000.0,1789653385.0
Brimming with potential.,26370,True,200000.0,,500000.0,300000.0,Ancient hilt.png,Ancient hilt,34576489.0,1789483202.0,34822134.0,1789651276.0
Rune kiteshield in the colours of a long-forgotten god.,12468,False,21760.0,8.0,54400.0,32640.0,Ancient kiteshield.png,Ancient kiteshield,35000.0,1789654396.0,33600.0,1789653300.0
It has ancient goblin symbols on it.,11061,True,400.0,8.0,1000.0,600.0,Ancient mace.png,Ancient mace,40000.0,1789650782.0,12000.0,1789653157.0
"A mysterious artifact of ancient times, precious to emblem traders.",22299,True,1600000.0,250.0,4000000.0,2400000.0,Ancient medallion.png,Ancient medallion,3994005.0,1789654143.0,3994005.0,1789653416.0
An Ancient mitre.,12203,True,2000.0,8.0,5000.0,3000.0,Ancient mitre.png,Ancient mitre,21655.0,1789654406.0,10069.0,1789653053.0
One dose of fishy ancient brew.,26353,True,50.0,,125.0,75.0,Ancient mix(1).png,Ancient mix(1),490000.0,1789328566.0,485000.0,1789433112.0
Two doses of fishy ancient brew.,26350,True,60.0,,150.0,90.0,Ancient mix(2).png,Ancient mix(2),1369.0,1789330880.0,2000.0,1788186860.0
This seems to have been torn from a book...,12621,True,160.0,5.0,400.0,240.0,Ancient page 1.png,Ancient page 1,4000.0,1789653359.0,2161.0,1789653341.0
This seems to have been torn from a book...,12622,True,160.0,5.0,400.0,240.0,Ancient page 2.png,Ancient page 2,5000.0,1789653351.0,2333.0,1789653392.0
This seems to have been torn from a book...,12623,True,160.0,5.0,400.0,240.0,Ancient page 3.png,Ancient page 3,8996.0,1789653093.0,2219.0,1789653774.0
This seems to have been torn from a book...,12624,True,160.0,5.0,400.0,240.0,Ancient page 4.png,Ancient page 4,5000.0,1789653387.0,3000.0,1789653966.0
Rune platebody in the colours of a long-forgotten god.,12460,False,26000.0,8.0,65000.0,39000.0,Ancient platebody.png,Ancient platebody,38586.0,1789647588.0,37743.0,1789651741.0
Rune platelegs in the colours of a long-forgotten god.,12462,False,25600.0,8.0,64000.0,38400.0,Ancient platelegs.png,Ancient platelegs,51000.0,1789640982.0,38103.0,1789652774.0
Rune plateskirt in the colours of a long-forgotten god.,12464,False,25600.0,8.0,64000.0,38400.0,Ancient plateskirt.png,Ancient plateskirt,37800.0,1789637431.0,37500.0,1789651235.0
"A mysterious artifact of ancient times, emblem traders will pay you extremely handsomely for this.",22305,True,6400000.0,250.0,16000000.0,9600000.0,Ancient relic.png,Ancient relic,15976992.0,1789627072.0,15976992.0,1789653510.0
Leggings from the Ancient Vestments.,12195,True,2800.0,8.0,7000.0,4200.0,Ancient robe legs.png,Ancient robe legs,24986.0,1789650698.0,17505.0,1789647238.0
Ancient Vestments.,12193,True,2800.0,8.0,7000.0,4200.0,Ancient robe top.png,Ancient robe top,30399.0,1789648580.0,25571.0,1789651505.0
"A set containing a full helm, platebody, legs and kiteshield.",13060,False,32000.0,8.0,80000.0,48000.0,Ancient rune armour set (lg).png,Ancient rune armour set (lg),148117.0,1789639586.0,156817.0,1789654366.0
"A set containing a full helm, platebody, skirt and kiteshield.",13062,False,32000.0,8.0,80000.0,48000.0,Ancient rune armour set (sk).png,Ancient rune armour set (sk),122925.0,1789624893.0,135606.0,1789618543.0
A magical staff of ancient origin...,4675,True,40000.0,70.0,100000.0,60000.0,Ancient staff.png,Ancient staff,60751.0,1789653576.0,59579.0,1789654252.0
"A mysterious artifact of ancient times, of substantial value to emblem traders.",21813,True,800000.0,250.0,2000000.0,1200000.0,Ancient statuette.png,Ancient statuette,1996155.0,1789626864.0,1996155.0,1789654332.0
An Ancient stole.,12201,True,1000.0,8.0,2500.0,1500.0,Ancient stole.png,Ancient stole,1910.0,1789652932.0,1253.0,1789646588.0
"A mysterious artifact of ancient times, of reasonable value to emblem traders.",21810,True,400000.0,250.0,1000000.0,600000.0,Ancient totem.png,Ancient totem,997273.0,1789648838.0,997203.0,1789654406.0
A magical shield with a wyvern visage.,21634,True,800000.0,8.0,2000000.0,1200000.0,Ancient wyvern shield (uncharged).png,Ancient wyvern shield,29629531.0,1789651536.0,28303379.0,1789653684.0
A salmon pink paint. This might look good on a boat.,32096,True,1.0,,1.0,1.0,Angler's paint.png,Angler's paint,10700000.0,1789653112.0,10129214.0,1789641667.0
I hope this tastes better than it looks.,13441,True,180.0,10000.0,450.0,270.0,Anglerfish.png,Anglerfish,1719.0,1789654423.0,1709.0,1789654401.0
Use on a necklace of anguish to make it look fancier!,22246,True,2000.0,4.0,5000.0,3000.0,Anguish ornament kit.png,Anguish ornament kit,207690.0,1789653619.0,200298.0,1789653581.0
These gloves will make your flesh transparent.,20101,True,1.0,4.0,1.0,1.0,Ankou gloves.png,Ankou gloves,2378600.0,1789645439.0,2272960.0,1789652029.0
This mask will make your flesh transparent.,20095,True,1.0,4.0,1.0,1.0,Ankou mask.png,Ankou mask,8299999.0,1789645430.0,7862371.0,1789650981.0
These socks will make your flesh transparent.,20107,True,1.0,4.0,1.0,1.0,Ankou socks.png,Ankou socks,2070960.0,1789652141.0,1970000.0,1789650992.0
This top will make your flesh transparent.,20098,True,1.0,4.0,1.0,1.0,Ankou top.png,Ankou top,16757975.0,1789650342.0,15952665.0,1789654163.0
These leggings will make your flesh transparent.,20104,True,1.0,4.0,1.0,1.0,Ankou's leggings.png,Ankou's leggings,6090188.0,1789652133.0,6043298.0,1789645398.0
"A teleport to Annakarl, in level 46 Wilderness.",12775,True,1.0,10000.0,1.0,1.0,Annakarl teleport (tablet).png,Annakarl teleport (tablet),3095.0,1789654122.0,3052.0,1789653530.0
Take this to an estate agent and ask them to redecorate your player-owned house for a Wilderness theme.,33015,True,,5.0,25000.0,,Annihilation blueprints.png,Annihilation blueprints,18896144.0,1789652887.0,18810027.0,1789649307.0
A scroll which unlocks the Deadman: Annihilation home teleport animation.,33018,True,,5.0,25000.0,,Annihilation teleport scroll.png,Annihilation teleport scroll,12800000.0,1789605193.0,12050000.0,1789558319.0
"Take this to Nigel to give the Toxic Staff of the Dead, Bow of Faerdhinen (c) or Crystal armour a cosmetic theme from Deadman: Annihilation.",33012,True,,5.0,25000.0,,Annihilation weapon scroll.png,Annihilation weapon scroll,14300000.0,1789643778.0,14100000.0,1789645439.0
This provides partial protection from dragonbreath attacks.,1540,False,8.0,125.0,20.0,12.0,Anti-dragon shield.png,Anti-dragon shield,105.0,1789654317.0,95.0,1789653788.0
A special salt used by experienced hunters to remove their sent from traps.,31712,True,4.0,,11.0,6.0,Anti-odour salt.png,Anti-odour salt,177.0,1789650659.0,165.0,1789649576.0
One dose of fishy super antipoison potion.,11475,True,57.0,2000.0,144.0,86.0,Anti-poison supermix(1).png,Anti-poison supermix(1),542.0,1789636524.0,101.0,1789637586.0
Two doses of fishy super antipoison potion.,11473,True,86.0,2000.0,216.0,129.0,Anti-poison supermix(2).png,Anti-poison supermix(2),501.0,1789654314.0,431.0,1789648205.0
1 dose of antivenom potion.,12911,True,44.0,2000.0,110.0,66.0,Anti-venom(1).png,Anti-venom(1),2745.0,1789644720.0,2170.0,1789650750.0
2 doses of antivenom potion.,12909,True,88.0,2000.0,220.0,132.0,Anti-venom(2).png,Anti-venom(2),4883.0,1789645907.0,4700.0,1789652140.0
3 doses of antivenom potion.,12907,True,132.0,2000.0,330.0,198.0,Anti-venom(3).png,Anti-venom(3),8142.0,1789629657.0,8976.0,1789654021.0
4 doses of antivenom potion.,12905,True,176.0,2000.0,440.0,264.0,Anti-venom(4).png,Anti-venom(4),11098.0,1789654428.0,11076.0,1789654188.0
1 dose of super antivenom potion.,12919,True,44.0,2000.0,111.0,66.0,Anti-venom+(1).png,Anti-venom+(1),3809.0,1789653962.0,3799.0,1789654060.0
2 doses of super antivenom potion.,12917,True,88.0,2000.0,222.0,133.0,Anti-venom+(2).png,Anti-venom+(2),9494.0,1789649243.0,8254.0,1789653976.0
3 doses of super antivenom potion.,12915,True,133.0,2000.0,333.0,199.0,Anti-venom+(3).png,Anti-venom+(3),12567.0,1789652375.0,9327.0,1789652769.0
4 doses of super antivenom potion.,12913,True,177.0,2000.0,444.0,266.0,Anti-venom+(4).png,Anti-venom+(4),14799.0,1789654244.0,14775.0,1789654161.0
One dose of fishy extra strength antidote potion.,11503,True,57.0,2000.0,144.0,86.0,Antidote+ mix(1).png,Antidote+ mix(1),988.0,1789459217.0,1211.0,1788928535.0
Two doses of fishy extra strength antidote potion.,11501,True,86.0,2000.0,216.0,129.0,Antidote+ mix(2).png,Antidote+ mix(2),764.0,1789571358.0,400.0,1789451084.0
1 dose of extra strong antipoison potion.,5949,True,57.0,4000.0,144.0,86.0,Antidote+(1).png,Antidote+(1),628.0,1789654095.0,200.0,1789653952.0
2 doses of extra strong antipoison potion.,5947,True,86.0,4000.0,216.0,129.0,Antidote+(2).png,Antidote+(2),927.0,1789650912.0,1323.0,1789638522.0
3 doses of extra strong antipoison potion.,5945,True,115.0,4000.0,288.0,172.0,Antidote+(3).png,Antidote+(3),1029.0,1789633562.0,745.0,1789651975.0
4 doses of extra strong antipoison potion.,5943,True,144.0,4000.0,360.0,216.0,Antidote+(4).png,Antidote+(4),2099.0,1789653554.0,1333.0,1789638538.0
1 dose of super strong antipoison potion.,5958,True,57.0,4000.0,144.0,86.0,Antidote++(1).png,Antidote++(1),2498.0,1789639387.0,2189.0,1789651997.0
2 doses of super strong antipoison potion.,5956,True,86.0,4000.0,216.0,129.0,Antidote++(2).png,Antidote++(2),4010.0,1789438342.0,4011.0,1789652341.0
3 doses of super strong antipoison potion.,5954,True,115.0,4000.0,288.0,172.0,Antidote++(3).png,Antidote++(3),6563.0,1789651285.0,5106.0,1789653881.0
4 doses of super strong antipoison potion.,5952,True,144.0,4000.0,360.0,216.0,Antidote++(4).png,Antidote++(4),9024.0,1789654334.0,8814.0,1789654433.0
One dose of fishy anti-firebreath potion.,11507,True,52.0,2000.0,132.0,79.0,Antifire mix(1).png,Antifire mix(1),35.0,1789605414.0,78.0,1789557814.0
Two doses of fishy anti-firebreath potion.,11505,True,79.0,2000.0,198.0,118.0,Antifire mix(2).png,Antifire mix(2),1962.0,1789640162.0,155.0,1789640609.0
1 dose of anti-firebreath potion.,2458,True,52.0,2000.0,132.0,79.0,Antifire potion(1).png,Antifire potion(1),211.0,1789653004.0,180.0,1789640996.0
2 doses of anti-firebreath potion.,2456,True,79.0,2000.0,198.0,118.0,Antifire potion(2).png,Antifire potion(2),518.0,1789653407.0,300.0,1789634099.0
3 doses of anti-firebreath potion.,2454,True,105.0,2000.0,264.0,158.0,Antifire potion(3).png,Antifire potion(3),707.0,1789652182.0,605.0,1789652994.0
4 doses of anti-firebreath potion.,2452,True,132.0,2000.0,330.0,198.0,Antifire potion(4).png,Antifire potion(4),889.0,1789654364.0,887.0,1789654063.0
One dose of fishy antipoison potion.,11435,True,57.0,2000.0,144.0,86.0,Antipoison mix(1).png,Antipoison mix(1),246.0,1788726063.0,401.0,1789444386.0
Two doses of fishy antipoison potion.,11433,True,86.0,2000.0,216.0,129.0,Antipoison mix(2).png,Antipoison mix(2),203.0,1789641216.0,203.0,1789640472.0
1 dose of antipoison potion.,179,False,57.0,2000.0,144.0,86.0,Antipoison(1).png,Antipoison(1),385.0,1789654002.0,118.0,1789653342.0
2 doses of antipoison potion.,177,False,86.0,2000.0,216.0,129.0,Antipoison(2).png,Antipoison(2),320.0,1789654076.0,298.0,1789653548.0
3 doses of antipoison potion.,175,False,115.0,2000.0,288.0,172.0,Antipoison(3).png,Antipoison(3),300.0,1789654220.0,281.0,1789652810.0
4 doses of antipoison potion.,2446,False,144.0,2000.0,360.0,216.0,Antipoison(4).png,Antipoison(4),460.0,1789654366.0,417.0,1789653878.0
Surprisingly flexible.,31081,True,40000.0,,100000.0,60000.0,Antler guard.png,Antler guard,440238.0,1789652746.0,421966.0,1789654032.0
A teleport to Ape Atoll.,19631,True,1.0,10000.0,1.0,1.0,Ape atoll teleport (tablet).png,Ape atoll teleport (tablet),4600.0,1789653990.0,4155.0,1789654088.0
A bucket of apple mush.,5992,True,5.0,11000.0,13.0,7.0,Apple mush.png,Apple mush,4000.0,1789398308.0,3500.0,1789478787.0
Mmm Apple pie.,2323,False,12.0,10000.0,30.0,18.0,Apple pie.png,Apple pie,112.0,1789650742.0,77.0,1789654241.0
This sapling is ready to be replanted in a fruit tree patch.,5496,True,1.0,200.0,1.0,1.0,Apple sapling.png,Apple sapling,1019.0,1789653348.0,456.0,1789653746.0
Plant in a plantpot of soil to grow a sapling.,5283,True,5.0,200.0,13.0,7.0,Apple tree seed 5.png,Apple tree seed,45.0,1789653002.0,26.0,1789653700.0
A fruit basket filled with apples.,5386,True,1.0,600.0,1.0,1.0,Apples(5).png,Apples(5),562.0,1789654223.0,592.0,1789652407.0
An apprentice level wand.,6910,True,600.0,125.0,1500.0,900.0,Apprentice wand.png,Apprentice wand,754723.0,1789647234.0,600001.0,1789618950.0
An autoloading contraption made of aquanite bits. Slimy.,32879,True,3200.0,,8000.0,4800.0,Aquanite hopper.png,Aquanite hopper,1241738.0,1789652449.0,1171074.0,1789651391.0
A tendon. How nice.,32876,True,2000.0,,5000.0,3000.0,Aquanite tendon.png,Aquanite tendon,1000000.0,1789640646.0,1020001.0,1789652399.0
Boots that are surrounded with spider folicles. Great web resistance!,29806,True,60000.0,8.0,150000.0,90000.0,Aranea boots.png,Aranea boots,727296.0,1789654364.0,704812.0,1789654292.0
Looks spicy!,29784,True,200.0,11000.0,500.0,300.0,Araxyte venom sac.png,Araxyte venom sac,1100.0,1789653444.0,1085.0,1789654404.0
Scrawled words that can invoke the power of the gods.,21079,True,32000.0,5.0,80000.0,48000.0,Arcane prayer scroll.png,Arcane prayer scroll,4500000.0,1789652959.0,4419065.0,1789653968.0
A sigil in the shape of an arcane symbol.,12827,True,300000.0,5.0,750000.0,450000.0,Arcane sigil.png,Arcane sigil,136605104.0,1789649786.0,136131040.0,1789653169.0
An ethereal shield with an arcane sigil attached to it.,12825,True,800000.0,8.0,2000000.0,1200000.0,Arcane spirit shield.png,Arcane spirit shield,135461594.0,1789653234.0,135050791.0,1789653261.0
An ancient banner baring the mark of the Arceuus Elders.,20251,True,28.0,4.0,70.0,42.0,Arceuus banner.png,Arceuus banner,1127.0,1789586157.0,1337.0,1789640908.0
A rare hood from Arceuus.,20113,True,1.0,4.0,1.0,1.0,Arceuus hood.png,Arceuus hood,2069.0,1789651058.0,2000.0,1789653433.0
A teleport to the Arceuus Library,19613,True,1.0,10000.0,1.0,1.0,Arceuus library teleport (tablet).png,Arceuus library teleport (tablet),2211.0,1789654330.0,2014.0,1789649613.0
A blue scarf adorned with a dark crystal.,19943,True,4000.0,4.0,10000.0,6000.0,Arceuus scarf.png,Arceuus scarf,5106.0,1789626109.0,5000.0,1789650680.0
This helmet is worn by archers.,3749,True,24000.0,70.0,60000.0,36000.0,Archer helm.png,Archer helm,42426.0,1789654035.0,39836.0,1789654347.0
The icon of an archer.,28298,True,3200.0,,8000.0,4800.0,Archer icon.png,Archer icon,2545000.0,1789643874.0,2603511.0,1789065405.0
A fabled ring that improves the wearer's skill with a bow...,6733,True,4000.0,8.0,10000.0,6000.0,Archers ring.png,Archers ring,2265000.0,1789654118.0,2212378.0,1789654050.0
I can exchange this for equipment.,1464,True,10.0,18000.0,25.0,15.0,Archery ticket.png,Archery ticket,15.0,1789650031.0,15.0,1789637197.0
Log cut from an arctic pine.,10810,True,14.0,11000.0,35.0,21.0,Arctic pine logs.png,Arctic pine logs,704.0,1789653850.0,666.0,1789654028.0
Arctic pine logs prepared with sacred oil for a funeral pyre.,10808,True,80.0,11000.0,200.0,120.0,Arctic pyre logs.png,Arctic pyre logs,2374.0,1789633415.0,2746.0,1789595687.0
Teleports you to Ardeaglais.,34033,True,4.0,,10.0,6.0,Ardeaglais teleport.png,Ardeaglais teleport,31000.0,1789653869.0,30902.0,1789654352.0
A teleport to East Ardougne.,8011,True,1.0,10000.0,1.0,1.0,Ardougne teleport (tablet).png,Ardougne teleport (tablet),480.0,1789654432.0,480.0,1789654063.0
A book about the Training Arena.,6891,True,1.0,15.0,1.0,1.0,Arena book.png,Arena book,2580.0,1789583301.0,2500.0,1789485699.0
Armadyl blessed dragonhide vambraces.,12506,True,1600.0,8.0,4000.0,2400.0,Armadyl bracers.png,Armadyl bracers,49000.0,1789654388.0,15001.0,1789652622.0
1 dose of Armadyl brewn.,31659,True,16.0,2000.0,40.0,24.0,Armadyl brew(1).png,Armadyl brew(1),600.0,1789590834.0,300.0,1789611261.0
2 doses of Armadyl brew.,31656,True,36.0,2000.0,90.0,54.0,Armadyl brew(2).png,Armadyl brew(2),661.0,1789596811.0,475.0,1789652075.0
3 doses of Armadyl brew.,31653,True,68.0,2000.0,170.0,102.0,Armadyl brew(3).png,Armadyl brew(3),800.0,1789650688.0,788.0,1789649821.0
4 doses of Armadyl brew.,31650,True,100.0,2000.0,250.0,150.0,Armadyl brew(4).png,Armadyl brew(4),1267.0,1789653894.0,1247.0,1789653377.0
A chainskirt of great craftsmanship.,11830,True,115960.0,8.0,289900.0,173940.0,Armadyl chainskirt.png,Armadyl chainskirt,27889856.0,1789653353.0,26465000.0,1789651592.0
Armadyl blessed dragonhide chaps.,12510,True,2400.0,8.0,6000.0,3600.0,Armadyl chaps.png,Armadyl chaps,163942.0,1789653728.0,146501.0,1789653922.0
Armour of great craftsmanship.,11828,True,116000.0,8.0,290000.0,174000.0,Armadyl chestplate.png,Armadyl chestplate,36123765.0,1789653248.0,35565277.0,1789651590.0
An Armadyl cloak.,12261,True,800.0,8.0,2000.0,1200.0,Armadyl cloak.png,Armadyl cloak,12657.0,1789652399.0,8000.0,1789654329.0
Armadyl blessed dragonhide coif.,12512,True,800.0,8.0,2000.0,1200.0,Armadyl coif.png,Armadyl coif,40688.0,1789653889.0,40848.0,1789652765.0
A weapon originally developed for Armadyl's forces.,11785,True,396000.0,8.0,990000.0,594000.0,Armadyl crossbow.png,Armadyl crossbow,35230852.0,1789654400.0,34444444.0,1789654059.0
An Armadyl crozier.,12263,True,2000.0,8.0,5000.0,3000.0,Armadyl crozier.png,Armadyl crozier,3522.0,1789643120.0,2100.0,1789636027.0
Armadyl blessed dragonhide body armour.,12508,True,5200.0,8.0,13000.0,7800.0,Armadyl d'hide body.png,Armadyl d'hide body,82999.0,1789652672.0,83703.0,1789653948.0
Armadyl blessed dragonhide boots.,19930,True,3720.0,8.0,9300.0,5580.0,Armadyl d'hide boots.png,Armadyl d'hide boots,219223.0,1789654360.0,215805.0,1789654206.0
Armadyl blessed wooden shield covered in dragon leather.,23200,True,11333.0,8.0,28334.0,17000.0,Armadyl d'hide shield.png,Armadyl d'hide shield,249999.0,1789649724.0,212593.0,1789646670.0
"A set containing an Armadyl dragonhide coif, body, chaps and bracers.",13169,True,3800.0,8.0,9500.0,5700.0,Armadyl dragonhide set.png,Armadyl dragonhide set,308019.0,1789654419.0,281000.0,1789650309.0
Rune full helmet in the colours of Armadyl.,12476,False,14080.0,8.0,35200.0,21120.0,Armadyl full helm.png,Armadyl full helm,20692.0,1789645454.0,20699.0,1789651780.0
"A beautiful, heavy sword.",11802,True,500000.0,8.0,1250000.0,750000.0,Armadyl godsword.png,Armadyl godsword,7956179.0,1789653731.0,7904596.0,1789653484.0
Use on an Armadyl godsword to make it look fancier!,20068,True,2000.0,4.0,5000.0,3000.0,Armadyl godsword ornament kit.png,Armadyl godsword ornament kit,90942.0,1789644037.0,90000.0,1789651716.0
A helmet of great craftsmanship.,11826,True,115600.0,8.0,289000.0,173400.0,Armadyl helmet.png,Armadyl helmet,9220182.0,1789653265.0,9009637.0,1789653506.0
Brimming with potential.,11810,True,200000.0,10000.0,500000.0,300000.0,Armadyl hilt.png,Armadyl hilt,7200000.0,1789599263.0,7220000.0,1789649941.0
Rune kiteshield in the colours of Armadyl.,12478,False,21760.0,8.0,54400.0,32640.0,Armadyl kiteshield.png,Armadyl kiteshield,41028.0,1789640216.0,31723.0,1789651899.0
An Armadyl mitre.,12259,True,2000.0,8.0,5000.0,3000.0,Armadyl mitre.png,Armadyl mitre,10698.0,1789653004.0,9950.0,1789653823.0
This seems to have been torn from a book...,12617,True,160.0,5.0,400.0,240.0,Armadyl page 1.png,Armadyl page 1,3000.0,1789653716.0,2615.0,1789653545.0
This seems to have been torn from a book...,12618,True,160.0,5.0,400.0,240.0,Armadyl page 2.png,Armadyl page 2,2418.0,1789653725.0,2112.0,1789654387.0
This seems to have been torn from a book...,12619,True,160.0,5.0,400.0,240.0,Armadyl page 3.png,Armadyl page 3,2856.0,1789653735.0,2500.0,1789653710.0
This seems to have been torn from a book...,12620,True,160.0,5.0,400.0,240.0,Armadyl page 4.png,Armadyl page 4,4560.0,1789652387.0,2150.0,1789652435.0
Rune platebody in the colours of Armadyl.,12470,False,26000.0,8.0,65000.0,39000.0,Armadyl platebody.png,Armadyl platebody,38900.0,1789622162.0,37600.0,1789651269.0
Rune platelegs in the colours of Armadyl.,12472,False,25600.0,8.0,64000.0,38400.0,Armadyl platelegs.png,Armadyl platelegs,37557.0,1789650689.0,37325.0,1789653092.0
Rune plateskirt in the colours of Armadyl.,12474,False,25600.0,8.0,64000.0,38400.0,Armadyl plateskirt.png,Armadyl plateskirt,37551.0,1789617971.0,37551.0,1789647406.0
Leggings from the Armadyl Vestments.,12255,True,2800.0,8.0,7000.0,4200.0,Armadyl robe legs.png,Armadyl robe legs,29348.0,1789653663.0,20533.0,1789654168.0
Armadyl Vestments.,12253,True,2800.0,8.0,7000.0,4200.0,Armadyl robe top.png,Armadyl robe top,25001.0,1789653611.0,21892.0,1789651073.0
"A set containing a full helm, platebody, legs and kiteshield.",13052,False,32000.0,8.0,80000.0,48000.0,Armadyl rune armour set (lg).png,Armadyl rune armour set (lg),138390.0,1789634934.0,137016.0,1789618667.0
"A set containing a full helm, platebody, skirt and kiteshield.",13054,False,32000.0,8.0,80000.0,48000.0,Armadyl rune armour set (sk).png,Armadyl rune armour set (sk),134886.0,1789641686.0,120000.0,1789619057.0
An Armadyl stole.,12257,True,1000.0,8.0,2500.0,1500.0,Armadyl stole.png,Armadyl stole,3144.0,1789654315.0,2999.0,1789654334.0
High grade material.,27269,True,40000.0,,100000.0,60000.0,Armadylean plate.png,Armadylean plate,8914345.0,1789619158.0,8914345.0,1789636543.0
"Take this to Nigel to give the imbued Saradomin, Guthix or Zamorak Cape a cosmetic theme from Deadman: Armageddon.",29628,True,10000.0,5.0,25000.0,15000.0,Armageddon cape fabric.png,Armageddon cape fabric,7444000.0,1789649836.0,7198363.0,1789612657.0
A fearsome yet stylish souvenir from Deadman: Armageddon.,29619,True,10000.0,5.0,25000.0,15000.0,Armageddon rug.png,Armageddon rug,3633423.0,1789643802.0,3317828.0,1789642620.0
A scroll which unlocks the Deadman: Armageddon home teleport animation.,29622,True,10000.0,5.0,25000.0,15000.0,Armageddon teleport scroll.png,Armageddon teleport scroll,11499000.0,1789605136.0,10700000.0,1789486350.0
"Take this to Nigel to give the Armadyl Godsword, Volatile Nightmare Staff, Dark Bow or Voidwaker a cosmetic theme from Deadman: Armageddon.",29625,True,10000.0,5.0,25000.0,15000.0,Armageddon weapon scroll.png,Armageddon weapon scroll,14999997.0,1789653870.0,14372066.0,1789654343.0
A wooden arrow shaft.,52,True,1.0,7000.0,1.0,1.0,Arrow shaft 5.png,Arrow shaft,2.0,1789654405.0,2.0,1789651272.0
Probably the finest ale in Asgarnia.,1905,False,1.0,2000.0,2.0,1.0,Asgarnian ale.png,Asgarnian ale,293.0,1789654376.0,110.0,1789647768.0
How does it all fit in there?,8520,True,4.0,500.0,10.0,6.0,Asgarnian ale (flatpack).png,Asgarnian ale (flatpack),10077.0,1789630094.0,3104.0,1789630229.0
This keg contains 4 pints of Asgarnian Ale.,5785,True,1.0,2000.0,1.0,1.0,Asgarnian ale(4).png,Asgarnian ale(4),40274.0,1789607886.0,21120.0,1789477641.0
This looks a good deal stronger than normal Asgarnian Ale.,5739,True,1.0,2000.0,2.0,1.0,Asgarnian ale(m).png,Asgarnian ale(m),75000.0,1789375626.0,26000.0,1789318324.0
This keg contains 4 pints of mature Asgarnian Ale.,5865,True,1.0,2000.0,1.0,1.0,Asgarnian ale(m4).png,Asgarnian ale(m4),100000.0,1788578982.0,100000.0,1788470697.0
A handful of Asgarnian Hops.,5996,True,2.0,11000.0,5.0,3.0,Asgarnian hops.png,Asgarnian hops,365.0,1789619973.0,350.0,1789634456.0
An Asgarnian hop seed - plant in a hops patch.,5308,True,1.0,2000.0,3.0,1.0,Asgarnian seed 5.png,Asgarnian seed,9.0,1789654119.0,7.0,1789653741.0
A heap of ashes.,592,False,1.0,13000.0,2.0,1.0,Ashes.png,Ashes,36.0,1789654402.0,35.0,1789654432.0
A posy of flowers.,2460,True,40.0,150.0,100.0,60.0,Assorted flowers.png,Assorted flowers,1000.0,1789653142.0,360.0,1789625992.0
Used for Lunar spells.,9075,True,20.0,25000.0,50.0,30.0,Astral rune.png,Astral rune,112.0,1789654421.0,111.0,1789654424.0
The remains of a deadly shade.,3402,True,1.0,7500.0,1.0,1.0,Asyn remains.png,Asyn remains,6326.0,1789624676.0,6666.0,1789646186.0
Quite big for a dart.,28991,True,196.0,11000.0,490.0,294.0,Atlatl dart 5.png,Atlatl dart,110.0,1789654408.0,103.0,1789654382.0
An atlatl dart shaft.,31004,True,88.0,11000.0,220.0,132.0,Atlatl dart shaft 5.png,Atlatl dart shaft,38.0,1789651930.0,37.0,1789648034.0
I can make some atlatl darts with these.,30998,True,98.0,10000.0,245.0,147.0,Atlatl dart tips 5.png,Atlatl dart tips,38.0,1789653938.0,38.0,1789653509.0
One dose of fishy Attack potion.,11431,True,2.0,2000.0,6.0,3.0,Attack mix(1).png,Attack mix(1),165.0,1789434242.0,10000.0,1786257838.0
Two doses of fishy Attack potion.,11429,True,3.0,2000.0,9.0,5.0,Attack mix(2).png,Attack mix(2),50.0,1789644111.0,50.0,1789641228.0
1 dose of Attack potion.,125,True,2.0,2000.0,6.0,3.0,Attack potion(1).png,Attack potion(1),18.0,1789624110.0,5.0,1789648084.0
2 doses of Attack potion.,123,True,3.0,2000.0,9.0,5.0,Attack potion(2).png,Attack potion(2),13.0,1789654265.0,10.0,1789653386.0
3 doses of Attack potion.,121,True,4.0,2000.0,12.0,7.0,Attack potion(3).png,Attack potion(3),11.0,1789653411.0,10.0,1789654010.0
4 doses of Attack potion.,2428,True,6.0,2000.0,15.0,9.0,Attack potion(4).png,Attack potion(4),24.0,1789652083.0,20.0,1789651793.0
A useful herb.,261,True,19.0,13000.0,48.0,28.0,Avantoe.png,Avantoe,1999.0,1789654246.0,1927.0,1789654434.0
I need another ingredient to finish this Avantoe potion.,103,True,19.0,10000.0,48.0,28.0,Avantoe potion (unf).png,Avantoe potion (unf),2212.0,1789654346.0,2206.0,1789653701.0
An avantoe seed - plant in a herb patch.,5298,True,3.0,200.0,8.0,4.0,Avantoe seed 5.png,Avantoe seed,255.0,1789653537.0,294.0,1789654431.0
Perhaps this could be used to create a defensive weapon.,22477,True,1000000.0,8.0,2500000.0,1500000.0,Avernic defender hilt.png,Avernic defender hilt,29132943.0,1789653899.0,28402123.0,1789653507.0
A finely crafted pair of boots.,31088,True,76800.0,8.0,192000.0,115200.0,Avernic treads.png,Avernic treads,139888888.0,1789653724.0,135902909.0,1789654373.0
A mysterious orb of unknown power. What could it do?,28334,True,30000.0,50.0,75000.0,45000.0,Awakener's orb.png,Awakener's orb,302562.0,1789654287.0,293330.0,1789654197.0
This might help me chop harder.,5751,True,1.0,2000.0,2.0,1.0,Axeman's folly.png,Axeman's folly,449.0,1789643723.0,400.0,1789644781.0
This keg contains 4 pints of Axeman's Folly.,5825,True,1.0,2000.0,1.0,1.0,Axeman's folly(4).png,Axeman's folly(4),17897.0,1789614164.0,8000.0,1789615688.0
This looks a good deal stronger than normal Axeman's Folly.,5753,True,1.0,2000.0,2.0,1.0,Axeman's folly(m).png,Axeman's folly(m),42000.0,1789646764.0,40945.0,1789638422.0
This keg contains 4 pints of mature Axeman's Folly.,5905,True,1.0,2000.0,1.0,1.0,Axeman's folly(m4).png,Axeman's folly(m4),200000.0,1789613096.0,146684.0,1789489115.0
Baby impling in a jar. That's a bit cruel.,11238,True,20.0,18000.0,50.0,30.0,Baby impling jar.png,Baby impling jar,2136.0,1789652417.0,2242.0,1789654125.0
Ew it's a pile of bones.,534,True,1.0,3000.0,1.0,1.0,Babydragon bones.png,Babydragon bones,974.0,1789653731.0,1036.0,1789653851.0
A bag of salt.,4161,True,4.0,8000.0,10.0,6.0,Bag of salt.png,Bag of salt,22.0,1789653974.0,29.0,1789652849.0
You can plant this in your garden.,8455,True,6000.0,10000.0,15000.0,9000.0,Bagged bluebells.png,Bagged bluebells,16000.0,1789652478.0,15000.0,1789635783.0
You can plant this in your garden.,8453,True,4000.0,10000.0,10000.0,6000.0,Bagged daffodils.png,Bagged daffodils,17045.0,1789644838.0,17045.0,1789635794.0
You can plant this in your garden.,8417,True,400.0,10000.0,1000.0,600.0,Bagged dead tree.png,Bagged dead tree,10000.0,1789646622.0,1425.0,1789639921.0
You can plant this in your garden.,8451,True,2000.0,10000.0,5000.0,3000.0,Bagged flower.png,Bagged flower,1749.0,1789640352.0,1749.0,1789640372.0
You can plant this in your garden.,8429,True,20000.0,10000.0,50000.0,30000.0,Bagged magic tree.png,Bagged magic tree,53690.0,1789648625.0,52000.0,1789648661.0
You can plant this in your garden.,8425,True,6000.0,10000.0,15000.0,9000.0,Bagged maple tree.png,Bagged maple tree,18258.0,1789653950.0,17297.0,1789628393.0
You can plant this in your garden.,8459,True,4000.0,10000.0,10000.0,6000.0,Bagged marigolds.png,Bagged marigolds,11018.0,1789644828.0,6400.0,1789588606.0
You can plant this in your garden.,8419,True,800.0,10000.0,2000.0,1200.0,Bagged nice tree.png,Bagged nice tree,3200.0,1789654378.0,3078.0,1789641345.0
You can plant this in your garden.,8421,True,2000.0,10000.0,5000.0,3000.0,Bagged oak tree.png,Bagged oak tree,6550.0,1789653838.0,6370.0,1789651916.0
You can plant this in your garden.,8431,True,400.0,10000.0,1000.0,600.0,Bagged plant 1.png,Bagged plant 1,1960.0,1789653515.0,1702.0,1789647571.0
You can plant this in your garden.,8433,True,2000.0,10000.0,5000.0,3000.0,Bagged plant 2.png,Bagged plant 2,6722.0,1789653773.0,6400.0,1789641322.0
You can plant this in your garden.,8435,True,4000.0,10000.0,10000.0,6000.0,Bagged plant 3.png,Bagged plant 3,14800.0,1789654338.0,12851.0,1789650511.0
You can plant this in your garden.,8461,True,6000.0,10000.0,15000.0,9000.0,Bagged roses.png,Bagged roses,22000.0,1789641019.0,15000.0,1789615031.0
You can plant this in your garden.,8457,True,2000.0,10000.0,5000.0,3000.0,Bagged sunflower.png,Bagged sunflower,7000.0,1789646654.0,6600.0,1789648878.0
You can plant this in your garden.,8423,True,4000.0,10000.0,10000.0,6000.0,Bagged willow tree.png,Bagged willow tree,15995.0,1789651598.0,13645.0,1789608223.0
You can plant this in your garden.,8427,True,8000.0,10000.0,20000.0,12000.0,Bagged yew tree.png,Bagged yew tree,25000.0,1789652191.0,22219.0,1789585625.0
It'd taste even better with some toppings.,6701,True,1.0,13000.0,4.0,2.0,Baked potato.png,Baked potato,135.0,1789640018.0,120.0,1789650051.0
A tightly bound bundle of flax.,31045,True,50.0,13000.0,125.0,75.0,Bale of flax.png,Bale of flax,195.0,1789646901.0,195.0,1789654278.0
Spun from sheeps' wool.,1759,False,1.0,13000.0,2.0,1.0,Ball of wool.png,Ball of wool,57.0,1789654408.0,53.0,1789653458.0
Sturdy struts.,19592,True,20000.0,8.0,50000.0,30000.0,Ballista limbs.png,Ballista limbs,28849.0,1789653033.0,28849.0,1789651658.0
A spring-loaded mechanism.,19601,True,20000.0,8.0,50000.0,30000.0,Ballista spring.png,Ballista spring,28832.0,1789652225.0,28832.0,1789650665.0
Mmm this looks tasty.,1963,False,1.0,13000.0,2.0,1.0,Banana.png,Banana,59.0,1789654226.0,58.0,1789654187.0
This sapling is ready to be replanted in a fruit tree patch.,5497,True,1.0,200.0,1.0,1.0,Banana sapling.png,Banana sapling,155.0,1789654239.0,137.0,1789653845.0
It's a bowl full of mushy banana.,4016,True,120.0,6000.0,300.0,180.0,Banana stew.png,Banana stew,4444.0,1789466221.0,250.0,1789427440.0
Plant in a plantpot of soil to grow a sapling.,5284,True,8.0,200.0,20.0,12.0,Banana tree seed 5.png,Banana tree seed,33.0,1789653433.0,35.0,1789654376.0
A fruit basket filled with bananas.,5416,True,1.0,600.0,1.0,1.0,Bananas(5).png,Bananas(5),751.0,1789654165.0,831.0,1789654299.0
Essential pirate wear.,8926,True,40.0,150.0,100.0,60.0,Bandana eyepatch (blue).png,Bandana eyepatch (blue),412.0,1789618941.0,100.0,1789616727.0
Essential pirate wear.,8927,True,40.0,150.0,100.0,60.0,Bandana eyepatch (brown).png,Bandana eyepatch (brown),1987.0,1789586413.0,150.0,1789496383.0
Essential pirate wear.,8925,True,40.0,150.0,100.0,60.0,Bandana eyepatch (red).png,Bandana eyepatch (red),300.0,1789615193.0,300.0,1789538537.0
Essential pirate wear.,8924,True,40.0,150.0,100.0,60.0,Bandana eyepatch (white).png,Bandana eyepatch (white),9000.0,1789539120.0,1090.0,1789512142.0
A cheeky little lager.,4627,True,200.0,2000.0,500.0,300.0,Bandit's brew.png,Bandit's brew,2196.0,1789653638.0,1467.0,1789650698.0
Some sturdy boots.,11836,True,115604.0,8.0,289010.0,173406.0,Bandos boots.png,Bandos boots,815974.0,1789654241.0,785701.0,1789654376.0
Bandos blessed dragonhide vambraces.,12498,True,1600.0,8.0,4000.0,2400.0,Bandos bracers.png,Bandos bracers,23000.0,1789653990.0,17001.0,1789652849.0
Bandos blessed dragonhide chaps.,12502,True,2400.0,8.0,6000.0,3600.0,Bandos chaps.png,Bandos chaps,125000.0,1789654405.0,112143.0,1789654096.0
A sturdy chestplate.,11832,True,116004.0,8.0,290010.0,174006.0,Bandos chestplate.png,Bandos chestplate,22644376.0,1789654345.0,22644376.0,1789654346.0
A Bandos cloak.,12273,True,800.0,8.0,2000.0,1200.0,Bandos cloak.png,Bandos cloak,72000.0,1789651960.0,57900.0,1789653449.0
Bandos blessed dragonhide coif.,12504,True,800.0,8.0,2000.0,1200.0,Bandos coif.png,Bandos coif,41535.0,1789653899.0,35864.0,1789652767.0
A Bandos crozier.,12275,True,2000.0,8.0,5000.0,3000.0,Bandos crozier.png,Bandos crozier,6500.0,1789652530.0,3300.0,1789651607.0
Bandos blessed dragonhide body armour.,12500,True,5200.0,8.0,13000.0,7800.0,Bandos d'hide body.png,Bandos d'hide body,87500.0,1789654078.0,76051.0,1789654093.0
Bandos blessed dragonhide boots.,19924,True,3720.0,8.0,9300.0,5580.0,Bandos d'hide boots.png,Bandos d'hide boots,107849.0,1789654405.0,91999.0,1789652813.0
Bandos blessed wooden shield covered in dragon leather.,23203,True,11333.0,8.0,28334.0,17000.0,Bandos d'hide shield.png,Bandos d'hide shield,140638.0,1789649353.0,133609.0,1789653579.0
"A set containing a Bandos dragonhide coif, body, chaps and bracers.",13167,True,3800.0,8.0,9500.0,5700.0,Bandos dragonhide set.png,Bandos dragonhide set,263003.0,1789652810.0,231774.0,1789636093.0
Rune full helmet in the colours of Bandos.,12486,False,14080.0,8.0,35200.0,21120.0,Bandos full helm.png,Bandos full helm,20902.0,1789648378.0,19999.0,1789651278.0
A brutally heavy sword.,11804,True,500000.0,8.0,1250000.0,750000.0,Bandos godsword.png,Bandos godsword,17946431.0,1789654267.0,17553332.0,1789654057.0
Use on a Bandos godsword to make it look fancier!,20071,True,2000.0,4.0,5000.0,3000.0,Bandos godsword ornament kit.png,Bandos godsword ornament kit,2183325.0,1789652924.0,2079948.0,1789653484.0
Brimming with potential.,11812,True,200000.0,10000.0,500000.0,300000.0,Bandos hilt.png,Bandos hilt,16700000.0,1789622114.0,16723000.0,1789650074.0
Rune kiteshield in the colours of Bandos.,12488,False,21760.0,8.0,54400.0,32640.0,Bandos kiteshield.png,Bandos kiteshield,13226.0,1789610584.0,32640.0,1789651335.0
A Bandos mitre.,12271,True,2000.0,8.0,5000.0,3000.0,Bandos mitre.png,Bandos mitre,18533.0,1789653579.0,11235.0,1789653592.0
This seems to have been torn from a book...,12613,True,160.0,5.0,400.0,240.0,Bandos page 1.png,Bandos page 1,561.0,1789654278.0,500.0,1789653716.0
This seems to have been torn from a book...,12614,True,160.0,5.0,400.0,240.0,Bandos page 2.png,Bandos page 2,2000.0,1789651282.0,1011.0,1789653372.0
This seems to have been torn from a book...,12615,True,160.0,5.0,400.0,240.0,Bandos page 3.png,Bandos page 3,901.0,1789645829.0,1250.0,1789653502.0
This seems to have been torn from a book...,12616,True,160.0,5.0,400.0,240.0,Bandos page 4.png,Bandos page 4,2000.0,1789650687.0,580.0,1789654312.0
Rune platebody in the colours of Bandos.,12480,False,26000.0,8.0,65000.0,39000.0,Bandos platebody.png,Bandos platebody,77776.0,1789652510.0,69666.0,1789652500.0
Rune platelegs in the colours of Bandos.,12482,False,25600.0,8.0,64000.0,38400.0,Bandos platelegs.png,Bandos platelegs,38063.0,1789653729.0,39966.0,1789654238.0
Rune plateskirt in the colours of Bandos.,12484,False,25600.0,8.0,64000.0,38400.0,Bandos plateskirt.png,Bandos plateskirt,38234.0,1789642639.0,37437.0,1789654359.0
Leggings from the Bandos Vestments.,12267,True,2800.0,8.0,7000.0,4200.0,Bandos robe legs.png,Bandos robe legs,15800.0,1789647298.0,16631.0,1789650875.0
Bandos Vestments.,12265,True,2800.0,8.0,7000.0,4200.0,Bandos robe top.png,Bandos robe top,47750.0,1789647317.0,29466.0,1789654165.0
"A set containing a full helm, platebody, legs and kiteshield.",13056,False,32000.0,8.0,80000.0,48000.0,Bandos rune armour set (lg).png,Bandos rune armour set (lg),160120.0,1789652751.0,141754.0,1789627684.0
"A set containing a full helm, platebody, skirt and kiteshield.",13058,False,32000.0,8.0,80000.0,48000.0,Bandos rune armour set (sk).png,Bandos rune armour set (sk),127908.0,1789621170.0,134832.0,1789638180.0
A Bandos stole.,12269,True,1000.0,8.0,2500.0,1500.0,Bandos stole.png,Bandos stole,2700.0,1789649878.0,4099.0,1789651235.0
A sturdy pair of tassets.,11834,True,115964.0,8.0,289910.0,173946.0,Bandos tassets.png,Bandos tassets,15110418.0,1789654355.0,15110418.0,1789654399.0
High grade material.,26394,True,40000.0,,100000.0,60000.0,Bandosian components.png,Bandosian components,7916821.0,1789645954.0,7155666.0,1789607810.0
I can make bolts with these.,47,True,38.0,11000.0,95.0,57.0,Barb bolttips.png,Barb bolttips,60.0,1789648657.0,75.0,1789637188.0
A mighty Hunter weapon. One previous owner.,10129,True,14.0,40.0,36.0,21.0,Barb-tail harpoon.png,Barb-tail harpoon,71.0,1789653507.0,100.0,1789619206.0
A teleport to Barbarian Outpost.,24955,True,1.0,10000.0,1.0,1.0,Barbarian teleport (tablet).png,Barbarian teleport (tablet),1698.0,1789652743.0,2000.0,1789627417.0
Great if you have a crossbow!,881,True,80.0,7000.0,200.0,120.0,Barbed bolts 5.png,Barbed bolts,74.0,1789562385.0,35.0,1789648910.0
Bark from a hollow tree.,3239,True,1.0,13000.0,1.0,1.0,Bark.png,Bark,55.0,1789653926.0,55.0,1789654249.0
A handful of Barley.,6006,True,1.0,11000.0,4.0,2.0,Barley.png,Barley,471.0,1789647937.0,471.0,1789617332.0
A handful of barley malt.,6008,True,1.0,11000.0,4.0,2.0,Barley malt.png,Barley malt,968.0,1789654416.0,728.0,1789653023.0
A barley seed - plant in a hops patch.,5305,True,1.0,2000.0,2.0,1.0,Barley seed 5.png,Barley seed,6.0,1789654265.0,6.0,1789653779.0
"Rum, lemon and... crushed barnacles?",31255,True,8.0,,20.0,12.0,Barnacle blaster.png,Barnacle blaster,420.0,1789621712.0,100.0,1789482740.0
A light blue paint. This might look good on a boat.,32087,True,1.0,,1.0,1.0,Barracuda paint.png,Barracuda paint,3760880.0,1789625648.0,3244611.0,1789646365.0
An empty barrel.,3216,True,1.0,15.0,1.0,1.0,Barrel.png,Barrel,632.0,1789654097.0,100.0,1789649518.0
Somebody's been avoiding their cardio...,30795,True,200.0,,500.0,300.0,Barrel of demonic tallow (full).png,Barrel of demonic tallow (full),22499.0,1789651750.0,17500.0,1789654239.0
A teleport to the Barrows.,19629,True,1.0,10000.0,1.0,1.0,Barrows teleport (tablet).png,Barrows teleport (tablet),3908.0,1789654392.0,3764.0,1789654389.0
The crushed rock looks like it may react to other materials.,22603,True,12.0,10000.0,30.0,18.0,Basalt.png,Basalt,1800.0,1789652453.0,1705.0,1789654134.0
The jaw of a Basilisk Knight.,24268,True,200000.0,,500000.0,300000.0,Basilisk jaw.png,Basilisk jaw,12867520.0,1789653998.0,12587952.0,1789654299.0
An empty fruit basket.,5376,True,1.0,10000.0,1.0,1.0,Basket.png,Basket,4.0,1789653390.0,4.0,1789654271.0
"Wow, this is a big fish.",365,True,16.0,6000.0,40.0,24.0,Bass.png,Bass,65.0,1789654168.0,42.0,1789654181.0
1 dose of Bastion potion.,22470,True,36.0,2000.0,90.0,54.0,Bastion potion(1).png,Bastion potion(1),3489.0,1789631020.0,3250.0,1789650735.0
2 doses of Bastion potion.,22467,True,72.0,2000.0,180.0,108.0,Bastion potion(2).png,Bastion potion(2),6681.0,1789608423.0,6535.0,1789650300.0
3 doses of Bastion potion.,22464,True,108.0,2000.0,270.0,162.0,Bastion potion(3).png,Bastion potion(3),11200.0,1789647514.0,10528.0,1789652519.0
4 doses of Bastion potion.,22461,True,144.0,2000.0,360.0,216.0,Bastion potion(4).png,Bastion potion(4),15026.0,1789654045.0,14551.0,1789654250.0
Ew it's a pile of bones.,530,True,1.0,3000.0,1.0,1.0,Bat bones.png,Bat bones,456.0,1789654185.0,456.0,1789652953.0
A deep tin used for baking gnome battas in.,2164,True,4.0,40.0,10.0,6.0,Batta tin.png,Batta tin,2172.0,1789638466.0,300.0,1789652755.0
A teleport to the Kebos Battlefront.,22949,True,1.0,10000.0,1.0,1.0,Battlefront teleport (tablet).png,Battlefront teleport (tablet),2461.0,1789654233.0,2461.0,1789654083.0
1 dose of Battlemage potion.,22458,True,36.0,2000.0,90.0,54.0,Battlemage potion(1).png,Battlemage potion(1),3404.0,1789557115.0,2199.0,1789652071.0
2 doses of Battlemage potion.,22455,True,72.0,2000.0,180.0,108.0,Battlemage potion(2).png,Battlemage potion(2),7829.0,1789538971.0,3000.0,1789634824.0
3 doses of Battlemage potion.,22452,True,108.0,2000.0,270.0,162.0,Battlemage potion(3).png,Battlemage potion(3),9908.0,1789587033.0,9908.0,1789623396.0
4 dose of Battlemage potion.,22449,True,144.0,2000.0,360.0,216.0,Battlemage potion(4).png,Battlemage potion(4),14694.0,1789654000.0,14050.0,1789653733.0
It's a slightly magical stick.,1391,True,2800.0,11000.0,7000.0,4200.0,Battlestaff.png,Battlestaff,7885.0,1789654214.0,7885.0,1789654429.0
Weeeeeee!,12245,True,240.0,4.0,600.0,360.0,Beanie.png,Beanie,2954.0,1789645476.0,2055.0,1789647308.0
Vicious bear slippers.,23291,False,400.0,4.0,1000.0,600.0,Bear feet.png,Bear feet,22000.0,1789650294.0,15000.0,1789653216.0
This would make warm clothing.,948,False,4.0,18000.0,10.0,6.0,Bear fur.png,Bear fur,43.0,1789654410.0,32.0,1789654292.0
A glass of frothy ale.,1917,False,1.0,2000.0,2.0,1.0,Beer.png,Beer,97.0,1789654285.0,97.0,1789654153.0
How does it all fit in there?,8516,True,4.0,500.0,10.0,6.0,Beer barrel (flatpack).png,Beer barrel (flatpack),5000.0,1789211406.0,500.0,1789296619.0
I need to fill this with beer.,1919,False,1.0,10000.0,2.0,1.0,Beer glass.png,Beer glass,21.0,1789654053.0,20.0,1789654394.0
Frothy and alcoholic.,3803,True,8.0,2000.0,20.0,12.0,Beer tankard.png,Beer tankard,800.0,1789636936.0,351.0,1789647012.0
A beginner level wand.,6908,True,480.0,125.0,1200.0,720.0,Beginner wand.png,Beginner wand,499998.0,1789649521.0,180000.0,1789649549.0
Also known as Deadly Nightshade - plant in a belladonna patch.,5281,True,70.0,200.0,177.0,106.0,Belladonna seed 5.png,Belladonna seed,113.0,1789651669.0,117.0,1789654187.0
An occult ring that grants immense slicing power.,28316,True,56000.0,,140000.0,84000.0,Bellator ring.png,Bellator ring,19426221.0,1789653960.0,18933625.0,1789653291.0
A well balanced blade adorned with gold.,31248,True,18000.0,15.0,45000.0,27000.0,Belle's folly.png,Belle's folly,84327.0,1789654256.0,80753.0,1789653521.0
This blade needs some work before it will be useable.,31245,True,18000.0,,45000.0,27000.0,Belle's folly (tarnished).png,Belle's folly (tarnished),87072.0,1789652717.0,92100.0,1789653896.0
This helmet is worn by berserkers.,3751,True,24000.0,70.0,60000.0,36000.0,Berserker helm.png,Berserker helm,39670.0,1789654210.0,38555.0,1789654295.0
The icon of a berserker.,28295,True,3200.0,,8000.0,4800.0,Berserker icon.png,Berserker icon,3990000.0,1789645780.0,4100001.0,1789503827.0
Makes obsidian weapons even stronger!,11128,True,80800.0,70.0,202000.0,121200.0,Berserker necklace.png,Berserker necklace,2862840.0,1789653680.0,2820580.0,1789652910.0
Use on the Berserker necklace to trim it with gold.,23237,True,2000.0,4.0,5000.0,3000.0,Berserker necklace ornament kit.png,Berserker necklace ornament kit,10800.0,1789642086.0,3971.0,1789653352.0
A ring reputed to bring out a berserk fury in its wearer.,6737,True,4000.0,8.0,10000.0,6000.0,Berserker ring.png,Berserker ring,4081677.0,1789654277.0,3975848.0,1789654432.0
Ew it's a pile of bones.,532,False,1.0,3000.0,1.0,1.0,Big bones.png,Big bones,319.0,1789654390.0,286.0,1789654427.0
Useful for catching lots of fish.,305,True,8.0,40.0,20.0,12.0,Big fishing net.png,Big fishing net,50.0,1789654350.0,50.0,1789653200.0
Yarrr!,12355,True,600.0,4.0,1500.0,900.0,Big pirate hat.png,Big pirate hat,237500.0,1789622849.0,134868.0,1789647139.0
A necklace embedded with mystical power.,5521,True,570.0,10000.0,1425.0,855.0,Binding necklace.png,Binding necklace,665.0,1789653757.0,606.0,1789654382.0
Feed and catch the birds by placing this in the right spot.,21512,True,2.0,250.0,5.0,3.0,Bird house.png,Bird house,433.0,1789652856.0,121.0,1789652349.0
It's an empty bird's nest.,5075,True,181.0,11000.0,453.0,271.0,Bird nest (empty).png,Bird nest (empty),4200.0,1789654311.0,4205.0,1789654431.0
A simple bird catcher.,10006,True,2.0,250.0,5.0,3.0,Bird snare.png,Bird snare,16.0,1789653534.0,16.0,1789654240.0
A two handed sword.,1313,False,768.0,125.0,1920.0,1152.0,Black 2h sword.png,Black 2h sword,912.0,1789653506.0,1021.0,1789654252.0
A sinister looking axe.,1361,False,153.0,40.0,384.0,230.0,Black axe.png,Black axe,1499.0,1789653203.0,1041.0,1789654236.0
A vicious looking axe.,1367,False,499.0,125.0,1248.0,748.0,Black battleaxe.png,Black battleaxe,367.0,1789644490.0,421.0,1789654126.0
A small round black bead.,1474,False,1.0,11000.0,4.0,2.0,Black bead.png,Black bead,1362.0,1789653445.0,1324.0,1789654382.0
Parlez-vous francais?,2635,True,32.0,4.0,80.0,48.0,Black beret.png,Black beret,53429.0,1789637775.0,27500.0,1789618435.0
Stylish!,7327,True,90.0,4.0,225.0,135.0,Black boater.png,Black boater,19000.0,1789654266.0,6062.0,1789653206.0
These will protect my feet.,4125,True,230.0,125.0,576.0,345.0,Black boots.png,Black boots,304.0,1789653368.0,300.0,1789654380.0
Blunt black arrow... ouch.,4788,True,14.0,11000.0,35.0,21.0,Black brutal 5.png,Black brutal,4564.0,1789526096.0,1712.0,1789594771.0
A ruby topped cane.,12375,True,240.0,4.0,600.0,360.0,Black cane.png,Black cane,2499.0,1789574541.0,2468.0,1789648848.0
A warm black cape.,1019,False,2.0,150.0,7.0,4.0,Black cape.png,Black cape,348.0,1789654250.0,215.0,1789653538.0
All for one and one for all!,2643,True,80.0,4.0,200.0,120.0,Black cavalier.png,Black cavalier,31919.0,1789642347.0,30000.0,1789652807.0
A series of connected metal rings.,1107,False,576.0,125.0,1440.0,864.0,Black chainbody.png,Black chainbody,2902.0,1789650147.0,800.0,1789648402.0
Just plain nasty.,11959,True,96.0,11000.0,240.0,144.0,Black chinchompa.png,Black chinchompa,3340.0,1789653814.0,3255.0,1789654400.0
A set of fighting claws.,3098,True,144.0,125.0,360.0,216.0,Black claws.png,Black claws,3661.0,1789653402.0,3200.0,1789649638.0
Made from 100% real dragonhide.,2503,True,5392.0,70.0,13480.0,8088.0,Black d'hide body.png,Black d'hide body,7400.0,1789654430.0,7306.0,1789654106.0
Made from 100% real dragonhide. With colourful trim!,12381,True,5392.0,8.0,13480.0,8088.0,Black d'hide body (g).png,Black d'hide body (g),19500.0,1789653962.0,15400.0,1789650045.0
Made from 100% real dragonhide. With colourful trim!,12385,True,5392.0,8.0,13480.0,8088.0,Black d'hide body (t).png,Black d'hide body (t),18999.0,1789650873.0,14184.0,1789653461.0
Made from 100% real dragonhide.,2497,True,2488.0,70.0,6220.0,3732.0,Black d'hide chaps.png,Black d'hide chaps,3620.0,1789653885.0,3448.0,1789654361.0
Made from 100% real dragonhide. With colourful trim!,12383,True,2488.0,8.0,6220.0,3732.0,Black d'hide chaps (g).png,Black d'hide chaps (g),64505.0,1789652769.0,61274.0,1789652178.0
Made from 100% real dragonhide. With colourful trim!,12387,True,2488.0,8.0,6220.0,3732.0,Black d'hide chaps (t).png,Black d'hide chaps (t),29818.0,1789653577.0,29818.0,1789653837.0
A solid redwood shield covered in black dragon leather.,22284,True,11333.0,125.0,28334.0,17000.0,Black d'hide shield.png,Black d'hide shield,20355.0,1789654389.0,18095.0,1789654174.0
Vambraces made from 100% real dragonhide.,2491,True,1728.0,70.0,4320.0,2592.0,Black d'hide vambraces.png,Black d'hide vambraces,1803.0,1789654346.0,1800.0,1789654246.0
A vicious black dagger.,1217,False,96.0,125.0,240.0,144.0,Black dagger.png,Black dagger,300.0,1789654297.0,250.0,1789654079.0
This dagger is poisoned.,1233,True,96.0,125.0,240.0,144.0,Black dagger(p).png,Black dagger(p),73.0,1789251523.0,100.0,1789644091.0
This dagger is poisoned.,5682,True,96.0,125.0,240.0,144.0,Black dagger(p+).png,Black dagger(p+),1168.0,1789317836.0,2335.0,1786678306.0
This dagger is poisoned.,5700,True,96.0,125.0,240.0,144.0,Black dagger(p++).png,Black dagger(p++),1973.0,1789570104.0,3749.0,1789589187.0
A deadly throwing dart with a black tip.,3093,True,1.0,7000.0,1.0,1.0,Black dart.png,Black dart,3444.0,1789594945.0,3616.0,1789621190.0
A deadly poisoned dart with a black tip.,3094,True,7.0,7000.0,18.0,10.0,Black dart(p).png,Black dart(p),99999.0,1787839724.0,99.0,1786727470.0
A deadly poisoned dart with a black tip.,5631,True,7.0,7000.0,18.0,10.0,Black dart(p+).png,Black dart(p+),50000.0,1789261805.0,500.0,1788125257.0
A deadly poisoned dart with a black tip.,5638,True,7.0,7000.0,18.0,10.0,Black dart(p++).png,Black dart(p++),99000.0,1786710931.0,1000.0,1788386116.0
Evil.,20026,True,1600.0,4.0,4000.0,2400.0,Black demon mask.png,Black demon mask,40000.0,1789628080.0,15286.0,1789654178.0
A desert robe stained black.,6752,True,12.0,15.0,30.0,18.0,Black desert robe.png,Black desert robe,108.0,1789653101.0,3000.0,1789650545.0
A desert shirt stained black.,6750,True,16.0,15.0,40.0,24.0,Black desert shirt.png,Black desert shirt,2000.0,1789642357.0,270.0,1789652076.0
It's a piece of prepared black dragonhide.,2509,True,44.0,11000.0,110.0,66.0,Black dragon leather.png,Black dragon leather,4480.0,1789653877.0,4412.0,1789653941.0
Do I look scary?,12524,True,4000.0,4.0,10000.0,6000.0,Black dragon mask.png,Black dragon mask,91826.0,1789654370.0,75147.0,1789653151.0
The scaly rough hide from a Black Dragon.,1747,True,60.0,11000.0,150.0,90.0,Black dragonhide.png,Black dragonhide,4044.0,1789653038.0,4045.0,1789654429.0
"A set containing a black dragonhide body, chaps and vambraces.",12871,True,2000.0,70.0,5000.0,3000.0,Black dragonhide set.png,Black dragonhide set,15104.0,1789654315.0,14179.0,1789647558.0
A rather elegant pair of men's black pantaloons.,10402,True,800.0,4.0,2000.0,1200.0,Black elegant legs.png,Black elegant legs,1583.0,1789653537.0,1000.0,1789653385.0
A well made elegant men's black shirt.,10400,True,800.0,4.0,2000.0,1200.0,Black elegant shirt.png,Black elegant shirt,7111.0,1789653633.0,3676.0,1789619663.0
A woodcutter's axe.,28205,True,153.0,,384.0,230.0,Black felling axe.png,Black felling axe,2195555.0,1789419612.0,1257777.0,1789420618.0
A posy of flowers.,2476,True,40.0,150.0,100.0,60.0,Black flowers.png,Black flowers,49000.0,1789650567.0,18855.0,1789654374.0
A full face helmet.,1165,False,422.0,125.0,1056.0,633.0,Black full helm.png,Black full helm,442.0,1789654350.0,187.0,1789653938.0
Black full helmet with gold trim.,2595,False,422.0,8.0,1056.0,633.0,Black full helm (g).png,Black full helm (g),98204.0,1789651963.0,75738.0,1789651265.0
Black full helmet with trim.,2587,False,422.0,8.0,1056.0,633.0,Black full helm (t).png,Black full helm (t),19375.0,1789651940.0,19274.0,1789649043.0
"A set containing a full helm, platebody, legs and kiteshield.",12996,False,1800.0,8.0,4500.0,2700.0,Black gold-trimmed set (lg).png,Black gold-trimmed set (lg),370000.0,1789648788.0,333633.0,1789640225.0
"A set containing a full helm, platebody, skirt and kiteshield.",12998,False,1800.0,8.0,4500.0,2700.0,Black gold-trimmed set (sk).png,Black gold-trimmed set (sk),348577.0,1789621581.0,348577.0,1789627214.0
A black halberd.,3196,True,768.0,125.0,1920.0,1152.0,Black halberd.png,Black halberd,6588.0,1789512382.0,2.0,1789649897.0
A minimalist's hat.,2647,True,16.0,4.0,40.0,24.0,Black headband.png,Black headband,2502.0,1789651421.0,1500.0,1789646535.0
A black helmet with a heraldic design.,10306,False,422.0,70.0,1056.0,633.0,Black helm (h1).png,Black helm (h1),4956.0,1789531786.0,4750.0,1789652347.0
A black helmet with a heraldic design.,10308,False,422.0,70.0,1056.0,633.0,Black helm (h2).png,Black helm (h2),4801.0,1789637331.0,4750.0,1789647618.0
A black helmet with a heraldic design.,10310,False,422.0,70.0,1056.0,633.0,Black helm (h3).png,Black helm (h3),2000.0,1789619101.0,1500.0,1789654022.0
A black helmet with a heraldic design.,10312,False,422.0,70.0,1056.0,633.0,Black helm (h4).png,Black helm (h4),3582.0,1789630670.0,1500.0,1789644073.0
A black helmet with a heraldic design.,10314,False,422.0,70.0,1056.0,633.0,Black helm (h5).png,Black helm (h5),5759.0,1789594914.0,2222.0,1789649235.0
A large metal shield.,1195,False,652.0,125.0,1632.0,979.0,Black kiteshield.png,Black kiteshield,960.0,1789652941.0,600.0,1789654312.0
Black kiteshield with gold trim.,2597,False,652.0,8.0,1632.0,979.0,Black kiteshield (g).png,Black kiteshield (g),101187.0,1789649252.0,100155.0,1789649185.0
Black kiteshield with trim.,2589,False,652.0,8.0,1632.0,979.0,Black kiteshield (t).png,Black kiteshield (t),9500.0,1789631078.0,7191.0,1789649145.0
A finely balanced throwing knife.,869,True,7.0,7000.0,19.0,11.0,Black knife.png,Black knife,38.0,1789653828.0,37.0,1789653602.0
A finely balanced throwing knife.,874,True,7.0,7000.0,18.0,10.0,Black knife(p).png,Black knife(p),99000.0,1789486326.0,19436.0,1789510743.0
A finely balanced throwing knife.,5658,True,7.0,7000.0,18.0,10.0,Black knife(p+).png,Black knife(p+),56983.0,1789431197.0,100000.0,1788755401.0
A finely balanced throwing knife.,5665,True,7.0,7000.0,18.0,10.0,Black knife(p++).png,Black knife(p++),8000.0,1788925381.0,1225.0,1789520846.0
"Try as they will, and try as they might, who steals me gold won't live through the night.",20246,True,2000.0,4.0,5000.0,3000.0,Black leprechaun hat.png,Black leprechaun hat,4000.0,1789650768.0,4000.0,1789651232.0
Perhaps someone can do something with this.,25448,True,1280.0,8.0,3200.0,1920.0,Black locks.png,Black locks,1584.0,1789650409.0,1555.0,1789633769.0
A razor sharp longsword.,1297,False,384.0,125.0,960.0,576.0,Black longsword.png,Black longsword,295.0,1789654180.0,267.0,1789651854.0
A spiky mace.,1426,False,172.0,125.0,432.0,259.0,Black mace.png,Black mace,810.0,1789652477.0,810.0,1789653317.0
An inert-seeming cave horror mask.,8921,True,1200.0,70.0,3000.0,1800.0,Black mask.png,Black mask,951510.0,1789653821.0,915156.0,1789653215.0
A magic cave horror mask.,8901,True,1200.0,70.0,3000.0,1800.0,Black mask (10).png,Black mask (10),920649.0,1789654042.0,891401.0,1789654271.0
A medium sized helmet.,1151,False,230.0,125.0,576.0,345.0,Black med helm.png,Black med helm,243.0,1789652719.0,190.0,1789651618.0
Keeps things in place fairly permanently.,4821,True,4.0,13000.0,12.0,7.0,Black nails.png,Black nails,2346.0,1789628890.0,2000.0,1789653617.0
Used for mining.,12297,False,58.0,4.0,145.0,87.0,Black pickaxe.png,Black pickaxe,3000.0,1789654206.0,2215.0,1789654242.0
Provides excellent protection.,1125,False,1536.0,125.0,3840.0,2304.0,Black platebody.png,Black platebody,2286.0,1789654192.0,2400.0,1789654397.0
Black platebody with gold trim.,2591,False,1536.0,8.0,3840.0,2304.0,Black platebody (g).png,Black platebody (g),121485.0,1789651855.0,115700.0,1789654342.0
Black plate body with a heraldic design.,23366,False,1536.0,8.0,3840.0,2304.0,Black platebody (h1).png,Black platebody (h1),2054.0,1789537570.0,2057.0,1789622986.0
Black plate body with a heraldic design.,23369,False,1536.0,8.0,3840.0,2304.0,Black platebody (h2).png,Black platebody (h2),400000.0,1789444627.0,2032.0,1789631087.0
Black plate body with a heraldic design.,23372,False,1536.0,8.0,3840.0,2304.0,Black platebody (h3).png,Black platebody (h3),1647.0,1789622804.0,943.0,1789654031.0
Black plate body with a heraldic design.,23375,False,1536.0,8.0,3840.0,2304.0,Black platebody (h4).png,Black platebody (h4),3006.0,1789653026.0,3006.0,1789647130.0
Black plate body with a heraldic design.,23378,False,1536.0,8.0,3840.0,2304.0,Black platebody (h5).png,Black platebody (h5),1799.0,1789640857.0,1799.0,1789632193.0
Black platebody with trim.,2583,False,1536.0,8.0,3840.0,2304.0,Black platebody (t).png,Black platebody (t),10506.0,1789630746.0,6000.0,1789649243.0
"Big, black and heavy looking.",1077,False,768.0,125.0,1920.0,1152.0,Black platelegs.png,Black platelegs,1397.0,1789654175.0,1243.0,1789654230.0
Black platelegs with gold trim.,2593,False,768.0,8.0,1920.0,1152.0,Black platelegs (g).png,Black platelegs (g),32198.0,1789653119.0,24596.0,1789649115.0
Black platelegs with trim.,2585,False,768.0,8.0,1920.0,1152.0,Black platelegs (t).png,Black platelegs (t),9895.0,1789631048.0,6005.0,1789650731.0
"Big, black and heavy looking.",1089,False,768.0,125.0,1920.0,1152.0,Black plateskirt.png,Black plateskirt,6650.0,1789649629.0,2040.0,1789654223.0
Black plateskirt with gold trim.,3473,False,768.0,8.0,1920.0,1152.0,Black plateskirt (g).png,Black plateskirt (g),2600.0,1789651841.0,111.0,1789649275.0
Black plateskirt with trim.,3472,False,768.0,8.0,1920.0,1152.0,Black plateskirt (t).png,Black plateskirt (t),1331.0,1789650225.0,1331.0,1789644040.0
I can do magic better in this.,581,False,5.0,125.0,13.0,7.0,Black robe.png,Black robe,658.0,1789653416.0,615.0,1789653965.0
Slightly slimy and somewhat menacing.,10148,True,80.0,125.0,200.0,120.0,Black salamander.png,Black salamander,471.0,1789654278.0,505.0,1789651030.0
"A vicious, curved sword.",1327,False,307.0,125.0,768.0,460.0,Black scimitar.png,Black scimitar,1440.0,1789654126.0,1402.0,1789654214.0
"A set containing a full helm, platebody, legs and kiteshield.",12988,False,1800.0,8.0,4500.0,2700.0,Black set (lg).png,Black set (lg),5300.0,1789654244.0,5186.0,1789613019.0
"A set containing a full helm, platebody, skirt and kiteshield.",12990,False,1800.0,8.0,4500.0,2700.0,Black set (sk).png,Black set (sk),7333.0,1789649284.0,7398.0,1789282090.0
A shield with a heraldic design,7332,False,652.0,70.0,1632.0,979.0,Black shield (h1).png,Black shield (h1),1740.0,1789628626.0,1728.0,1789649087.0
A shield with a heraldic design,7338,False,652.0,70.0,1632.0,979.0,Black shield (h2).png,Black shield (h2),99000.0,1789444532.0,1850.0,1789649158.0
A shield with a heraldic design,7344,False,652.0,70.0,1632.0,979.0,Black shield (h3).png,Black shield (h3),2143.0,1789622024.0,2070.0,1789653086.0
A shield with a heraldic design,7350,False,652.0,70.0,1632.0,979.0,Black shield (h4).png,Black shield (h4),14441.0,1789573193.0,1915.0,1789652918.0
A shield with a heraldic design,7356,False,652.0,70.0,1632.0,979.0,Black shield (h5).png,Black shield (h5),99000.0,1789444539.0,2554.0,1789652827.0
Clothing favoured by women and dark wizards.,1015,False,1.0,150.0,2.0,1.0,Black skirt.png,Black skirt,10.0,1789648792.0,10.0,1789651361.0
Leg covering favoured by women and wizards. With a colourful trim!,12445,False,1.0,4.0,2.0,1.0,Black skirt (g).png,Black skirt (g),33455.0,1789651504.0,24772.0,1789653959.0
Leg covering favoured by women and wizards. With a colourful trim!,12447,False,1.0,4.0,2.0,1.0,Black skirt (t).png,Black skirt (t),17292.0,1789653560.0,12500.0,1789644979.0
A black tipped spear.,4580,True,260.0,8.0,650.0,390.0,Black spear.png,Black spear,4128.0,1789653974.0,4200.0,1789654359.0
A poisoned black tipped spear.,4582,True,300.0,8.0,750.0,450.0,Black spear(p).png,Black spear(p),5728.0,1789256571.0,10000.0,1755468658.0
A poisoned black tipped spear.,5734,True,300.0,8.0,750.0,450.0,Black spear(p+).png,Black spear(p+),6092.0,1789149586.0,4218.0,1787329413.0
A poisoned black tipped spear.,5736,True,300.0,8.0,750.0,450.0,Black spear(p++).png,Black spear(p++),10047.0,1789589884.0,16361.0,1788491564.0
Vambraces made from 100% real dragonhide. Now with added spikiness.,10085,True,1728.0,125.0,4320.0,2592.0,Black spiky vambraces.png,Black spiky vambraces,5120.0,1789651342.0,3861.0,1789654243.0
A medium square shield.,1179,False,460.0,125.0,1152.0,691.0,Black sq shield.png,Black sq shield,240.0,1789628396.0,442.0,1789653437.0
A razor sharp sword.,1283,False,249.0,125.0,624.0,374.0,Black sword.png,Black sword,944.0,1789654243.0,929.0,1789654434.0
The blackened heart of the Grotesque Guardians.,21730,True,16600.0,5.0,41500.0,24900.0,Black tourmaline core.png,Black tourmaline core,510851.0,1789650689.0,490000.0,1789654370.0
A black toy horse.,2524,False,40.0,150.0,100.0,60.0,Black toy horsey.png,Black toy horsey,993.0,1789652063.0,300.0,1789654410.0
"A set containing a full helm, platebody, legs and kiteshield.",12992,False,1800.0,8.0,4500.0,2700.0,Black trimmed set (lg).png,Black trimmed set (lg),67928.0,1789616701.0,67928.0,1789606010.0
"A set containing a full helm, platebody, skirt and kiteshield.",12994,False,1800.0,8.0,4500.0,2700.0,Black trimmed set (sk).png,Black trimmed set (sk),99977.0,1789627309.0,104975.0,1789227260.0
Pointy shadows.,20266,True,400.0,4.0,1000.0,600.0,Black unicorn mask.png,Black unicorn mask,30000.0,1789629120.0,27913.0,1789651330.0
I don't think it's intended for joinery.,1341,False,392.0,125.0,980.0,588.0,Black warhammer.png,Black warhammer,373.0,1789644082.0,350.0,1789652948.0
There's a black warlock butterfly in here.,10014,True,28.0,125.0,70.0,42.0,Black warlock (item).png,Black warlock (item),199.0,1789638636.0,120.0,1789645321.0
There's a black warlock butterfly in here.,29207,True,28.0,,70.0,42.0,Black warlock mix (1).png,Black warlock mix (1),1785.0,1789400322.0,200.0,1789626222.0
There's a black warlock butterfly in here.,29189,True,28.0,,70.0,42.0,Black warlock mix (2).png,Black warlock mix (2),800.0,1789625059.0,750.0,1789561330.0
"A silly pointed hat, with colourful trim.",12453,False,1.0,4.0,2.0,1.0,Black wizard hat (g).png,Black wizard hat (g),201000.0,1789652492.0,190000.0,1789653005.0
"A silly pointed hat, with colourful trim.",12455,False,1.0,4.0,2.0,1.0,Black wizard hat (t).png,Black wizard hat (t),111000.0,1789652849.0,98042.0,1789652837.0
I can do magic better in this.,12449,False,6.0,4.0,15.0,9.0,Black wizard robe (g).png,Black wizard robe (g),194333.0,1789652508.0,179000.0,1789653007.0
I can do magic better in this.,12451,False,6.0,4.0,15.0,9.0,Black wizard robe (t).png,Black wizard robe (t),85000.0,1789652930.0,73000.0,1789650664.0
A smooth and rich Aldarin Red that's said to flutter on the tongue.,29944,True,120.0,,300.0,180.0,Blackbird red.png,Blackbird red,376.0,1789396415.0,5.0,1789408897.0
A helm worn by blacksmiths.,19988,True,1200.0,125.0,3000.0,1800.0,Blacksmith's helm.png,Blacksmith's helm,37500.0,1789640639.0,25000.0,1789649634.0
A magical elven sword.,23997,True,2000000.0,8.0,5000000.0,3000000.0,Blade of Saeldor (inactive).png,Blade of Saeldor (inactive),111000000.0,1789649652.0,108466710.0,1789653155.0
"A large bark coloured blamish snail shell, looks protective.",3353,True,60.0,13000.0,150.0,90.0,Blamish bark shell.png,Blamish bark shell,3963.0,1789652803.0,1124.0,1789608681.0
"A large blue coloured blamish snail shell, looks protective.",3361,True,60.0,13000.0,150.0,90.0,Blamish blue shell (pointed).png,Blamish blue shell (pointed),4696.0,1789651229.0,2499.0,1789618227.0
"A large blue coloured blamish snail shell, looks protective.",3351,True,60.0,13000.0,150.0,90.0,Blamish blue shell (round).png,Blamish blue shell (round),2574.0,1789653538.0,2543.0,1789652832.0
"A large 'Myre' coloured blamish snail shell, looks protective.",3355,True,60.0,13000.0,150.0,90.0,Blamish myre shell (pointed).png,Blamish myre shell (pointed),145.0,1789649696.0,3.0,1789612361.0
"A large 'Myre' coloured blamish snail shell, looks protective.",3345,True,60.0,13000.0,150.0,90.0,Blamish myre shell (round).png,Blamish myre shell (round),243.0,1789652945.0,226.0,1789635247.0
"A large ochre coloured blamish snail shell, looks protective.",3359,True,60.0,13000.0,150.0,90.0,Blamish ochre shell (pointed).png,Blamish ochre shell (pointed),1.0,1789586274.0,15000.0,1789001368.0
"A large ochre coloured blamish snail shell, looks protective.",3349,True,60.0,13000.0,150.0,90.0,Blamish ochre shell (round).png,Blamish ochre shell (round),669.0,1789631589.0,213.0,1789645551.0
"A large red and black blamish snail shell, looks protective.",3357,True,60.0,13000.0,150.0,90.0,Blamish red shell (pointed).png,Blamish red shell (pointed),769.0,1789529485.0,2024.0,1789608400.0
"A large red and black blamish snail shell, looks protective.",3347,True,60.0,13000.0,150.0,90.0,Blamish red shell (round).png,Blamish red shell (round),7000.0,1789584355.0,305.0,1789634030.0
An ethereal shield that has been blessed with holy powers.,12831,True,480000.0,8.0,1200000.0,720000.0,Blessed spirit shield.png,Blessed spirit shield,1013688.0,1789653173.0,986666.0,1789651974.0
"Enough power for any Ice spell, blighted so it can be used only in the Wilderness.",24607,True,14.0,15000.0,35.0,21.0,Blighted ancient ice sack.png,Blighted ancient ice sack,500.0,1789654249.0,490.0,1789654425.0
"An unappetising fish, now blighted so it can be eaten only in the Wilderness.",24592,True,20.0,10000.0,50.0,30.0,Blighted anglerfish.png,Blighted anglerfish,95.0,1789654388.0,94.0,1789654421.0
"Enough power for a Bind, blighted so it can be used only in the Wilderness.",24609,True,1.0,10000.0,1.0,1.0,Blighted bind sack.png,Blighted bind sack,39.0,1774376959.0,15.0,1774376957.0
"Enough power for an Entangle, blighted so it can be used only in the Wilderness.",24613,True,12.0,15000.0,30.0,18.0,Blighted entangle sack.png,Blighted entangle sack,43.0,1789653961.0,42.0,1789654409.0
"A nutritious octopus, now blighted so it can be eaten only in the Wilderness.",24595,True,20.0,10000.0,50.0,30.0,Blighted karambwan.png,Blighted karambwan,49.0,1789654227.0,46.0,1789654275.0
"A rare catch, now blighted so it can be eaten only in the Wilderness.",24589,True,20.0,10000.0,50.0,30.0,Blighted manta ray.png,Blighted manta ray,96.0,1789653346.0,106.0,1789654425.0
"Enough power for a Snare, blighted so it can be used only in the Wilderness.",24611,True,1.0,10000.0,1.0,1.0,Blighted snare sack.png,Blighted snare sack,128.0,1774376964.0,54.0,1774376962.0
"4 doses of super restore potion, blighted so it can be used only in the Wilderness.",24598,True,16.0,2000.0,40.0,24.0,Blighted super restore(4).png,Blighted super restore(4),3097.0,1789654426.0,3019.0,1789654422.0
"Enough power for a Teleblock or a Teleport to Target, blighted so it can be used only in the Wilderness.",24615,True,12.0,10000.0,32.0,19.0,Blighted teleport spell sack.png,Blighted teleport spell sack,60.0,1789653718.0,58.0,1789654365.0
"Enough power for a Vengeance, blighted so it can be used only in the Wilderness.",24621,True,12.0,10000.0,31.0,18.0,Blighted vengeance sack.png,Blighted vengeance sack,73.0,1789654382.0,72.0,1789654331.0
"A set containing a Blood moon helm, Blood moon chestplate, Blood moon tassets and Dual macuahuitl.",31136,True,58000.0,2.0,145000.0,87000.0,Blood Moon armour set.png,Blood Moon armour set,18537698.0,1789654421.0,18517765.0,1789653987.0
The chestplate of the Blood Moon.,29022,True,116004.0,15.0,290010.0,174006.0,Blood Moon chestplate.png,Blood Moon chestplate,4013032.0,1789654068.0,3947530.0,1789653473.0
The chestplate of the Blood Moon.,29067,True,116004.0,15.0,290010.0,174006.0,Blood Moon chestplate (broken).png,Blood Moon chestplate (broken),3093866.0,1789507863.0,3021879.0,1789651390.0
The helm of the Blood Moon.,29028,True,41200.0,15.0,103000.0,61800.0,Blood Moon helm.png,Blood Moon helm,865670.0,1789653321.0,845454.0,1789654406.0
The helm of the Blood Moon.,29073,True,41200.0,15.0,103000.0,61800.0,Blood Moon helm (broken).png,Blood Moon helm (broken),97268.0,1789507802.0,85000.0,1789653907.0
The tassets of the Blood Moon.,29025,True,115964.0,15.0,289910.0,173946.0,Blood Moon tassets.png,Blood Moon tassets,9071923.0,1789653683.0,8853984.0,1789654412.0
The tassets of the Blood Moon.,29070,True,115964.0,15.0,289910.0,173946.0,Blood Moon tassets (broken).png,Blood Moon tassets (broken),8149000.0,1789541387.0,7942522.0,1789651393.0
A blood-filled essence with magical properties.,26390,True,40000.0,500.0,100000.0,60000.0,Blood essence.png,Blood essence,85533.0,1789654024.0,84500.0,1789654403.0
It's literally a pint of blood.,24774,True,1.0,2000.0,2.0,1.0,Blood pint.png,Blood pint,104.0,1789649084.0,80.0,1789650265.0
Used for high level missile spells.,565,True,160.0,25000.0,400.0,240.0,Blood rune.png,Blood rune,344.0,1789654422.0,341.0,1789654432.0
A magical shard filled with a dark power.,24777,True,80000.0,8.0,200000.0,120000.0,Blood shard.png,Blood shard,7771370.0,1789654351.0,7771370.0,1789654227.0
A mysterious power emanates from the talisman...,1450,True,1.0,,4.0,2.0,Blood talisman.png,Blood talisman,94422.0,1789609996.0,72147.0,1789574638.0
A tiara infused with the properties of blood.,5549,True,200.0,,500.0,300.0,Blood tiara.png,Blood tiara,123438.0,1789645005.0,129934.0,1789616816.0
A red and black Snail shell helmet.,3329,True,120.0,150.0,300.0,180.0,Blood'n'tar snelm.png,Blood'n'tar snelm,25000.0,1789447620.0,1000.0,1789647032.0
"A set containing a Bloodbark helm, Bloodbark body, Bloodbark legs, Bloodbark boots and Bloodbark gloves.",31163,True,58000.0,2.0,145000.0,87000.0,Bloodbark armour set.png,Bloodbark armour set,623999.0,1789654367.0,617180.0,1789650008.0
Keeps my chest protected.,25404,True,48000.0,70.0,120000.0,72000.0,Bloodbark body.png,Bloodbark body,207000.0,1789654205.0,200123.0,1789653780.0
Great foot protection.,25410,True,4000.0,,10000.0,6000.0,Bloodbark boots.png,Bloodbark boots,56804.0,1789654231.0,49002.0,1789654344.0
These should protect my hands.,25407,True,4000.0,70.0,10000.0,6000.0,Bloodbark gauntlets.png,Bloodbark gauntlets,43065.0,1789650216.0,41650.0,1789653945.0
A rather interesting smelling helmet.,25413,True,6000.0,,15000.0,9000.0,Bloodbark helm.png,Bloodbark helm,106999.0,1789652639.0,106210.0,1789653236.0
Strong leg protection.,25416,True,32000.0,70.0,80000.0,48000.0,Bloodbark legs.png,Bloodbark legs,222600.0,1789654297.0,217517.0,1789653950.0
A coagulated concoction.,22430,True,4.0,2000.0,10.0,6.0,Bloody bracer.png,Bloody bracer,1579.0,1789613066.0,2311.0,1789338422.0
"A set containing a Blue moon helm, Blue moon chestplate, Blue moon tassets and Blue moon spear.",31139,True,58000.0,2.0,145000.0,87000.0,Blue Moon armour set.png,Blue Moon armour set,6249040.0,1789654395.0,5987654.0,1789652439.0
The chestplate of the Blue Moon.,29013,True,116004.0,15.0,290010.0,174006.0,Blue Moon chestplate.png,Blue Moon chestplate,1429574.0,1789654192.0,1381814.0,1789654375.0
The chestplate of the Blue Moon.,29058,True,116004.0,15.0,290010.0,174006.0,Blue Moon chestplate (broken).png,Blue Moon chestplate (broken),542143.0,1789475753.0,551005.0,1789652782.0
The helm of the Blue Moon.,29019,True,41200.0,15.0,103000.0,61800.0,Blue Moon helm.png,Blue Moon helm,654530.0,1789654177.0,644000.0,1789654372.0
The helm of the Blue Moon.,29064,True,41200.0,15.0,103000.0,61800.0,Blue Moon helm (broken).png,Blue Moon helm (broken),62077.0,1789512577.0,59900.0,1789652815.0
A magical staff of ancient origin...,28988,True,40000.0,15.0,100000.0,60000.0,Blue Moon spear.png,Blue Moon spear,327176.0,1789653415.0,314752.0,1789654340.0
The tassets of the Blue Moon.,29016,True,115964.0,15.0,289910.0,173946.0,Blue Moon tassets.png,Blue Moon tassets,3675459.0,1789654184.0,3624000.0,1789652539.0
The tassets of the Blue Moon.,29061,True,115964.0,15.0,289910.0,173946.0,Blue Moon tassets (broken).png,Blue Moon tassets (broken),3106745.0,1788797354.0,2915000.0,1789650851.0
Parlez-vous francais?,2633,True,32.0,4.0,80.0,48.0,Blue beret.png,Blue beret,4526.0,1789612339.0,6552.0,1789642289.0
Stylish!,7325,True,90.0,4.0,225.0,135.0,Blue boater.png,Blue boater,6743.0,1789651975.0,1000.0,1789628308.0
"They're soft, silky and blue.",630,True,80.0,150.0,200.0,120.0,Blue boots.png,Blue boots,1930.0,1789654398.0,1871.0,1789653951.0
A thick blue cape.,1021,False,12.0,150.0,32.0,19.0,Blue cape.png,Blue cape,298.0,1789653010.0,298.0,1789651385.0
You'll need something to break through that shell.,31674,True,50.0,,125.0,75.0,Blue crab.png,Blue crab,452.0,1789596074.0,390.0,1789651136.0
This looks tricky to eat.,31695,True,60.0,,150.0,90.0,Blue crab meat.png,Blue crab meat,120.0,1789616379.0,342.0,1789156385.0
Made from 100% real dragonhide.,2499,True,3744.0,125.0,9360.0,5616.0,Blue d'hide body.png,Blue d'hide body,5130.0,1789654301.0,4998.0,1789653655.0
Made from 100% real dragonhide. With colourful trim!,7374,True,3744.0,8.0,9360.0,5616.0,Blue d'hide body (g).png,Blue d'hide body (g),9424.0,1789652238.0,5066.0,1789652692.0
Made from 100% real dragonhide. With colourful trim!,7376,True,3744.0,8.0,9360.0,5616.0,Blue d'hide body (t).png,Blue d'hide body (t),4862.0,1789652670.0,4170.0,1789652421.0
Made from 100% real dragonhide.,2493,True,1728.0,125.0,4320.0,2592.0,Blue d'hide chaps.png,Blue d'hide chaps,3000.0,1789654419.0,2200.0,1789654243.0
Made from 100% real dragonhide. With colourful trim!,7382,True,1728.0,8.0,4320.0,2592.0,Blue d'hide chaps (g).png,Blue d'hide chaps (g),10000.0,1789652295.0,2209.0,1789653089.0
Made from 100% real dragonhide. With colourful trim!,7384,True,1728.0,8.0,4320.0,2592.0,Blue d'hide chaps (t).png,Blue d'hide chaps (t),4550.0,1789652570.0,2024.0,1789651303.0
A solid yew shield covered in blue dragon leather.,22278,True,3000.0,125.0,7500.0,4500.0,Blue d'hide shield.png,Blue d'hide shield,4501.0,1789652893.0,4352.0,1789652615.0
Vambraces made from 100% real dragonhide.,2487,True,1200.0,125.0,3000.0,1800.0,Blue d'hide vambraces.png,Blue d'hide vambraces,1329.0,1789654414.0,1286.0,1789654246.0
Paints things blue!,12757,True,1.0,4.0,1.0,1.0,Blue dark bow paint.png,Blue dark bow paint,234536.0,1789565309.0,1516439.0,1789613714.0
It's a piece of prepared blue dragonhide.,2505,True,28.0,13000.0,70.0,42.0,Blue dragon leather.png,Blue dragon leather,2128.0,1789653471.0,2100.0,1789652983.0
Do I look scary?,12520,True,4000.0,4.0,10000.0,6000.0,Blue dragon mask.png,Blue dragon mask,5288.0,1789633570.0,5193.0,1789651814.0
A large shiny scale.,243,True,20.0,13000.0,50.0,30.0,Blue dragon scale.png,Blue dragon scale,12.0,1789654154.0,11.0,1789649697.0
The scaly rough hide from a Blue Dragon.,1751,True,56.0,13000.0,140.0,84.0,Blue dragonhide.png,Blue dragonhide,1796.0,1789653946.0,1800.0,1789654423.0
"A set containing a blue dragonhide body, chaps and vambraces.",12867,True,2000.0,125.0,5000.0,3000.0,Blue dragonhide set.png,Blue dragonhide set,10000.0,1789652834.0,9442.0,1789625006.0
A little bottle of blue dye.,1767,False,2.0,150.0,5.0,3.0,Blue dye.png,Blue dye,385.0,1789654430.0,310.0,1789653607.0
A well made elegant ladies' blue blouse.,10428,True,800.0,4.0,2000.0,1200.0,Blue elegant blouse.png,Blue elegant blouse,32514.0,1789647781.0,29505.0,1789649062.0
A rather elegant pair of men's blue pantaloons.,10410,True,800.0,4.0,2000.0,1200.0,Blue elegant legs.png,Blue elegant legs,34000.0,1789653624.0,8569.0,1789650224.0
A well made elegant men's blue shirt.,10408,True,800.0,4.0,2000.0,1200.0,Blue elegant shirt.png,Blue elegant shirt,5525.0,1789602298.0,6299.0,1789650455.0
A rather elegant blue skirt.,10430,True,800.0,4.0,2000.0,1200.0,Blue elegant skirt.png,Blue elegant skirt,6775.0,1789612170.0,6775.0,1789650008.0
A cool blue feather.,10089,True,6.0,8000.0,16.0,9.0,Blue feather.png,Blue feather,15.0,1789639264.0,15.0,1789651178.0
Makes firelighting a lot easier.,7331,True,6.0,250.0,15.0,9.0,Blue firelighter.png,Blue firelighter,151.0,1789653414.0,85.0,1789654197.0
A posy of flowers.,2464,True,40.0,150.0,100.0,60.0,Blue flowers.png,Blue flowers,70.0,1789652195.0,21.0,1789600939.0
Aaaarrrghhh ... I'm a monster.,1055,False,6.0,5.0,15.0,9.0,Blue halloween mask.png,Blue halloween mask,13675.0,1789634115.0,9971.0,1789652310.0
A silly blue pointed hat.,660,True,64.0,150.0,160.0,96.0,Blue hat.png,Blue hat,582.0,1789648192.0,250.0,1789649021.0
A minimalist's hat.,12301,True,16.0,4.0,40.0,24.0,Blue headband.png,Blue headband,9481.0,1789640429.0,697.0,1789650703.0
A nice hat from a cracker.,1042,False,1.0,5.0,1.0,1.0,Blue partyhat.png,Blue partyhat,24344.0,1789652490.0,22714.0,1789654110.0
Made by Tree Gnomes with a thing for blue.,650,True,72.0,150.0,180.0,108.0,Blue robe bottoms.png,Blue robe bottoms,1.0,1789618950.0,1396.0,1789589484.0
"The ultimate in gnome design, now in blue!",640,True,72.0,150.0,180.0,108.0,Blue robe top.png,Blue robe top,4896.0,1789652808.0,3242.0,1789652375.0
Leg covering favoured by women and wizards.,1011,False,1.0,150.0,2.0,1.0,Blue skirt.png,Blue skirt,40.0,1789652163.0,38.0,1789652374.0
Leg covering favoured by women and wizards. With a colourful trim!,7386,False,1.0,4.0,2.0,1.0,Blue skirt (g).png,Blue skirt (g),27500.0,1789654196.0,24218.0,1789643888.0
Leg covering favoured by women and wizards. With a colourful trim!,7388,False,1.0,4.0,2.0,1.0,Blue skirt (t).png,Blue skirt (t),14250.0,1789650369.0,10000.0,1789642677.0
Vambraces made from 100% real dragonhide. Now with added spikiness.,10081,True,1200.0,125.0,3000.0,1800.0,Blue spiky vambraces.png,Blue spiky vambraces,1918.0,1789603491.0,1827.0,1789518148.0
A silly pointed hat.,579,False,1.0,125.0,2.0,1.0,Blue wizard hat.png,Blue wizard hat,291.0,1789653514.0,291.0,1789653563.0
"A silly pointed hat, with colourful trim.",7394,False,1.0,4.0,2.0,1.0,Blue wizard hat (g).png,Blue wizard hat (g),195998.0,1789654166.0,141357.0,1789649869.0
"A silly pointed hat, with colourful trim.",7396,False,1.0,4.0,2.0,1.0,Blue wizard hat (t).png,Blue wizard hat (t),35158.0,1789650353.0,30145.0,1789653100.0
I can do magic better in this.,577,False,6.0,125.0,15.0,9.0,Blue wizard robe.png,Blue wizard robe,1110.0,1789654178.0,1050.0,1789654364.0
I can do magic better in this.,7390,False,6.0,4.0,15.0,9.0,Blue wizard robe (g).png,Blue wizard robe (g),180000.0,1789654143.0,163839.0,1789644067.0
I can do magic better in this.,7392,False,6.0,4.0,15.0,9.0,Blue wizard robe (t).png,Blue wizard robe (t),32000.0,1789650347.0,24500.0,1789652642.0
Some nicely cooked bluefin.,32344,True,68.0,,170.0,102.0,Bluefin.png,Bluefin,1805.0,1789653510.0,1800.0,1789653433.0
A large Bluegill.,22826,True,1.0,13000.0,3.0,1.0,Bluegill.png,Bluegill,1.0,1789649214.0,1.0,1789653524.0
Looks good... smells strong.,2064,True,12.0,2000.0,30.0,18.0,Blurberry special.png,Blurberry special,3927.0,1789654393.0,2000.0,1789628538.0
One has been poured out for (sailing with) the boys.,31989,True,200.0,100.0,500.0,300.0,Boat bottle (empty).png,Boat bottle (empty),20477.0,1789654417.0,20005.0,1789652374.0
'Bob says: A bank pin will keep your items secure.',10322,True,1.0,4.0,3.0,1.0,Bob's black shirt.png,Bob's black shirt,35000.0,1789646679.0,20000.0,1789651321.0
'Bob says: Always check the second trade screen.',10318,True,1.0,4.0,3.0,1.0,Bob's blue shirt.png,Bob's blue shirt,23993.0,1789649767.0,9466.0,1789650248.0
'Bob says: Never trade in the wilderness!',10320,True,1.0,4.0,3.0,1.0,Bob's green shirt.png,Bob's green shirt,15000.0,1789654246.0,7970.0,1789652611.0
'Bob says: Keep your computer keylogger free and virus scanned.',10324,True,1.0,4.0,3.0,1.0,Bob's purple shirt.png,Bob's purple shirt,17279.0,1789635772.0,8524.0,1789651038.0
'Bob says: Never give your password out to anyone.',10316,True,1.0,4.0,3.0,1.0,Bob's red shirt.png,Bob's red shirt,7569.0,1789646618.0,15000.0,1789652968.0
Used for curse spells.,559,False,1.0,18000.0,3.0,1.0,Body rune.png,Body rune,6.0,1789654201.0,5.0,1789654193.0
A mysterious power emanates from the talisman...,1446,False,1.0,11000.0,4.0,2.0,Body talisman.png,Body talisman,1482.0,1789654130.0,1482.0,1789654334.0
A tiara infused with the properties of the body.,5533,False,40.0,40.0,100.0,60.0,Body tiara.png,Body tiara,19.0,1789652342.0,15.0,1789653361.0
A mould for creating silver crossbow bolts.,9434,True,10.0,40.0,25.0,15.0,Bolt mould.png,Bolt mould,25.0,1789643098.0,25.0,1789612778.0
A bolt of canvas.,31475,True,40.0,13000.0,100.0,60.0,Bolt of canvas.png,Bolt of canvas,1874.0,1789654351.0,1874.0,1789654326.0
A bolt of ordinary cloth.,8790,True,200.0,13000.0,500.0,300.0,Bolt of cloth.png,Bolt of cloth,385.0,1789654182.0,377.0,1789654245.0
A bolt of cotton.,31478,True,160.0,13000.0,400.0,240.0,Bolt of cotton.png,Bolt of cotton,3000.0,1789654357.0,2881.0,1789647040.0
A bolt of linen.,31472,True,8.0,13000.0,20.0,12.0,Bolt of linen.png,Bolt of linen,910.0,1789653989.0,866.0,1789654025.0
Must need a special type of crossbow to use this.,4740,True,20.0,11000.0,50.0,30.0,Bolt rack 5.png,Bolt rack,78.0,1789654168.0,71.0,1789654102.0
Good if you have a bone crossbow!,8882,True,1.0,11000.0,3.0,1.0,Bone bolts 5.png,Bone bolts,8.0,1789654364.0,8.0,1789654348.0
Basic but brutal!,5018,True,240.0,4.0,600.0,360.0,Bone club.png,Bone club,1121.0,1789621527.0,1526.0,1789630129.0
A powerful dagger.,8872,True,800.0,70.0,2000.0,1200.0,Bone dagger.png,Bone dagger,4400.0,1789651813.0,3296.0,1789651701.0
A powerful dagger.,8874,True,800.0,70.0,2000.0,1200.0,Bone dagger (p).png,Bone dagger (p),4434.0,1789597034.0,5387.0,1788358801.0
A powerful dagger.,8876,True,800.0,70.0,2000.0,1200.0,Bone dagger (p+).png,Bone dagger (p+),1.0,1789368096.0,100.0,1788590731.0
A powerful dagger.,8878,True,800.0,70.0,2000.0,1200.0,Bone dagger (p++).png,Bone dagger (p++),8291.0,1789651443.0,6250.0,1789629353.0
Ground down bone fragments.,25139,False,1.0,500.0,1.0,1.0,Bone fragments 5.png,Bone fragments,633.0,1789654370.0,630.0,1789650928.0
Basic but brutal!,5016,True,240.0,4.0,600.0,360.0,Bone spear.png,Bone spear,1167.0,1789653706.0,530.0,1789652193.0
Bones are for burying!,526,False,1.0,3000.0,1.0,1.0,Bones.png,Bones,38.0,1789654430.0,36.0,1789654288.0
A tablet containing a magic spell.,8014,True,1.0,10000.0,1.0,1.0,Bones to bananas (tablet).png,Bones to bananas (tablet),586.0,1789646147.0,344.0,1789652053.0
A tablet containing a magic spell.,8015,True,1.0,10000.0,1.0,1.0,Bones to peaches (tablet).png,Bones to peaches (tablet),850.0,1789654056.0,809.0,1789653208.0
A set containing the four pages of Guthix's Book of Balance.,13153,True,2800.0,5.0,7000.0,4200.0,Book of Balance page set.png,Book of Balance page set,13792.0,1789652079.0,13792.0,1789617217.0
A set containing the four pages of the Ancient Book of Darkness.,13159,True,3000.0,5.0,7500.0,4500.0,Book of Darkness page set.png,Book of Darkness page set,24000.0,1789651712.0,17000.0,1789625306.0
A set containing the four pages of Armadyl's Book of Law.,13157,True,3000.0,5.0,7500.0,4500.0,Book of Law page set.png,Book of Law page set,24224.0,1789653739.0,20000.0,1789625298.0
A set containing the four pages of Bandos' Book of War.,13155,True,3000.0,5.0,7500.0,4500.0,Book of War page set.png,Book of War page set,11418.0,1789653759.0,11418.0,1789653015.0
How does it all fit in there?,8510,True,4.0,500.0,10.0,6.0,Bookcase (flatpack).png,Bookcase (flatpack),4.0,1789556215.0,1.0,1788438455.0
A pair of heat resistant boots charged with the claw of the ferocious Drake.,22951,True,8000.0,70.0,20000.0,12000.0,Boots of Brimstone.png,Boots of Brimstone,238767.0,1789654409.0,230364.0,1789654134.0
A dark power is woven into these boots.,20140,True,4000.0,70.0,10000.0,6000.0,Boots of darkness.png,Boots of darkness,5675.0,1789639306.0,4205.0,1789652897.0
A pair of heat resistant boots with rocky soles.,23037,True,80.0,125.0,200.0,120.0,Boots of stone.png,Boots of stone,1500.0,1789654190.0,500.0,1789653287.0
Mmm botanical pie.,19662,True,12.0,10000.0,30.0,18.0,Botanical pie.png,Botanical pie,692.0,1789654330.0,689.0,1789653762.0
A very good vintage.,7919,True,200.0,10000.0,500.0,300.0,Bottle of wine.png,Bottle of wine,1000.0,1789646808.0,1000.0,1789651262.0
Several dragonfruit were squeezed into this vial and it has been powered by the fires of Mount Karuulm.,23002,True,200.0,50.0,500.0,300.0,Bottled dragonbreath.png,Bottled dragonbreath,12450.0,1789654254.0,9166.0,1789627881.0
Several dragonfruit were squeezed into this vial.,22999,True,200.0,50.0,500.0,300.0,Bottled dragonbreath (unpowered).png,Bottled dragonbreath (unpowered),12000.0,1789642685.0,10007.0,1789616380.0
A violently shaking container containing the furious power of the sea.,31949,True,3200.0,15.0,8000.0,4800.0,Bottled storm.png,Bottled storm,2100000.0,1789654127.0,2082000.0,1789654179.0
It's a bucket that can hold a lot of compost at once.,22994,True,18000.0,5.0,45000.0,27000.0,Bottomless compost bucket.png,Bottomless compost bucket,499524.0,1789652772.0,485044.0,1789654047.0
A crate full of supplies.,30619,True,,100.0,10000.0,,Bounty supply crate (anglerfish).png,Bounty supply crate (anglerfish),5092.0,1789653536.0,4381.0,1789654046.0
A crate full of supplies.,30616,True,,100.0,10000.0,,Bounty supply crate (manta ray).png,Bounty supply crate (manta ray),4999.0,1789652176.0,4011.0,1789646827.0
A magical elven bow.,25862,True,2000000.0,,5000000.0,3000000.0,Bow of Faerdhinen (inactive).png,Bow of Faerdhinen (inactive),108425000.0,1789653915.0,106650000.0,1789654054.0
I need a bow stave to attach this to.,1777,True,4.0,13000.0,10.0,6.0,Bow string.png,Bow string,259.0,1789653255.0,255.0,1789654388.0
Useful for mixing things.,1923,False,1.0,13000.0,4.0,2.0,Bowl.png,Bowl,16.0,1789653581.0,3.0,1789654299.0
It's a bowl of hot water.,4456,True,4.0,13000.0,10.0,6.0,Bowl of hot water.png,Bowl of hot water,224.0,1789654370.0,188.0,1789613716.0
It's a bowl of water.,1921,False,1.0,13000.0,4.0,2.0,Bowl of water.png,Bowl of water,40.0,1789654208.0,40.0,1789654301.0
The bowl wig.,20110,True,1.0,4.0,1.0,1.0,Bowl wig.png,Bowl wig,30000.0,1789648260.0,25618.0,1789648267.0
"If a creature goes inside, the box should then slam shut.",10008,True,12.0,250.0,32.0,19.0,Box trap.png,Box trap,50.0,1789654408.0,49.0,1789652230.0
Used to make gold bracelets.,11065,True,2.0,40.0,5.0,3.0,Bracelet mould.png,Bracelet mould,400.0,1789654152.0,100.0,1789614935.0
Now I can become a potter.,11074,True,506.0,10000.0,1265.0,759.0,Bracelet of clay.png,Bracelet of clay,607.0,1789645970.0,594.0,1789651014.0
The bracelet is dull and powerless.,21817,True,28800.0,10000.0,72000.0,43200.0,Bracelet of ethereum.png,Bracelet of ethereum (uncharged),43645.0,1789654337.0,42787.0,1789654424.0
Occasionally prevents slayer kill count being decremented.,21183,True,1000.0,15000.0,2500.0,1500.0,Bracelet of slaughter.png,Bracelet of slaughter,2191.0,1789654322.0,2100.0,1789654162.0
A strong spirit best served in a large glass.,2021,True,2.0,13000.0,5.0,3.0,Brandy.png,Brandy,327.0,1789623978.0,260.0,1789634963.0
Opens a door that leads into a dungeon.,983,False,1.0,15.0,1.0,1.0,Brass key.png,Brass key,418.0,1789654283.0,418.0,1789653215.0
I'd prefer a gold one.,1009,False,12.0,150.0,30.0,18.0,Brass necklace.png,Brass necklace,101.0,1789647808.0,72.0,1789653697.0
Nice crispy bread.,2309,False,4.0,6000.0,12.0,7.0,Bread.png,Bread,85.0,1789654340.0,84.0,1789654299.0
Some uncooked dough.,2307,False,1.0,13000.0,4.0,2.0,Bread dough.png,Bread dough,114.0,1789654158.0,95.0,1789653499.0
For your first day in the big city.,12335,True,266.0,4.0,666.0,399.0,Briefcase.png,Briefcase,489915.0,1789652944.0,450069.0,1789653606.0
A well balanced ring that aids in piercing magic defence.,22975,True,4000.0,8.0,10000.0,6000.0,Brimstone ring.png,Brimstone ring,1870017.0,1789654348.0,1818388.0,1789653348.0
A salty sword.,11037,True,10400.0,8.0,26000.0,15600.0,Brine sabre.png,Brine sabre,466190.0,1789652747.0,460027.0,1789653885.0
Arrowheads with broad tips.,11874,True,22.0,7000.0,55.0,33.0,Broad arrowheads 5.png,Broad arrowheads,48.0,1789654096.0,1.0,1789638022.0
Crossbow bolts with broad tips.,11875,True,22.0,7000.0,55.0,33.0,Broad bolts 5.png,Broad bolts,55.0,1789654198.0,51.0,1789654100.0
A broken antler from a custodian stalker.,31086,True,20.0,,52.0,31.0,Broken antler.png,Broken antler,3625.0,1789647341.0,3565.0,1789653808.0
An orange and bark coloured snail shell helmet.,3335,True,120.0,150.0,300.0,180.0,Broken bark snelm.png,Broken bark snelm,106.0,1789589781.0,106.0,1789651411.0
The item to make into a hasta.,22963,True,24960.0,70.0,62400.0,37440.0,Broken dragon hasta.png,Broken dragon hasta,37301.0,1789524920.0,37301.0,1789653753.0
A broken hook from an exquisite salvaging hook.,31961,True,3200.0,,8000.0,4800.0,Broken dragon hook.png,Broken dragon hook,1352422.0,1789653635.0,1306000.0,1789654258.0
An old rusty axe. It needs repairing before it can be used.,28813,True,64000.0,,160000.0,96000.0,Broken zombie axe.png,Broken zombie axe,1511362.0,1789624099.0,1512000.0,1789650520.0
An old rusty helmet. It needs repairing before it can be used.,30324,True,64000.0,70.0,160000.0,96000.0,Broken zombie helmet.png,Broken zombie helmet,208547.0,1789505437.0,220000.0,1789647248.0
A two handed sword.,1307,False,32.0,125.0,80.0,48.0,Bronze 2h sword.png,Bronze 2h sword,265.0,1789652898.0,250.0,1789650652.0
Arrows with bronze heads.,882,False,1.0,7000.0,1.0,1.0,Bronze arrow 5.png,Bronze arrow,5.0,1789654357.0,4.0,1789654380.0
Venomous-looking arrows.,883,True,1.0,7000.0,1.0,1.0,Bronze arrow(p) 5.png,Bronze arrow(p),56.0,1789484112.0,74.0,1788762368.0
Venomous-looking arrows.,5616,True,1.0,7000.0,1.0,1.0,Bronze arrow(p+) 5.png,Bronze arrow(p+),20.0,1789395407.0,27.0,1789448929.0
Venomous-looking arrows.,5622,True,1.0,7000.0,1.0,1.0,Bronze arrow(p++) 5.png,Bronze arrow(p++),20000.0,1789588365.0,42.0,1789450810.0
I can make some arrows with these.,39,True,1.0,10000.0,1.0,1.0,Bronze arrowtips.png,Bronze arrowtips,20.0,1789654326.0,12.0,1789653858.0
A woodcutter's axe.,1351,False,6.0,40.0,16.0,9.0,Bronze axe.png,Bronze axe,105.0,1789654265.0,102.0,1789654202.0
It's a bar of bronze.,2349,False,3.0,10000.0,8.0,4.0,Bronze bar.png,Bronze bar,61.0,1789654426.0,57.0,1789654180.0
A vicious looking axe.,1375,False,20.0,125.0,52.0,31.0,Bronze battleaxe.png,Bronze battleaxe,69.0,1789539006.0,75.0,1789654318.0
Bronze crossbow bolts.,877,False,1.0,7000.0,0.0,1.0,Bronze bolts 5.png,Bronze bolts,3.0,1789653458.0,2.0,1789653466.0
Some poisoned bronze bolts.,878,True,1.0,11000.0,0.0,1.0,Bronze bolts (p) 5.png,Bronze bolts (p),106.0,1789088168.0,116.0,1789423177.0
Some poisoned bronze bolts.,6061,True,1.0,11000.0,0.0,1.0,Bronze bolts (p+) 5.png,Bronze bolts (p+),327.0,1789615314.0,1.0,1789433947.0
Super poisoned bronze bolts.,6062,True,1.0,11000.0,0.0,1.0,Bronze bolts (p++) 5.png,Bronze bolts (p++),957.0,1789481414.0,101.0,1789137550.0
Unfeathered bronze crossbow bolts.,9375,True,1.0,13000.0,1.0,1.0,Bronze bolts (unf) 5.png,Bronze bolts (unf),18.0,1789651062.0,15.0,1789576078.0
These will protect my feet.,4119,True,9.0,125.0,24.0,14.0,Bronze boots.png,Bronze boots,389.0,1789649839.0,160.0,1789638940.0
Blunt bronze arrow... ouch.,4773,True,2.0,11000.0,5.0,3.0,Bronze brutal 5.png,Bronze brutal,115.0,1789603890.0,52.0,1789625748.0
Ammo suited for a boat's cannon.,31906,True,1.0,11000.0,2.0,1.0,Bronze cannonball.png,Bronze cannonball,8.0,1789654305.0,7.0,1789653958.0
A series of connected metal rings.,1103,False,24.0,125.0,60.0,36.0,Bronze chainbody.png,Bronze chainbody,29.0,1789653971.0,30.0,1789654256.0
Ammo suited for a boat's cannon.,31918,True,1.0,,4.0,2.0,Bronze chainshot cannonball.png,Bronze chainshot cannonball,20.0,1781642578.0,75.0,1787237637.0
A set of fighting claws.,3095,True,6.0,125.0,15.0,9.0,Bronze claws.png,Bronze claws,49500.0,1789004662.0,10000.0,1789649517.0
A bronze crossbow.,9174,True,29.0,125.0,73.0,43.0,Bronze crossbow.png,Bronze crossbow,1198.0,1789653990.0,417.0,1789650258.0
An unstrung bronze crossbow.,9454,True,16.0,10000.0,40.0,24.0,Bronze crossbow (u).png,Bronze crossbow (u),99.0,1789653624.0,97.0,1787164809.0
Short but pointy.,1205,False,4.0,125.0,10.0,6.0,Bronze dagger.png,Bronze dagger,110.0,1789653212.0,110.0,1789653529.0
This dagger is poisoned.,1221,True,4.0,125.0,10.0,6.0,Bronze dagger(p).png,Bronze dagger(p),256.0,1783989822.0,281.0,1787518759.0
This dagger is poisoned.,5670,True,4.0,125.0,10.0,6.0,Bronze dagger(p+).png,Bronze dagger(p+),55.0,1789460196.0,6.0,1777812790.0
This dagger is poisoned.,5688,True,4.0,125.0,10.0,6.0,Bronze dagger(p++).png,Bronze dagger(p++),10356.0,1789471638.0,2.0,1789328787.0
A deadly throwing dart with a bronze tip.,806,True,1.0,7000.0,1.0,1.0,Bronze dart.png,Bronze dart,22.0,1789651689.0,22.0,1789653218.0
A deadly looking dart tip made of bronze - needs feathers for flight.,819,True,1.0,13000.0,1.0,1.0,Bronze dart tip.png,Bronze dart tip,48.0,1789654148.0,37.0,1789649470.0
A deadly poisoned dart with a bronze tip.,812,True,1.0,7000.0,1.0,1.0,Bronze dart(p).png,Bronze dart(p),2995.0,1789172674.0,44.0,1787473234.0
A deadly poisoned dart with a bronze tip.,5628,True,1.0,7000.0,1.0,1.0,Bronze dart(p+).png,Bronze dart(p+),9999.0,1783800851.0,500.0,1786502467.0
A deadly poisoned dart with a bronze tip.,5635,True,1.0,7000.0,1.0,1.0,Bronze dart(p++).png,Bronze dart(p++),4478.0,1789060625.0,100.0,1788908313.0
Do I look scary?,12363,True,4000.0,4.0,10000.0,6000.0,Bronze dragon mask.png,Bronze dragon mask,6404.0,1789602800.0,6420.0,1789653369.0
A woodcutter's axe.,28196,True,6.0,,16.0,9.0,Bronze felling axe.png,Bronze felling axe,1250000.0,1788999161.0,1000000.0,1789019526.0
A full face helmet.,1155,False,17.0,125.0,44.0,26.0,Bronze full helm.png,Bronze full helm,78.0,1789653581.0,77.0,1789654039.0
Bronze full helm with gold trim.,12211,False,19.0,4.0,48.0,28.0,Bronze full helm (g).png,Bronze full helm (g),40566.0,1789609632.0,32000.0,1789653692.0
Bronze full helm with trim.,12221,False,19.0,4.0,48.0,28.0,Bronze full helm (t).png,Bronze full helm (t),6170.0,1789653561.0,6250.0,1789606974.0
"A set containing a full helm, platebody, legs and kiteshield.",12968,False,80.0,8.0,200.0,120.0,Bronze gold-trimmed set (lg).png,Bronze gold-trimmed set (lg),114995.0,1789652161.0,102500.0,1789652169.0
"A set containing a full helm, platebody, skirt and kiteshield.",12970,False,80.0,8.0,200.0,120.0,Bronze gold-trimmed set (sk).png,Bronze gold-trimmed set (sk),139995.0,1789644237.0,101000.0,1789598914.0
A bronze halberd.,3190,True,32.0,125.0,80.0,48.0,Bronze halberd.png,Bronze halberd,648.0,1789414747.0,97612.0,1789522610.0
"A bronze-tipped, one-handed hasta.",11367,True,10.0,125.0,26.0,15.0,Bronze hasta.png,Bronze hasta,40.0,1789648515.0,39.0,1789653097.0
"A poison tipped, one-handed bronze hasta.",11379,True,10.0,125.0,26.0,15.0,Bronze hasta(p).png,Bronze hasta(p),3829.0,1789422857.0,4223.0,1781668990.0
"A poison tipped, one-handed bronze hasta.",11382,True,10.0,125.0,26.0,15.0,Bronze hasta(p+).png,Bronze hasta(p+),5000.0,1788036219.0,211000.0,1781188553.0
"A poison-tipped, one-handed bronze hasta.",11384,True,10.0,125.0,26.0,15.0,Bronze hasta(p++).png,Bronze hasta(p++),4897.0,1789330934.0,2.0,1787850938.0
Ammo suited for a boat's cannon.,31932,True,1.0,,4.0,2.0,Bronze incendiary cannonball.png,Bronze incendiary cannonball,21.0,1789334535.0,20.0,1789332238.0
A bronze tipped javelin.,825,True,1.0,7000.0,4.0,2.0,Bronze javelin.png,Bronze javelin,10.0,1789653569.0,10.0,1789654372.0
Needs a shaft.,19570,True,10.0,10000.0,25.0,15.0,Bronze javelin tips 5.png,Bronze javelin tips,950.0,1789631120.0,39.0,1789543923.0
A bronze tipped javelin.,831,True,1.0,7000.0,4.0,2.0,Bronze javelin(p).png,Bronze javelin(p),1500.0,1787333193.0,2.0,1787245895.0
A bronze tipped javelin.,5642,True,1.0,7000.0,4.0,2.0,Bronze javelin(p+).png,Bronze javelin(p+),12.0,1788133968.0,10000.0,1762985985.0
A bronze tipped javelin.,5648,True,1.0,7000.0,4.0,2.0,Bronze javelin(p++).png,Bronze javelin(p++),8000.0,1784906283.0,6000.0,1781187759.0
Parts for creating a bronze keel for a boat.,31999,True,14.0,100.0,35.0,21.0,Bronze keel parts.png,Bronze keel parts,385.0,1789651996.0,10.0,1789641642.0
A large metal shield.,1189,False,27.0,125.0,68.0,40.0,Bronze kiteshield.png,Bronze kiteshield,136.0,1789637172.0,133.0,1789649713.0
Bronze kiteshield with gold trim.,12213,False,25.0,4.0,64.0,38.0,Bronze kiteshield (g).png,Bronze kiteshield (g),99999.0,1789642298.0,35000.0,1789653667.0
Bronze kiteshield with trim.,12223,False,25.0,4.0,64.0,38.0,Bronze kiteshield (t).png,Bronze kiteshield (t),3827.0,1789647355.0,3826.0,1789652948.0
A finely balanced throwing knife.,864,True,1.0,7000.0,1.0,1.0,Bronze knife.png,Bronze knife,46.0,1789652350.0,40.0,1789651670.0
A finely balanced throwing knife.,870,True,1.0,7000.0,1.0,1.0,Bronze knife(p).png,Bronze knife(p),22500.0,1789396138.0,282.0,1785595752.0
A finely balanced throwing knife.,5654,True,1.0,7000.0,1.0,1.0,Bronze knife(p+).png,Bronze knife(p+),34569.0,1789385362.0,30000.0,1789385384.0
A finely balanced throwing knife.,5661,True,1.0,7000.0,1.0,1.0,Bronze knife(p++).png,Bronze knife(p++),1.0,1789161787.0,1.0,1789163255.0
A pair of bronze crossbow limbs.,9420,True,8.0,10000.0,20.0,12.0,Bronze limbs.png,Bronze limbs,37.0,1789569998.0,40.0,1789508940.0
Perhaps someone can do something with this.,25442,True,320.0,8.0,800.0,480.0,Bronze locks.png,Bronze locks,112.0,1789650399.0,17.0,1789589632.0
A razor sharp longsword.,1291,False,16.0,125.0,40.0,24.0,Bronze longsword.png,Bronze longsword,88.0,1789652252.0,75.0,1789653856.0
A spiky mace.,1422,False,7.0,125.0,18.0,10.0,Bronze mace.png,Bronze mace,200.0,1789653873.0,125.0,1789653888.0
A medium sized helmet.,1139,False,9.0,125.0,24.0,14.0,Bronze med helm.png,Bronze med helm,80.0,1789653819.0,18.0,1789650443.0
Keeps things in place fairly permanently.,4819,True,1.0,13000.0,2.0,1.0,Bronze nails.png,Bronze nails,3.0,1789654413.0,2.0,1789653983.0
Used for mining.,1265,False,1.0,40.0,1.0,1.0,Bronze pickaxe.png,Bronze pickaxe,120.0,1789654211.0,101.0,1789654316.0
Provides excellent protection.,1117,False,64.0,125.0,160.0,96.0,Bronze platebody.png,Bronze platebody,61.0,1789654125.0,61.0,1789654372.0
Bronze platebody with gold trim.,12205,False,64.0,4.0,160.0,96.0,Bronze platebody (g).png,Bronze platebody (g),34000.0,1789644225.0,32000.0,1789653645.0
Bronze platebody with trim.,12215,False,64.0,4.0,160.0,96.0,Bronze platebody (t).png,Bronze platebody (t),2793.0,1789653580.0,2950.0,1789626210.0
These look pretty heavy.,1075,False,32.0,125.0,80.0,48.0,Bronze platelegs.png,Bronze platelegs,270.0,1789654414.0,250.0,1789654292.0
Bronze platelegs with gold trim.,12207,False,32.0,4.0,80.0,48.0,Bronze platelegs (g).png,Bronze platelegs (g),2986.0,1789612110.0,5032.0,1789653652.0
Bronze platelegs with trim.,12217,False,32.0,4.0,80.0,48.0,Bronze platelegs (t).png,Bronze platelegs (t),1363.0,1789619328.0,1557.0,1789641611.0
Designer leg protection.,1087,False,32.0,125.0,80.0,48.0,Bronze plateskirt.png,Bronze plateskirt,71.0,1789648896.0,10.0,1789647618.0
Bronze plateskirt with gold trim.,12209,False,32.0,4.0,80.0,48.0,Bronze plateskirt (g).png,Bronze plateskirt (g),1563.0,1789607328.0,1600.0,1789653659.0
Bronze plateskirt with trim.,12219,False,32.0,4.0,80.0,48.0,Bronze plateskirt (t).png,Bronze plateskirt (t),1736.0,1789392201.0,2150.0,1789649054.0
"A vicious, curved sword.",1321,False,12.0,125.0,32.0,19.0,Bronze scimitar.png,Bronze scimitar,69.0,1789654221.0,67.0,1789653843.0
"A set containing a full helm, platebody, legs and kiteshield.",12960,False,80.0,8.0,200.0,120.0,Bronze set (lg).png,Bronze set (lg),398.0,1789653946.0,316.0,1789626782.0
"A set containing a full helm, platebody, skirt and kiteshield.",12962,False,80.0,8.0,200.0,120.0,Bronze set (sk).png,Bronze set (sk),8888.0,1789407927.0,492.0,1789521325.0
A bronze tipped spear.,1237,True,10.0,125.0,26.0,15.0,Bronze spear.png,Bronze spear,249.0,1789654142.0,220.0,1789653089.0
A poisoned bronze tipped spear.,1251,True,10.0,125.0,26.0,15.0,Bronze spear(p).png,Bronze spear(p),886.0,1787496911.0,1291.0,1788208345.0
A poisoned bronze tipped spear.,5704,True,10.0,125.0,26.0,15.0,Bronze spear(p+).png,Bronze spear(p+),796.0,1785092774.0,796.0,1780922165.0
A poisoned bronze tipped spear.,5718,True,10.0,125.0,26.0,15.0,Bronze spear(p++).png,Bronze spear(p++),78.0,1787813154.0,2000.0,1788075989.0
A medium square shield.,1173,False,19.0,125.0,48.0,28.0,Bronze sq shield.png,Bronze sq shield,42.0,1789653599.0,34.0,1789653651.0
A razor sharp sword.,1277,False,10.0,125.0,26.0,15.0,Bronze sword.png,Bronze sword,60.0,1789648941.0,178.0,1789654059.0
A finely balanced throwing axe.,800,True,1.0,7000.0,3.0,1.0,Bronze thrownaxe.png,Bronze thrownaxe,12.0,1789016347.0,2389.0,1789413097.0
"A set containing a full helm, platebody, legs and kiteshield.",12964,False,80.0,8.0,200.0,120.0,Bronze trimmed set (lg).png,Bronze trimmed set (lg),35790.0,1789577625.0,50000.0,1789637015.0
"A set containing a full helm, platebody, skirt and kiteshield.",12966,False,80.0,8.0,200.0,120.0,Bronze trimmed set (sk).png,Bronze trimmed set (sk),35000.0,1789626266.0,26250.0,1789626770.0
I don't think it's intended for joinery.,1337,False,18.0,125.0,47.0,28.0,Bronze warhammer.png,Bronze warhammer,185.0,1789654402.0,55.0,1789646944.0
Useful for Crafting items.,1794,True,8.0,15.0,20.0,12.0,Bronze wire.png,Bronze wire,240.0,1789654288.0,240.0,1789651335.0
A scary broodoo shield.,6259,True,1200.0,125.0,3000.0,1800.0,Broodoo shield (combat).png,Broodoo shield (10) (combat),300.0,1789512006.0,6545.0,1789624416.0
A scary broodoo shield.,6237,True,1200.0,125.0,3000.0,1800.0,Broodoo shield (disease).png,Broodoo shield (10) (disease),4561.0,1789618800.0,2450.0,1789619172.0
A scary broodoo shield.,6215,True,1200.0,125.0,3000.0,1800.0,Broodoo shield (poison).png,Broodoo shield (10) (poison),2400.0,1789650634.0,545.0,1789269994.0
A scary broodoo shield.,6279,True,1200.0,125.0,3000.0,1800.0,Broodoo shield (combat).png,Broodoo shield (combat),4994.0,1789635518.0,4994.0,1789644688.0
A scary broodoo shield.,6257,True,1200.0,125.0,3000.0,1800.0,Broodoo shield (disease).png,Broodoo shield (disease),9140.0,1789651861.0,5235.0,1789611083.0
A scary broodoo shield.,6235,True,1200.0,125.0,3000.0,1800.0,Broodoo shield (poison).png,Broodoo shield (poison),2851.0,1789653590.0,2000.0,1789652368.0
A mostly clean apron.,1757,False,1.0,40.0,2.0,1.0,Brown apron.png,Brown apron,135.0,1789653527.0,126.0,1789653747.0
A minimalist's hat.,2649,True,16.0,4.0,40.0,24.0,Brown headband.png,Brown headband,517.0,1789653102.0,333.0,1789647399.0
A brown toy horse.,2520,False,40.0,150.0,100.0,60.0,Brown toy horsey.png,Brown toy horsey,2000.0,1789641306.0,1103.0,1789654428.0
A moody blue snail shell helmet.,3333,True,120.0,150.0,300.0,180.0,Bruise blue snelm.png,Bruise blue snelm,4200.0,1789612279.0,4000.0,1789649391.0
Ready to infuse a Battlestaff with the power of Nature.,22372,False,2800.0,100.0,7000.0,4200.0,Bryophyta's essence.png,Bryophyta's essence,4450000.0,1789633718.0,4322969.0,1789652312.0
"It's a slightly magical stick. All natural, of course.",22368,False,26000.0,8.0,65000.0,39000.0,Bryophyta's staff (uncharged).png,Bryophyta's staff (uncharged),4482156.0,1789653987.0,4437779.0,1789650338.0
It's a wooden bucket.,1925,False,1.0,13000.0,2.0,1.0,Bucket.png,Bucket,8.0,1789654314.0,8.0,1789654371.0
A helm made from a bucket.,19991,True,5600.0,4.0,14000.0,8400.0,Bucket helm.png,Bucket helm,31110.0,1789638942.0,31000.0,1789654143.0
A helm made from a golden bucket.,20059,True,5600.0,4.0,14000.0,8400.0,Bucket helm (g).png,Bucket helm (g),4747000.0,1789628283.0,4168164.0,1789625305.0
It's a bucket of milk.,1927,False,2.0,13000.0,6.0,3.0,Bucket of milk.png,Bucket of milk,39.0,1789654374.0,39.0,1789654369.0
One of the ingredients for making glass.,1783,True,1.0,13000.0,2.0,1.0,Bucket of sand.png,Bucket of sand,8.0,1789654243.0,8.0,1789654244.0
It's a bucket of sap.,4687,True,12.0,15.0,30.0,18.0,Bucket of sap.png,Bucket of sap,394.0,1789654249.0,290.0,1789654418.0
It's a bucket of water.,1929,False,2.0,13000.0,6.0,3.0,Bucket of water.png,Bucket of water,40.0,1789654430.0,33.0,1789652187.0
It's a bucket of wax.,30,True,2.0,15.0,6.0,3.0,Bucket of wax.png,Bucket of wax,4500.0,1789654402.0,562.0,1789651750.0
A sturdy steel lantern.,4548,True,168.0,10000.0,420.0,252.0,Bullseye lantern.png,Bullseye lantern,1663.0,1789654390.0,1656.0,1789650464.0
You need to add lamp oil before you can use it.,4546,True,160.0,10000.0,400.0,240.0,Bullseye lantern (empty).png,Bullseye lantern (empty),400.0,1789653862.0,23.0,1789651049.0
You need to add a lens before you can use it.,4544,True,120.0,10000.0,300.0,180.0,Bullseye lantern (unf).png,Bullseye lantern (unf),664.0,1789654288.0,520.0,1789652931.0
Useful teleports around the wilderness.,21166,True,500.0,10000.0,1250.0,750.0,Burning amulet.png,Burning amulet(5),1805.0,1789654306.0,1685.0,1789651198.0
"An intact, lightly smouldering claw.",29574,True,160000.0,8.0,400000.0,240000.0,Burning claw.png,Burning claw,1816028.0,1789649994.0,1805000.0,1789653789.0
Torn from the hands of ancient demons.,29577,True,320000.0,8.0,800000.0,480000.0,Burning claws.png,Burning claws,3886309.0,1789654043.0,3883356.0,1789654351.0
Bones are for burying!,528,False,1.0,3000.0,1.0,1.0,Burnt bones.png,Burnt bones,421.0,1789628528.0,388.0,1789653160.0
It's still warm to the touch.,20718,True,80.0,11000.0,200.0,120.0,Burnt page.png,Burnt page,7709.0,1789653903.0,7508.0,1789654402.0
It's got little holes in the top.,10012,True,1.0,40.0,1.0,1.0,Butterfly jar.png,Butterfly jar,20.0,1789654424.0,22.0,1789654208.0
For catching butterflies...,10010,True,8.0,125.0,20.0,12.0,Butterfly net.png,Butterfly net,99.0,1789654019.0,30.0,1789651282.0
Yuck I don't like cabbage.,1965,False,1.0,6000.0,1.0,1.0,Cabbage.png,Cabbage,31.0,1789654288.0,30.0,1789651844.0
An adamant shield shaped like a cabbage.,20272,True,1200.0,125.0,3000.0,1800.0,Cabbage round shield.png,Cabbage round shield,4834.0,1789638712.0,4012.0,1789652985.0
A cabbage seed - plant in an allotment.,5324,True,1.0,600.0,3.0,1.0,Cabbage seed 5.png,Cabbage seed,2.0,1789654402.0,2.0,1789654030.0
There are 10 cabbages in this sack.,5478,True,1.0,600.0,1.0,1.0,Cabbages(10).png,Cabbages(10),998.0,1789653983.0,900.0,1789649575.0
A Cactus seed - plant in a cactus patch.,5280,True,39.0,200.0,99.0,59.0,Cactus seed 5.png,Cactus seed,199.0,1789653779.0,177.0,1789654336.0
Don't prick yourself with this.,6016,True,1.0,11000.0,1.0,1.0,Cactus spine.png,Cactus spine,1615.0,1789653877.0,1575.0,1789654337.0
A powerful herb.,265,True,26.0,11000.0,65.0,39.0,Cadantine.png,Cadantine,2207.0,1789653513.0,2203.0,1789654433.0
I need another ingredient to finish this blood potion.,22443,True,66.0,10000.0,165.0,99.0,Cadantine blood potion (unf).png,Cadantine blood potion (unf),11339.0,1789637210.0,11339.0,1789651682.0
I need another ingredient to finish this Cadantine potion.,107,True,26.0,10000.0,65.0,39.0,Cadantine potion (unf).png,Cadantine potion (unf),2540.0,1789654326.0,2547.0,1789653004.0
A cadantine seed - plant in a herb patch.,5301,True,2.0,200.0,7.0,4.0,Cadantine seed 5.png,Cadantine seed,2963.0,1789654387.0,2685.0,1789654432.0
Poisonous berries.,753,False,1.0,600.0,1.0,1.0,Cadava berries.png,Cadava berries,70.0,1789654186.0,64.0,1789654246.0
A cadavaberry bush seed - plant in a bush patch.,5102,True,3.0,600.0,9.0,5.0,Cadavaberry seed 5.png,Cadavaberry seed,3.0,1789653905.0,3.0,1789653999.0
A plain sponge cake.,1891,False,20.0,6000.0,50.0,30.0,Cake.png,Cake,125.0,1789654382.0,110.0,1789654203.0
Useful for baking cakes.,1887,False,4.0,40.0,10.0,6.0,Cake tin.png,Cake tin,43.0,1789654275.0,27.0,1789648830.0
A fossilised moth infused with dwarven magic.,29090,True,,100.0,10000.0,,Calcified moth 5.png,Calcified moth,4327.0,1789654146.0,4639.0,1789653907.0
A large crystal of calcium carbonate.,21543,True,12.0,13000.0,30.0,18.0,Calcite.png,Calcite,140.0,1789650257.0,105.0,1789650667.0
This is the largest fruit I've ever seen.,5980,True,21.0,11000.0,54.0,32.0,Calquat fruit.png,Calquat fruit,101.0,1789654245.0,101.0,1789652497.0
Sliced and hollowed out to form a keg.,5769,True,1.0,10000.0,1.0,1.0,Calquat keg.png,Calquat keg,192.0,1789614132.0,185.0,1789650732.0
This sapling is ready to be replanted in a Calquat Tree patch.,5503,True,1.0,200.0,1.0,1.0,Calquat sapling.png,Calquat sapling,1120.0,1789654224.0,1084.0,1789653713.0
Plant in a plantpot of soil to grow a sapling.,5290,True,136.0,200.0,340.0,204.0,Calquat tree seed 5.png,Calquat tree seed,271.0,1789654215.0,275.0,1789654415.0
A teleport to Camelot.,8010,True,1.0,15000.0,1.0,1.0,Camelot teleport (tablet).png,Camelot teleport (tablet),375.0,1789654403.0,362.0,1789654411.0
Breath powered dart delivering system with a hint of camphor.,31577,True,880.0,8.0,2200.0,1320.0,Camphor blowpipe (empty).png,Camphor blowpipe (empty),1075348.0,1789653143.0,1037002.0,1789639437.0
A sturdy container crafted from camphor.,32364,True,2.0,250.0,5.0,3.0,Camphor crate.png,Camphor crate,874.0,1789654075.0,1000.0,1789651444.0
Parts for creating a camphor hull for a boat.,32053,True,2500.0,100.0,6250.0,3750.0,Camphor hull parts.png,Camphor hull parts,7892.0,1789653744.0,7893.0,1789652265.0
Logs cut from a camphor tree.,32904,True,88.0,,220.0,132.0,Camphor logs.png,Camphor logs,365.0,1789654184.0,359.0,1789652940.0
A plank of hardy camphor.,31432,True,600.0,13000.0,1500.0,900.0,Camphor plank.png,Camphor plank,3040.0,1789654304.0,3045.0,1789654234.0
Camphor logs prepared with sacred oil for a funeral pyre.,31383,True,176.0,,440.0,264.0,Camphor pyre logs.png,Camphor pyre logs,6793.0,1789600919.0,5600.0,1789610854.0
A strong boat repair kit made from camphor.,31976,True,1400.0,13000.0,3500.0,2100.0,Camphor repair kit.png,Camphor repair kit,1692.0,1789653824.0,1692.0,1789654221.0
This sapling is ready to be replanted in a tree patch.,31502,True,1.0,,1.0,1.0,Camphor sapling.png,Camphor sapling,5443.0,1789654020.0,5251.0,1789654276.0
Plant this in a plantpot of soil to grow a sapling.,31547,True,24.0,200.0,60.0,36.0,Camphor seed 5.png,Camphor seed,3827.0,1789653766.0,3712.0,1789654240.0
A candle.,36,True,1.0,40.0,3.0,1.0,Candle.png,Candle,286.0,1789654268.0,250.0,1789651146.0
A candle in a glass cage.,4532,True,6.0,40.0,15.0,9.0,Candle lantern (black).png,Candle lantern (black),6350.0,1789651878.0,6240.0,1789593364.0
A candle in a glass cage.,4529,True,6.0,40.0,15.0,9.0,Candle lantern (white).png,Candle lantern (white),172.0,1789654227.0,472.0,1789494460.0
The barrels of the multicannon.,10,True,75000.0,70.0,187500.0,112500.0,Cannon barrels.png,Cannon barrels,172250.0,1789653438.0,163002.0,1789654181.0
The cannon is built on this.,6,True,75000.0,70.0,187500.0,112500.0,Cannon base.png,Cannon base,199500.0,1789653421.0,191002.0,1789654175.0
This powers the multicannon.,12,True,75000.0,70.0,187500.0,112500.0,Cannon furnace.png,Cannon furnace,202866.0,1789653446.0,190555.0,1789654205.0
The mounting for the multicannon.,8,True,75000.0,70.0,187500.0,112500.0,Cannon stand.png,Cannon stand,207000.0,1789653430.0,188003.0,1789654179.0
Lets the person behind you know that you mean business.,23351,True,2000.0,8.0,5000.0,3000.0,Cape of skulls.png,Cape of skulls,3936583.0,1789645715.0,3752741.0,1789649499.0
"A teleport to Carrallanger, in level 19 Wilderness.",12776,True,1.0,10000.0,1.0,1.0,Carrallanger teleport (tablet).png,Carrallanger teleport (tablet),1983.0,1789653622.0,1636.0,1789651657.0
How does it all fit in there?,8566,True,4.0,500.0,10.0,6.0,Carved oak bench (flatpack).png,Carved oak bench (flatpack),5.0,1788122687.0,6.0,1787892784.0
Carved oak magic wardrobe.,9853,True,4.0,500.0,10.0,6.0,Carved oak magic wardrobe (flatpack).png,Carved oak magic wardrobe (flatpack),5000.0,1789510566.0,5000.0,1789529066.0
How does it all fit in there?,8552,True,4.0,500.0,10.0,6.0,Carved oak table (flatpack).png,Carved oak table (flatpack),1.0,1789625317.0,28.0,1788750085.0
How does it all fit in there?,8570,True,4.0,500.0,10.0,6.0,Carved teak bench (flatpack).png,Carved teak bench (flatpack),1.0,1788272313.0,9.0,1789439285.0
Carved teak magic wardrobe.,9855,True,4.0,500.0,10.0,6.0,Carved teak magic wardrobe (flatpack).png,Carved teak magic wardrobe (flatpack),50000.0,1789350169.0,50000.0,1789514201.0
How does it all fit in there?,8556,True,4.0,500.0,10.0,6.0,Carved teak table (flatpack).png,Carved teak table (flatpack),93.0,1787053251.0,301.0,1787809149.0
I hope there's treasure in it.,405,True,20.0,50.0,50.0,30.0,Casket.png,Casket,691.0,1789648353.0,931.0,1789654313.0
Must be worn as you enter the game to receive the bonus for that game.,11079,False,670.0,10000.0,1675.0,1005.0,Castle wars bracelet.png,Castle wars bracelet(3),924.0,1789653906.0,852.0,1789654374.0
Miaow!,12361,True,960.0,4.0,2400.0,1440.0,Cat mask.png,Cat mask,14989.0,1789652905.0,13330.0,1789650818.0
A mysterious power emanates from the talisman...,26798,True,800.0,40.0,2000.0,1200.0,Catalytic talisman.png,Catalytic talisman,1680.0,1789646445.0,1362.0,1789653906.0
A tiara infused with the properties of every catalytic rune.,26801,True,40.0,40.0,100.0,60.0,Catalytic tiara.png,Catalytic tiara,129.0,1789654337.0,115.0,1789650335.0
A teleport to Catherby.,24961,True,1.0,10000.0,1.0,1.0,Catherby teleport (tablet).png,Catherby teleport (tablet),1400.0,1789654381.0,1319.0,1789652937.0
I hope I don't meet any roundheads...,11280,True,80.0,150.0,200.0,120.0,Cavalier mask.png,Cavalier mask,90000.0,1789639537.0,67000.0,1789622338.0
It's a bit slimy.,5003,True,6.0,10000.0,15.0,9.0,Cave eel.png,Cave eel,65.0,1789635843.0,35.0,1789602146.0
Wire found in Dorgesh-Kaan.,10981,True,8.0,11000.0,20.0,12.0,Cave goblin wire.png,Cave goblin wire,1683.0,1789654028.0,1600.0,1789652404.0
"Caviar, or expensive fishy eggs.",11326,True,20.0,13000.0,50.0,30.0,Caviar.png,Caviar,473.0,1789653982.0,68.0,1789650083.0
"A length of celastrus wood, ready for fletching.",22935,True,180.0,12000.0,450.0,270.0,Celastrus bark.png,Celastrus bark,7998.0,1789650994.0,7850.0,1789654432.0
This sapling is ready to be replanted in a Celastrus patch.,22856,True,1.0,100.0,1.0,1.0,Celastrus sapling.png,Celastrus sapling,18200.0,1789653997.0,18267.0,1789652442.0
For growing a Celastrus tree.,22869,True,216.0,200.0,540.0,324.0,Celastrus seed 5.png,Celastrus seed,17940.0,1789654211.0,17900.0,1789654390.0
A teleport to the Cemetery in level 31 Wilderness.,19627,True,1.0,10000.0,1.0,1.0,Cemetery teleport (tablet).png,Cemetery teleport (tablet),3436.0,1789654181.0,2982.0,1789651602.0
Some solid chain.,32886,True,60.0,,150.0,90.0,Chain.png,Chain,711.0,1789585798.0,649.0,1789649168.0
Used for low level missile spells.,562,False,36.0,18000.0,90.0,54.0,Chaos rune.png,Chaos rune,106.0,1789654382.0,105.0,1789654367.0
A mysterious power emanates from the talisman...,1452,True,1.0,11000.0,4.0,2.0,Chaos talisman.png,Chaos talisman,205.0,1789654113.0,205.0,1789654340.0
A tiara infused with the properties of chaos.,5543,True,40.0,40.0,100.0,60.0,Chaos tiara.png,Chaos tiara,371.0,1789651317.0,371.0,1789651008.0
A lump of charcoal.,973,False,18.0,13000.0,45.0,27.0,Charcoal.png,Charcoal,147.0,1789654431.0,139.0,1789650424.0
A scroll for charging dragonstone jewellery.,20238,True,1.0,10000.0,1.0,1.0,Charge dragonstone jewellery scroll.png,Charge dragonstone jewellery scroll,176.0,1789651515.0,172.0,1789654128.0
"Ancient glyphs cover the paper, resembling those in the chasm of fire.",30775,True,4.0,,10.0,6.0,Chasm teleport scroll.png,Chasm teleport scroll,39789.0,1789653165.0,39190.0,1789654414.0
It's got holes in it.,1985,False,1.0,13000.0,4.0,2.0,Cheese.png,Cheese,60.0,1789654097.0,59.0,1789653220.0
This smells really good.,2259,True,1.0,6000.0,2.0,1.0,Cheese+tom batta.png,Cheese+tom batta,1999.0,1789643352.0,300.0,1789628631.0
"A fruity, full-bodied ale.",5755,True,1.0,2000.0,2.0,1.0,Chef's delight.png,Chef's delight,265.0,1789653966.0,254.0,1789654292.0
How does it all fit in there?,8526,True,4.0,500.0,10.0,6.0,Chef's delight (flatpack).png,Chef's delight (flatpack),24999.0,1789407803.0,12752.0,1788292129.0
This keg contains 4 pints of Chef's Delight.,5833,True,1.0,2000.0,1.0,1.0,Chef's delight(4).png,Chef's delight(4),13496.0,1789467543.0,14170.0,1789526795.0
This looks a good deal stronger than normal Chef's Delight.,5757,True,1.0,2000.0,2.0,1.0,Chef's delight(m).png,Chef's delight(m),45000.0,1789653288.0,26000.0,1789652209.0
This keg contains 4 pints of mature Chef's Delight.,5913,True,1.0,2000.0,1.0,1.0,Chef's delight(m4).png,Chef's delight(m4),198278.0,1789442718.0,198278.0,1789442717.0
What a silly hat.,1949,False,1.0,150.0,2.0,1.0,Chef's hat.png,Chef's hat,344.0,1789654333.0,339.0,1789652832.0
A light and dry Tlati Rosé that's known for its floral elegance.,29963,True,40.0,,100.0,60.0,Chichilihui rosé.png,Chichilihui rosé,10000.0,1789592925.0,1000.0,1789624243.0
A smoky and spicy Tlati Red that's known for its dark colour.,29947,True,160.0,,400.0,240.0,Chilhuac red.png,Chilhuac red,1380.0,1789652595.0,1449.0,1789632424.0
A bowl of meat in chilli-con-carne sauce.,7062,True,5.0,13000.0,13.0,7.0,Chilli con carne.png,Chilli con carne,8700.0,1788101321.0,43.0,1788481149.0
A baked potato with chilli con carne.,7054,True,5.0,13000.0,13.0,7.0,Chilli potato.png,Chilli potato,380.0,1789650178.0,238.0,1789654304.0
Handle with care.,10033,True,56.0,7000.0,140.0,84.0,Chinchompa.png,Chinchompa,964.0,1789653417.0,924.0,1789654037.0
Good for detailed Crafting.,1755,False,1.0,40.0,1.0,1.0,Chisel.png,Chisel,68.0,1789653847.0,66.0,1789651415.0
A fibrous substance used to create powerful potions.,29643,True,1.0,,1.0,1.0,Chitin.png,Chitin,2600.0,1769973425.0,,
A warm creamy alcoholic beverage.,2074,True,12.0,2000.0,30.0,18.0,Choc saturday.png,Choc saturday,4994.0,1789643741.0,3975.0,1789652075.0
Better eat this before it melts.,6794,True,12.0,6000.0,30.0,18.0,Choc-ice.png,Choc-ice,164.0,1789633723.0,106.0,1789642986.0
Yum... smells good.,2209,True,1.0,6000.0,2.0,1.0,Chocchip crunchies.png,Chocchip crunchies,1400.0,1789643205.0,357.0,1789610970.0
Mmmmmmm chocolate.,1973,False,4.0,13000.0,10.0,6.0,Chocolate bar.png,Chocolate bar,30.0,1789652630.0,30.0,1789653989.0
"Full of creamy, chocolately goodness.",2185,True,1.0,6000.0,2.0,1.0,Chocolate bomb.png,Chocolate bomb,898.0,1789653847.0,371.0,1789654076.0
This looks very tasty.,1897,False,28.0,6000.0,70.0,42.0,Chocolate cake.png,Chocolate cake,160.0,1789654128.0,145.0,1789654192.0
It's ground up chocolate.,1975,False,1.0,13000.0,2.0,1.0,Chocolate dust.png,Chocolate dust,50.0,1789654392.0,53.0,1789651873.0
A bowl of chopped garlic.,7074,True,2.0,13000.0,7.0,4.0,Chopped garlic.png,Chopped garlic,197.0,1789487198.0,297.0,1789422089.0
A mixture of onions in a bowl.,1871,True,1.0,11000.0,3.0,1.0,Chopped onion.png,Chopped onion,3998.0,1789332337.0,150.0,1789571816.0
A mixture of tomatoes in a bowl.,1869,True,1.0,11000.0,3.0,1.0,Chopped tomato.png,Chopped tomato,69.0,1789237782.0,69.0,1788560049.0
A bowl of finely chopped tuna.,7086,True,41.0,13000.0,104.0,62.0,Chopped tuna.png,Chopped tuna,279.0,1789363577.0,50.0,1789602977.0
Strips of ugthanki meat in a bowl.,1873,True,2.0,11000.0,5.0,3.0,Chopped ugthanki.png,Chopped ugthanki,12756.0,1789417468.0,670.0,1789211160.0
I need to pull this.,962,False,1.0,4.0,1.0,1.0,Christmas cracker.png,Christmas cracker,91989.0,1789637394.0,90101.0,1789654128.0
A dense clump of corroded metal.,28276,True,20000.0,8.0,50000.0,30000.0,Chromium ingot.png,Chromium ingot,44260.0,1789653043.0,40500.0,1789654384.0
Can be assembled to consume multiple potions.,30002,True,400.0,5.0,1000.0,600.0,Chugging barrel (disassembled).png,Chugging barrel (disassembled),9637611.0,1789653219.0,9405329.0,1789654310.0
A glass of cider.,5763,True,1.0,2000.0,2.0,1.0,Cider.png,Cider,195.0,1789650186.0,123.0,1789637453.0
How does it all fit in there?,8518,True,4.0,500.0,10.0,6.0,Cider barrel (flatpack).png,Cider barrel (flatpack),19999.0,1789135647.0,5000.0,1788701699.0
This keg contains 4 pints of Cider.,5849,True,1.0,2000.0,1.0,1.0,Cider(4).png,Cider(4),9949.0,1789613455.0,9850.0,1789606498.0
This keg contains 4 pints of mature Cider.,5929,True,1.0,2000.0,1.0,1.0,Cider(m4).png,Cider(m4),590000.0,1788082442.0,505000.0,1782426381.0
A toughened chunk of dagannoth hide.,6169,True,24.0,11000.0,60.0,36.0,Circular hide.png,Circular hide,26893.0,1789351551.0,26900.0,1789626545.0
Ghetto disguise!,9644,True,2.0,150.0,5.0,3.0,Citizen shoes.png,Citizen shoes,715.0,1789469263.0,5000.0,1788885060.0
Ghetto disguise!,9640,True,2.0,150.0,5.0,3.0,Citizen top.png,Citizen top,593.0,1789419575.0,593.0,1789216082.0
Ghetto disguise!,9642,True,2.0,150.0,5.0,3.0,Citizen trousers.png,Citizen trousers,493.0,1789611160.0,518.0,1789536566.0
A teleport to Civitas illa Fortis.,28824,True,1.0,,1.0,1.0,Civitas illa fortis teleport (tablet).png,Civitas illa fortis teleport,821.0,1789654403.0,776.0,1789653394.0
"The claws of a great bear. They seem to maintain some of his power, somehow.",27667,True,32000.0,,80000.0,48000.0,Claws of Callisto.png,Claws of Callisto,55489.0,1789653726.0,47278.0,1789654270.0
Some hard dry clay.,434,False,1.0,13000.0,1.0,1.0,Clay.png,Clay,79.0,1789654132.0,76.0,1789654168.0
A spirit soaked piece of silk which can be used to remove poison.,3188,True,24.0,40.0,60.0,36.0,Cleaning cloth.png,Cleaning cloth,510.0,1789652291.0,500.0,1789651577.0
An effective tool for chopping tough meat.,7451,True,10240.0,50.0,25600.0,15360.0,Cleaver.png,Cleaver,16811.0,1789412783.0,16811.0,1789565107.0
Boots made for climbing.,3105,True,4.0,200.0,12.0,7.0,Climbing boots.png,Climbing boots,692.0,1789654374.0,575.0,1789654266.0
Boots made for climbing. Nice trim!,23413,True,30000.0,4.0,75000.0,45000.0,Climbing boots (g).png,Climbing boots (g),56174.0,1789653128.0,45500.0,1789653471.0
A clockwork mechanism.,8792,True,200.0,11000.0,500.0,300.0,Clockwork.png,Clockwork,913.0,1789654232.0,913.0,1789654298.0
A pouch for your dirty work clothes!,28163,True,1.0,,1.0,1.0,Clothes pouch.png,Clothes pouch,2419000.0,1789607564.0,1711000.0,1789613499.0
A step-by-step guide to crafting your very own clothes pouch!,28166,True,40.0,,100.0,60.0,Clothes pouch blueprint.png,Clothes pouch blueprint,2295000.0,1789632830.0,2050000.0,1789628712.0
Protects your clue scroll if you die.,12789,True,4.0,50.0,10.0,6.0,Clue box.png,Clue box,218807.0,1789648704.0,218807.0,1789652773.0
Hmm a non-renewable energy source!,453,False,18.0,13000.0,45.0,27.0,Coal.png,Coal,143.0,1789654428.0,143.0,1789654432.0
For sipping cocktails.,2026,True,1.0,13000.0,1.0,1.0,Cocktail glass.png,Cocktail glass,500.0,1789653312.0,104.0,1789654398.0
A book on tree gnome cocktails.,2023,True,1.0,15.0,2.0,1.0,Cocktail guide.png,Cocktail guide,164.0,1789496801.0,164.0,1789646073.0
Used for mixing cocktails.,2025,True,1.0,40.0,2.0,1.0,Cocktail shaker.png,Cocktail shaker,250.0,1789653293.0,67.0,1789652739.0
It's a coconut.,5974,True,34.0,11000.0,87.0,52.0,Coconut.png,Coconut,1123.0,1789654398.0,1123.0,1789654410.0
A vial filled with coconut milk,5935,True,1.0,11000.0,1.0,1.0,Coconut milk.png,Coconut milk,259.0,1789654040.0,259.0,1789653942.0
Some nicely cooked cod.,339,True,4.0,6000.0,10.0,6.0,Cod.png,Cod,22.0,1789651305.0,22.0,1789653808.0
Light weight head protection.,1169,False,80.0,125.0,200.0,120.0,Coif.png,Coif,84.0,1789654053.0,50.0,1789654194.0
A teleport to the Colossal Wyrm Remains in the Avium Savannah.,30040,True,4.0,,10.0,6.0,Colossal wyrm teleport scroll.png,Colossal wyrm teleport scroll,21732.0,1789654141.0,20100.0,1789650004.0
You will need to recharge the bracelet at the Legends Guild.,11126,True,8416.0,10000.0,21040.0,12624.0,Combat bracelet.png,Combat bracelet,12232.0,1789654382.0,12123.0,1789654337.0
A handy way to get around.,11118,True,8416.0,10000.0,21040.0,12624.0,Combat bracelet(4).png,Combat bracelet(4),12210.0,1789654106.0,12066.0,1789653750.0
A handy way to get around.,11972,True,8416.0,10000.0,21040.0,12624.0,Combat bracelet(6).png,Combat bracelet(6),12438.0,1789653965.0,12398.0,1789653757.0
One dose of fishy combat potion.,11447,True,20.0,2000.0,52.0,31.0,Combat mix(1).png,Combat mix(1),223.0,1788907801.0,298.0,1787562135.0
Two doses of fishy combat potion.,11445,True,42.0,2000.0,105.0,63.0,Combat mix(2).png,Combat mix(2),206.0,1789651139.0,100.0,1789462300.0
"A set containing 4-dose vials of Attack, Strength and Defence potions.",13064,True,28.0,2000.0,70.0,42.0,Combat potion set.png,Combat potion set,700.0,1789596497.0,505.0,1789589622.0
1 dose of combat potion.,9745,True,20.0,2000.0,52.0,31.0,Combat potion(1).png,Combat potion(1),89.0,1789447461.0,30.0,1789654043.0
2 doses of combat potion.,9743,True,42.0,2000.0,105.0,63.0,Combat potion(2).png,Combat potion(2),105.0,1789653749.0,70.0,1789651356.0
3 doses of combat potion.,9741,True,64.0,2000.0,160.0,96.0,Combat potion(3).png,Combat potion(3),102.0,1789616134.0,105.0,1789654026.0
4 doses of combat potion.,9739,True,86.0,2000.0,215.0,129.0,Combat potion(4).png,Combat potion(4),300.0,1789654279.0,297.0,1789654135.0
Common fur from a common kebbit.,10121,True,4.0,10000.0,12.0,7.0,Common kebbit fur.png,Common kebbit fur,2261.0,1789615928.0,2000.0,1789653828.0
The most common of the tench.,22829,True,1.0,13000.0,3.0,1.0,Common tench.png,Common tench,100.0,1789650501.0,100.0,1789653510.0
A composite ogre bow.,4827,True,72.0,70.0,180.0,108.0,Comp ogre bow.png,Comp ogre bow,1335.0,1789653184.0,500.0,1789649491.0
"Good for plants, helps them grow.",6032,True,8.0,2000.0,20.0,12.0,Compost.png,Compost,15.0,1789654228.0,15.0,1789651719.0
Pour this on compost to turn it into super-compost.,6476,True,12.0,50.0,30.0,18.0,Compost potion(1).png,Compost potion(1),1.0,1789614170.0,2.0,1789232010.0
Pour this on compost to turn it into super-compost.,6474,True,24.0,50.0,60.0,36.0,Compost potion(2).png,Compost potion(2),26.0,1789327448.0,3.0,1788657246.0
Pour this on compost to turn it into super-compost.,6472,True,36.0,50.0,90.0,54.0,Compost potion(3).png,Compost potion(3),1.0,1789653791.0,1.0,1789651280.0
Pour this on compost to turn it into super-compost.,6470,True,48.0,50.0,120.0,72.0,Compost potion(4).png,Compost potion(4),26.0,1789644230.0,12.0,1789652104.0
The gold standard of gold.,26266,True,3200000.0,,8000000.0,4800000.0,Condensed gold.png,Condensed gold,10892658.0,1789590433.0,9966006.0,1789232546.0
"A finely crafted pair of gloves, infused with magic power.",31106,True,160000.0,,400000.0,240000.0,Confliction gauntlets.png,Confliction gauntlets,61381561.0,1789653247.0,62000000.0,1789654303.0
A contract issued by Yama. Present it to him to discuss some new terms.,30816,True,,50.0,75000.0,,Contract of Bloodied Blows.png,Contract of Bloodied Blows,46103.0,1789653282.0,42000.0,1789653705.0
A contract issued by Yama. Present it to him to discuss some new terms.,30831,True,,50.0,75000.0,,Contract of Catalyst Acquisition.png,Contract of Catalyst Acquisition,114876.0,1789578614.0,90001.0,1789652511.0
A contract issued by Yama. Present it to him to discuss some new terms.,30819,True,,50.0,75000.0,,Contract of Divine Severance.png,Contract of Divine Severance,43990.0,1789653599.0,40000.0,1789654354.0
A contract issued by Yama. Present it to him to discuss some new terms.,30840,True,,50.0,75000.0,,Contract of Familiar Acquisition.png,Contract of Familiar Acquisition,130000.0,1789652428.0,120627.0,1789653617.0
A contract issued by Yama. Present it to him to discuss some new terms.,30822,True,,50.0,75000.0,,Contract of Forfeit Breath.png,Contract of Forfeit Breath,42999.0,1789654288.0,41000.0,1789654347.0
A contract issued by Yama. Present it to him to discuss some new terms.,30810,True,,50.0,75000.0,,Contract of Glyphic Attenuation.png,Contract of Glyphic Attenuation,514942.0,1789653384.0,486947.0,1789654348.0
A contract issued by Yama. Present it to him to discuss some new terms.,30837,True,,50.0,75000.0,,Contract of Harmony Acquisition.png,Contract of Harmony Acquisition,2888000.0,1789632998.0,2612832.0,1789641398.0
A contract issued by Yama. Present it to him to discuss some new terms.,30825,True,,50.0,75000.0,,Contract of Oathplate Acquisition.png,Contract of Oathplate Acquisition,80000000.0,1789642968.0,78000000.0,1789623430.0
A contract issued by Yama. Present it to him to discuss some new terms.,30813,True,,50.0,75000.0,,Contract of Sensory Clouding.png,Contract of Sensory Clouding,226323.0,1789653680.0,220192.0,1789654351.0
A contract issued by Yama. Present it to him to discuss some new terms.,30828,True,,50.0,75000.0,,Contract of Shard Acquisition.png,Contract of Shard Acquisition,6351258.0,1789643569.0,6049002.0,1789651703.0
A contract issued by Yama. Present it to him to discuss some new terms.,30834,True,,50.0,75000.0,,Contract of Worm Acquisition.png,Contract of Worm Acquisition,45919.0,1789639716.0,45919.0,1789652179.0
"Mmm, this looks tasty.",29131,True,1.0,10000.0,4.0,2.0,Cooked barb-tailed kebbit.png,Cooked barb-tailed kebbit,397.0,1789646076.0,466.0,1789522172.0
Mmm this looks tasty.,2140,False,1.0,6000.0,4.0,2.0,Cooked chicken.png,Cooked chicken,75.0,1789653975.0,68.0,1789652851.0
It might look delicious to an ogre.,2878,True,52.0,6000.0,130.0,78.0,Cooked chompy.png,Cooked chompy,30.0,1789654235.0,30.0,1789649154.0
I should eat this quickly.,29134,True,1.0,6000.0,4.0,2.0,Cooked dashing kebbit.png,Cooked dashing kebbit,2000.0,1789649177.0,1651.0,1789651420.0
Nice and tasty!,7521,True,20.0,6000.0,50.0,30.0,Cooked giant crab meat (5).png,Cooked giant crab meat,10000.0,1789530591.0,2300.0,1789634178.0
"Mmm, this looks tasty.",29149,True,1.0,10000.0,4.0,2.0,Cooked graahk.png,Cooked graahk,179.0,1789645987.0,15.0,1789593180.0
Lovely Jubbly!,7568,True,60.0,10000.0,150.0,90.0,Cooked jubbly.png,Cooked jubbly,887.0,1789649945.0,700.0,1789615763.0
Cooked octopus. It looks very nutritious.,3144,True,100.0,10000.0,250.0,150.0,Cooked karambwan.png,Cooked karambwan,404.0,1789654425.0,395.0,1789654260.0
"Mmm, this looks tasty.",29152,True,1.0,10000.0,4.0,2.0,Cooked kyatt.png,Cooked kyatt,193.0,1789646055.0,134.0,1789625448.0
"Mmm, this looks tasty.",29146,True,1.0,10000.0,4.0,2.0,Cooked larupia.png,Cooked larupia,168.0,1789646017.0,6.0,1789504685.0
Mmm this looks tasty.,2142,False,1.0,6000.0,4.0,2.0,Cooked meat.png,Cooked meat,71.0,1789654374.0,70.0,1789654270.0
"Mmm, this looks tasty.",29143,True,1.0,6000.0,4.0,2.0,Cooked moonlight antelope.png,Cooked moonlight antelope,2461.0,1789654083.0,2407.0,1789650827.0
I don't want to think about what kind of meat it is.,24785,True,1.0,,4.0,2.0,Cooked mystery meat.png,Cooked mystery meat,999.0,1789450265.0,260.0,1789647504.0
Deliciously cooked oomlie meat in a palm leaf pouch.,2343,True,14.0,15.0,35.0,21.0,Cooked oomlie wrap.png,Cooked oomlie wrap,1411.0,1789650319.0,548.0,1789619183.0
"Mmm, this looks tasty.",29137,True,1.0,10000.0,4.0,2.0,Cooked pyre fox.png,Cooked pyre fox,523.0,1789604432.0,525.0,1789624621.0
Mmm this looks tasty.,3228,True,1.0,6000.0,4.0,2.0,Cooked rabbit.png,Cooked rabbit,458.0,1789654388.0,300.0,1789627602.0
"A cooked slimy eel - not delicious, but pretty nutritious.",3381,True,1.0,6000.0,1.0,1.0,Cooked slimy eel.png,Cooked slimy eel,21.0,1789652646.0,133.0,1789626562.0
"Mmm, this looks tasty.",29140,True,1.0,10000.0,4.0,2.0,Cooked sunlight antelope.png,Cooked sunlight antelope,1080.0,1789642750.0,837.0,1789650318.0
Delicious cooked sweetcorn.,5988,True,3.0,11000.0,9.0,5.0,Cooked sweetcorn.png,Cooked sweetcorn,109.0,1789631080.0,104.0,1789627816.0
Seared to perfection.,33109,False,4.0,6000.0,10.0,6.0,Cooked t-bone steak.png,Cooked t-bone steak,95.0,1789651487.0,91.0,1789651714.0
"Mmm, this looks tasty.",29128,True,1.0,10000.0,4.0,2.0,Cooked wild kebbit.png,Cooked wild kebbit,700.0,1789578393.0,700.0,1789590628.0
Keeps the doctor away.,1955,False,1.0,13000.0,1.0,1.0,Cooking apple.png,Cooking apple,37.0,1789654259.0,36.0,1789653204.0
This needs refining.,436,False,1.0,13000.0,3.0,1.0,Copper ore.png,Copper ore,15.0,1789654430.0,14.0,1789654259.0
Used for enchant spells.,564,False,20.0,18000.0,50.0,30.0,Cosmic rune.png,Cosmic rune,119.0,1789654434.0,119.0,1789654434.0
A mysterious power emanates from the talisman...,1454,True,1.0,11000.0,4.0,2.0,Cosmic talisman.png,Cosmic talisman,173.0,1789653984.0,172.0,1789654376.0
A tiara infused with the properties of the cosmos.,5539,True,40.0,40.0,100.0,60.0,Cosmic tiara.png,Cosmic tiara,127.0,1789654004.0,115.0,1789653453.0
I should use this with a spinning wheel.,31460,True,40.0,,100.0,60.0,Cotton boll.png,Cotton boll,1626.0,1789653578.0,1603.0,1789652608.0
A cotton plant seed - plant in a hops patch.,31545,True,2.0,2000.0,5.0,3.0,Cotton seed 5.png,Cotton seed,1890.0,1789653775.0,1885.0,1789654276.0
Spun from cotton bolls.,31469,True,48.0,13000.0,120.0,72.0,Cotton yarn.png,Cotton yarn,1554.0,1789649182.0,1351.0,1789629103.0
Cute cow slippers.,33093,True,400.0,4.0,1000.0,600.0,Cow slippers (1).png,Cow slippers,2288.0,1789654374.0,2000.0,1789651814.0
I should take this to the tannery.,1739,False,1.0,13000.0,2.0,1.0,Cowhide.png,Cowhide,126.0,1789653691.0,124.0,1789654181.0
A paste made by crushing a crab.,31708,True,120.0,13000.0,300.0,180.0,Crab paste.png,Crab paste,118.0,1789641865.0,95.0,1789649725.0
This bow once belonged to a formidable follower of Armadyl.,22547,True,48000.0,8.0,120000.0,72000.0,Craw's bow (u).png,Craw's bow (u),14909642.0,1789654296.0,14650000.0,1789653928.0
"They're soft, silky and cream.",632,True,80.0,150.0,200.0,120.0,Cream boots.png,Cream boots,720.0,1789651416.0,11.0,1789634012.0
A silly cream pointed hat.,662,True,64.0,150.0,160.0,96.0,Cream hat.png,Cream hat,2990.0,1789629449.0,1390.0,1789653546.0
Made by Tree Gnomes with a thing for cream.,652,True,72.0,150.0,180.0,108.0,Cream robe bottoms.png,Cream robe bottoms,1978.0,1789648908.0,264.0,1789559019.0
"The ultimate in gnome design, now in cream!",642,True,72.0,150.0,180.0,108.0,Cream robe top.png,Cream robe top,229.0,1789651426.0,6.0,1789619021.0
For whom?,20243,True,2000.0,4.0,5000.0,3000.0,Crier bell.png,Crier bell,4289.0,1789615320.0,3587.0,1789643995.0
Don't shoot the messenger!,20240,True,2000.0,4.0,5000.0,3000.0,Crier coat.png,Crier coat,4444.0,1789624252.0,2471.0,1789647779.0
Hear ye! Hear ye!,12319,True,2000.0,4.0,5000.0,3000.0,Crier hat.png,Crier hat,4499.0,1789641441.0,3069.0,1789637726.0
A nasty war implement. I should be careful not to hit myself.,33631,True,96000.0,5.0,240000.0,144000.0,Crimson kisten.png,Crimson kisten,54487962.0,1789653991.0,53000000.0,1789654004.0
This fires crossbow bolts.,837,False,28.0,125.0,70.0,42.0,Crossbow.png,Crossbow,490.0,1789653851.0,250.0,1789653415.0
A string for a crossbow.,9438,True,1.0,11000.0,1.0,1.0,Crossbow string.png,Crossbow string,200.0,1789653637.0,105.0,1789625822.0
How does it all fit in there?,8496,True,4.0,500.0,10.0,6.0,Crude chair (flatpack).png,Crude chair (flatpack),3409.0,1789653802.0,1440.0,1789640947.0
A shallow tray used for baking crunchies in.,2165,True,4.0,40.0,10.0,6.0,Crunchy tray.png,Crunchy tray,385.0,1789584108.0,205.0,1789652745.0
Speckled with smouldering rock.,30848,True,32.0,25000.0,80.0,48.0,Crushed infernal shale 5.png,Crushed infernal shale,1740.0,1789654106.0,1739.0,1789653624.0
A crushed bird's nest.,6693,True,80.0,11000.0,200.0,120.0,Crushed nest.png,Crushed nest,4366.0,1789654035.0,4301.0,1789654420.0
Ground up superior dragon bones.,21975,True,20.0,11000.0,50.0,30.0,Crushed superior dragon bones.png,Crushed superior dragon bones,19900.0,1789641731.0,19821.0,1789650495.0
A seed to be sung into the finest crystal armour.,23956,True,200000.0,100.0,500000.0,300000.0,Crystal armour seed.png,Crystal armour seed,5556235.0,1789652172.0,5452002.0,1789654429.0
Smells of victory.,24000,True,12000.0,,30000.0,18000.0,Crystal grail.png,Crystal grail,260835.0,1789653128.0,240747.0,1789616733.0
A mysterious key for a mysterious chest.,989,True,60.0,11000.0,150.0,90.0,Crystal key.png,Crystal key,20764.0,1789653733.0,19999.0,1789654399.0
A seed to be sung into the best tools of the craft.,23953,True,200000.0,100.0,500000.0,300000.0,Crystal tool seed.png,Crystal tool seed,23211000.0,1789654251.0,22511413.0,1789654270.0
A seed to be sung into the finest crystal weapons.,4207,True,1.0,70.0,1.0,1.0,Crystal weapon seed.png,Crystal weapon seed,335020.0,1789654425.0,329890.0,1789654348.0
It's hot!,4460,True,4.0,13000.0,10.0,6.0,Cup of hot water.png,Cup of hot water,498.0,1789653559.0,420.0,1789634880.0
A nice cup of tea.,1978,True,4.0,2000.0,10.0,6.0,Cup of tea.png,Cup of tea,102.0,1789654163.0,100.0,1789654205.0
A cup of water.,4458,True,4.0,13000.0,10.0,6.0,Cup of water.png,Cup of water,55.0,1789621903.0,55.0,1789607262.0
It's a bar of cupronickel.,32892,True,11.0,10000.0,28.0,16.0,Cupronickel bar.png,Cupronickel bar,2400.0,1789654424.0,2391.0,1789654279.0
Ready to be cut and sewn into armour.,10820,True,40.0,13000.0,100.0,60.0,Cured yak-hide.png,Cured yak-hide,878.0,1789652741.0,878.0,1789593974.0
It's a spicy hot curry.,2011,True,8.0,10000.0,20.0,12.0,Curry.png,Curry,379.0,1789653902.0,352.0,1789654203.0
I could make a spicy curry with this.,5970,True,7.0,11000.0,19.0,11.0,Curry leaf.png,Curry leaf,85.0,1789653702.0,79.0,1789654259.0
This sapling is ready to be replanted in a fruit tree patch.,5499,True,1.0,200.0,1.0,1.0,Curry sapling.png,Curry sapling,303.0,1789654266.0,303.0,1789654316.0
Plant in a plantpot of soil to grow a sapling.,5286,True,15.0,200.0,39.0,23.0,Curry tree seed 5.png,Curry tree seed,56.0,1789650967.0,55.0,1789654377.0
An cursed amulet of magic.,29486,False,360.0,125.0,900.0,540.0,Cursed amulet of magic.png,Cursed amulet of magic,19769.0,1789648410.0,17548.0,1789649551.0
You'd expect this to interfere with your 3D vision.,19915,True,2000.0,4.0,5000.0,3000.0,Cyclops head.png,Cyclops head,2992.0,1789644117.0,3386.0,1789653584.0
These would feed a dogfish for months!,6729,True,60.0,7500.0,150.0,90.0,Dagannoth bones.png,Dagannoth bones,12775.0,1789653627.0,12610.0,1789654280.0
A sturdy piece of dagannoth hide.,6155,True,24.0,11000.0,60.0,36.0,Dagannoth hide.png,Dagannoth hide,167.0,1789651933.0,162.0,1789652960.0
A hat worn by members of the Dagon'hai.,24288,True,6800.0,,17000.0,10200.0,Dagon'hai hat.png,Dagon'hai hat,294581.0,1789653178.0,293333.0,1789654279.0
A robe worn by members of the Dagon'hai.,24294,True,36000.0,,90000.0,54000.0,Dagon'hai robe bottom.png,Dagon'hai robe bottom,813145.0,1789649794.0,426333.0,1789654281.0
A robe worn by members of the Dagon'hai.,24291,True,56000.0,,140000.0,84000.0,Dagon'hai robe top.png,Dagon'hai robe top,399290.0,1789652917.0,393534.0,1789654280.0
"A set containing a Dagon'hai hat, robe top and robe bottom.",24333,True,86800.0,,217000.0,130200.0,Dagon'hai robes set.png,Dagon'hai robes set,1222614.0,1789653874.0,1176592.0,1789653912.0
"Smells like the north end of a southbound monkey, because it is.",19665,True,1.0,13000.0,2.0,1.0,Damaged monkey tail.png,Damaged monkey tail,91.0,1789524531.0,73.0,1789635436.0
"A teleport to Dareeyak, in level 23 Wilderness.",12777,True,1.0,10000.0,1.0,1.0,Dareeyak teleport (tablet).png,Dareeyak teleport (tablet),990.0,1789653958.0,771.0,1789653519.0
A bow from a darker dimension.,11235,True,48000.0,8.0,120002.0,72001.0,Dark bow.png,Dark bow,586354.0,1789653027.0,570000.0,1789654363.0
Bow ties are cool.,19970,True,2000.0,4.0,5000.0,3000.0,Dark bow tie.png,Dark bow tie,328384.0,1789620837.0,315002.0,1789649641.0
All for one and one for all!,2641,True,80.0,4.0,200.0,120.0,Dark cavalier.png,Dark cavalier,2109.0,1789651247.0,2335.0,1789651387.0
This looks tricky to eat.,11936,True,128.0,10000.0,320.0,192.0,Dark crab.png,Dark crab,1299.0,1789654419.0,1266.0,1789654406.0
What on earth would eat this?,11940,True,1.0,8000.0,3.0,1.0,Dark fishing bait.png,Dark fishing bait,5.0,1789654333.0,5.0,1789654240.0
Use on infinity pieces to recolour them!,12528,True,2000.0,4.0,5000.0,3000.0,Dark infinity colour kit.png,Dark infinity colour kit,40925.0,1789652186.0,18000.0,1789654032.0
"Sleek, silent and furry.",10115,True,84.0,10000.0,210.0,126.0,Dark kebbit fur.png,Dark kebbit fur,82.0,1789650447.0,82.0,1789654249.0
Dark tuxedo trousers with white stockings.,19964,True,2400.0,4.0,6000.0,3600.0,Dark trousers.png,Dark trousers,615000.0,1789624275.0,558003.0,1789653351.0
Linked tuxedo cuffs with a dark trim.,19961,True,1200.0,4.0,3000.0,1800.0,Dark tuxedo cuffs.png,Dark tuxedo cuffs,451253.0,1789536983.0,385831.0,1789649761.0
A dark tuxedo jacket with a white shirt.,19958,True,4000.0,4.0,10000.0,6000.0,Dark tuxedo jacket.png,Dark tuxedo jacket,2699568.0,1789574016.0,1655359.0,1789651595.0
Dark shoes to match your dark tuxedo.,19967,True,1200.0,4.0,3000.0,1800.0,Dark tuxedo shoes.png,Dark tuxedo shoes,475000.0,1789620664.0,390001.0,1789652673.0
Nature's equivalent of go-faster stripes.,10127,True,108.0,10000.0,270.0,162.0,Dashing kebbit fur.png,Dashing kebbit fur,159.0,1789654219.0,166.0,1789654124.0
Used for medium level missile spells.,560,False,72.0,25000.0,180.0,108.0,Death rune.png,Death rune,194.0,1789654423.0,191.0,1789654412.0
A mysterious power emanates from the talisman...,1456,True,1.0,11000.0,4.0,2.0,Death talisman.png,Death talisman,2334.0,1789653924.0,1550.0,1789654352.0
A tiara infused with the properties of death.,5547,True,40.0,40.0,100.0,60.0,Death tiara.png,Death tiara,2115.0,1789653397.0,500.0,1789652129.0
Elementary!,12540,True,920.0,4.0,2300.0,1380.0,Deerstalker.png,Deerstalker,26246.0,1789627725.0,12345.0,1789646264.0
One dose of fishy Defence potion.,11459,True,24.0,2000.0,60.0,36.0,Defence mix(1).png,Defence mix(1),495000.0,1789439960.0,150000.0,1789496414.0
Two doses of fishy Defence potion.,11457,True,36.0,2000.0,90.0,54.0,Defence mix(2).png,Defence mix(2),56000.0,1781952371.0,177.0,1789447693.0
1 dose of Defence potion.,137,True,24.0,2000.0,60.0,36.0,Defence potion(1).png,Defence potion(1),106.0,1789643977.0,75.0,1789578242.0
2 doses of Defence potion.,135,True,36.0,2000.0,90.0,54.0,Defence potion(2).png,Defence potion(2),199.0,1789586842.0,175.0,1789649538.0
3 doses of Defence potion.,133,True,48.0,2000.0,120.0,72.0,Defence potion(3).png,Defence potion(3),1000.0,1789635816.0,341.0,1789654326.0
4 doses of Defence potion.,2432,True,60.0,2000.0,150.0,90.0,Defence potion(4).png,Defence potion(4),640.0,1789653931.0,620.0,1789654097.0
Vicious demon slippers.,23294,False,400.0,4.0,1000.0,600.0,Demon feet.png,Demon feet,143700.0,1789652990.0,125032.0,1789653011.0
A strange glowing tear.,31111,True,200.0,13000.0,500.0,300.0,Demon tear.png,Demon tear,243.0,1789654344.0,236.0,1789654418.0
"Used on a Soul Reaper axe, to decorate it in the style of Leagues VI: Demonic Pacts.",33305,True,,,1.0,,Demonic axe ornament kit.png,Demonic axe ornament kit,2235571.0,1789651615.0,2070241.0,1789653306.0
The boots of a Demonic Relic Hunter.,33269,True,,4.0,100000.0,,Demonic boots (t1).png,Demonic boots (t1),35786.0,1789523236.0,4105.0,1789586056.0
The boots of a Demonic Relic Hunter.,33281,True,,4.0,100000.0,,Demonic boots (t2).png,Demonic boots (t2),83998.0,1789570717.0,35000.0,1789584792.0
The boots of a Demonic Relic Hunter.,33293,True,,4.0,100000.0,,Demonic boots (t3).png,Demonic boots (t3),175000.0,1789630203.0,101001.0,1789645303.0
The hood of a Demonic Relic Hunter.,33260,True,,4.0,100000.0,,Demonic hood (t1).png,Demonic hood (t1),83485.0,1789632827.0,42421.0,1789609251.0
The hood of a Demonic Relic Hunter.,33272,True,,4.0,100000.0,,Demonic hood (t2).png,Demonic hood (t2),357635.0,1789629888.0,289206.0,1789629984.0
The hood of a Demonic Relic Hunter.,33284,True,,4.0,100000.0,,Demonic hood (t3).png,Demonic hood (t3),3965000.0,1789629953.0,3664035.0,1789652564.0
A banner showcasing the colours of Leagues VI: Demonic Pacts.,33299,True,,,1000.0,,Demonic pacts banner.png,Demonic pacts banner,145000.0,1789647478.0,70000.0,1789649905.0
Used on a Demon Butler inside your Player Owned House to decorate it in the style of Leagues VI - Demonic Pacts.,33368,True,,,25000.0,,Demonic pacts demon butler scroll.png,Demonic pacts demon butler scroll,1324000.0,1789628821.0,901000.0,1789617648.0
"A set containing Demonic Pacts boots (t1), Demonic Pacts trousers (t1), Demonic Pacts top (t1) and Demonic Pacts hood (t1).",33451,True,,,50000.0,,Demonic pacts relic hunter (t1) armour set.png,Demonic pacts relic hunter (t1) armour set,75000.0,1789613849.0,67777.0,1789559071.0
"A set containing Demonic Pacts boots (t2), Demonic Pacts trousers (t2), Demonic Pacts top (t2) and Demonic Pacts hood (t2).",33454,True,,,50000.0,,Demonic pacts relic hunter (t2) armour set.png,Demonic pacts relic hunter (t2) armour set,693047.0,1789570048.0,600000.0,1789529545.0
"A set containing Demonic Pacts boots (t3), Demonic Pacts trousers (t3), Demonic Pacts top (t3) and Demonic Pacts hood (t3).",33457,True,,,50000.0,,Demonic pacts relic hunter (t3) armour set.png,Demonic pacts relic hunter (t3) armour set,5051693.0,1789641187.0,5000000.0,1789623856.0
Use it on the Throne inside your Player Owned House to decorate it in the style of Leagues VI: Demonic Pacts,33362,True,,,25000.0,,Demonic pacts throne scroll.png,Demonic pacts throne scroll,324995.0,1789614106.0,246000.0,1789609412.0
These look like they can be attached to a slayer helmet.,33342,True,,,100000.0,,Demonic quill.png,Demonic quill,152822.0,1789653807.0,140000.0,1789652830.0
The robe bottom of a Demonic Relic Hunter.,33266,True,,4.0,100000.0,,Demonic robe bottom (t1).png,Demonic robe bottom (t1),4000.0,1789642284.0,4001.0,1789537089.0
The robe bottom of a Demonic Relic Hunter.,33278,True,,4.0,100000.0,,Demonic robe bottom (t2).png,Demonic robe bottom (t2),147519.0,1789540831.0,33516.0,1789621767.0
The robe bottom of a Demonic Relic Hunter.,33290,True,,4.0,100000.0,,Demonic robe bottom (t3).png,Demonic robe bottom (t3),253838.0,1789651745.0,100005.0,1789651571.0
The robe top of a Demonic Relic Hunter.,33263,True,,4.0,100000.0,,Demonic robe top (t1).png,Demonic robe top (t1),15000.0,1789634610.0,13000.0,1789641247.0
The robe top of a Demonic Relic Hunter.,33275,True,,4.0,100000.0,,Demonic robe top (t2).png,Demonic robe top (t2),101119.0,1789570690.0,50009.0,1789584637.0
The robe top of a Demonic Relic Hunter.,33287,True,,4.0,100000.0,,Demonic robe top (t3).png,Demonic robe top (t3),594485.0,1789630006.0,441867.0,1789639187.0
The sceptre of a Demonic Relic Hunter.,33296,True,400.0,,1000.0,600.0,Demonic sceptre.png,Demonic sceptre,651248.0,1789641686.0,510000.0,1789624157.0
Embrace your inner demon.,33302,True,,,1.0,,Demonic skin contract.png,Demonic skin contract,1013528.0,1789653941.0,858386.0,1789620963.0
Used on Iban's Staff to decorate it in the style of Leagues VI: Demonic Pacts.,33308,True,,,1.0,,Demonic staff ornament kit.png,Demonic staff ornament kit,150000.0,1789633127.0,224094.0,1789574272.0
Somebody's been avoiding their cardio...,30800,True,200.0,11000.0,500.0,300.0,Demonic tallow.png,Demonic tallow,199.0,1789653289.0,187.0,1789651570.0
"Used on a Trident of the Seas or Swamp, to decorate it in the style of Leagues VI: Demonic Pacts.",33311,True,,,1.0,,Demonic trident ornament kit.png,Demonic trident ornament kit,848963.0,1789653014.0,775000.0,1789654180.0
Comfortable desert shoes.,1837,True,8.0,150.0,20.0,12.0,Desert boots.png,Desert boots,126.0,1789654365.0,110.0,1789653934.0
These should make me harder to spot in desert areas.,10063,True,8.0,,20.0,12.0,Desert camo legs.png,Desert camo legs,7000.0,1789622093.0,6880.0,1789653635.0
This should make me harder to spot in desert areas.,10061,True,8.0,,20.0,12.0,Desert camo top.png,Desert camo top,6500.0,1789653098.0,3500.0,1789601172.0
Sandy coloured kebbit fur.,10123,True,6.0,10000.0,17.0,10.0,Desert devil fur.png,Desert devil fur,566.0,1789579489.0,624.0,1789621171.0
Better than factor 50 sun cream.,6390,True,10.0,150.0,25.0,15.0,Desert legs.png,Desert legs,10000.0,1789643395.0,2500.0,1789633774.0
"A cool, light desert robe.",1835,True,16.0,150.0,40.0,24.0,Desert robe.png,Desert robe,144.0,1789654355.0,100.0,1789653923.0
Has a coarse hard wearing texture.,6386,True,10.0,150.0,25.0,15.0,Desert robes.png,Desert robes,2941.0,1789616824.0,2238.0,1789587940.0
"A cool, light desert shirt.",1833,True,16.0,150.0,40.0,24.0,Desert shirt.png,Desert shirt,174.0,1789654348.0,100.0,1789653929.0
A bit itchy.,6384,True,6.0,150.0,15.0,9.0,Desert top.png,Desert top,3500.0,1789643516.0,1344.0,1789616797.0
Good for those cold desert nights.,6388,True,14.0,150.0,35.0,21.0,Desert top (overcoat).png,Desert top (overcoat),5500.0,1789616007.0,1250.0,1789632637.0
A pair of Devout Boots.,22954,True,8000.0,70.0,20000.0,12000.0,Devout boots.png,Devout boots,979000.0,1789654297.0,950095.0,1789654083.0
Scrawled words that can invoke the power of the gods.,21034,True,32000.0,5.0,80000.0,48000.0,Dexterous prayer scroll.png,Dexterous prayer scroll,16300000.0,1789654026.0,15851253.0,1789653524.0
"A set containing a Dharok's helm, platelegs, platebody and greataxe.",12877,True,160000.0,8.0,400000.0,240000.0,Dharok's armour set.png,Dharok's armour set,4170000.0,1789652659.0,4088789.0,1789649978.0
Dharok the Wretched's greataxe.,4718,True,83200.0,15.0,208000.0,124800.0,Dharok's greataxe.png,Dharok's greataxe,1873321.0,1789654221.0,1807336.0,1789654091.0
Dharok the Wretched's greataxe.,4890,True,83200.0,15.0,208000.0,124800.0,Dharok's greataxe 0.png,Dharok's greataxe 0,1900000.0,1789631988.0,1802007.0,1789654001.0
Dharok the Wretched's helm.,4716,True,41200.0,15.0,103000.0,61800.0,Dharok's helm.png,Dharok's helm,354996.0,1789653199.0,345002.0,1789654087.0
Dharok the Wretched's helm.,4884,True,41200.0,15.0,103000.0,61800.0,Dharok's helm 0.png,Dharok's helm 0,338999.0,1789637024.0,331000.0,1789653539.0
Dharok the Wretched's platebody armour.,4720,True,112000.0,15.0,280000.0,168000.0,Dharok's platebody.png,Dharok's platebody,854000.0,1789653091.0,829329.0,1789653687.0
Dharok the Wretched's platebody armour.,4896,True,112000.0,15.0,280000.0,168000.0,Dharok's platebody 0.png,Dharok's platebody 0,745000.0,1789599159.0,777007.0,1789653536.0
Dharok the Wretched's plate leg armour.,4722,True,110000.0,15.0,275000.0,165000.0,Dharok's platelegs.png,Dharok's platelegs,1035394.0,1789653096.0,1001747.0,1789654132.0
Dharok the Wretched's plate leg armour.,4902,True,110000.0,15.0,275000.0,165000.0,Dharok's platelegs 0.png,Dharok's platelegs 0,892096.0,1789559198.0,945000.0,1789653535.0
"Their subtle, pulsing glow would be great for catching anglerfish.",30773,True,36.0,8000.0,90.0,54.0,Diabolic worms.png,Diabolic worms,2143.0,1789654282.0,2138.0,1789654280.0
This looks valuable.,1601,False,800.0,11000.0,2000.0,1200.0,Diamond.png,Diamond,1639.0,1789654362.0,1625.0,1789654388.0
I wonder if I can get this enchanted.,1700,False,1410.0,10000.0,3525.0,2115.0,Diamond amulet.png,Diamond amulet,2032.0,1789654277.0,1982.0,1789654076.0
It needs a string so I can wear it.,1681,False,1410.0,10000.0,3525.0,2115.0,Diamond amulet (u).png,Diamond amulet (u),1923.0,1789654242.0,1859.0,1789654005.0
Diamond bolt tips.,9192,True,53.0,11000.0,133.0,79.0,Diamond bolt tips 5.png,Diamond bolt tips,167.0,1789654376.0,161.0,1789654370.0
Diamond tipped Adamantite crossbow bolts.,9340,True,76.0,11000.0,192.0,115.0,Diamond bolts 5.png,Diamond bolts,333.0,1789653174.0,320.0,1789654151.0
Enchanted Diamond tipped Adamantite Crossbow Bolts.,9243,True,84.0,11000.0,211.0,126.0,Diamond bolts (e) 5.png,Diamond bolts (e),132.0,1789654425.0,128.0,1789653756.0
I wonder if this is valuable.,11092,True,1530.0,10000.0,3825.0,2295.0,Diamond bracelet.png,Diamond bracelet,1871.0,1789654206.0,1820.0,1789654369.0
"Dragon crossbow bolts, tipped with diamond.",21969,True,340.0,11000.0,850.0,510.0,Diamond dragon bolts 5.png,Diamond dragon bolts,2800.0,1789651956.0,2750.0,1789653832.0
"Enchanted Dragon crossbow bolts, tipped with diamond.",21946,True,352.0,11000.0,880.0,528.0,Diamond dragon bolts (e) 5.png,Diamond dragon bolts (e),2744.0,1789654394.0,2673.0,1789654300.0
I wonder if this is valuable.,1662,False,1470.0,18000.0,3675.0,2205.0,Diamond necklace.png,Diamond necklace,1993.0,1789654302.0,1990.0,1789654398.0
A valuable ring.,1643,False,1410.0,10000.0,3525.0,2115.0,Diamond ring.png,Diamond ring,1960.0,1789654337.0,1950.0,1789654411.0
Teleports you to the Digsite.,12403,True,4.0,10000.0,10.0,6.0,Digsite teleport.png,Digsite teleport,4612.0,1789654305.0,4359.0,1789654367.0
Is it... looking at me?,21015,True,224000.0,8.0,560000.0,336000.0,Dinh's bulwark.png,Dinh's bulwark,12234405.0,1789654342.0,11946113.0,1789654199.0
Used to get out of Thordur's blackhole.,981,False,48.0,50.0,120.0,72.0,Disk of Returning.png,Disk of Returning,13426.0,1789637294.0,13363.0,1789654155.0
1 dose of divine bastion potion.,24644,True,72.0,2000.0,180.0,108.0,Divine bastion potion(1).png,Divine bastion potion(1),5769.0,1789652291.0,4374.0,1789653578.0
2 doses of divine bastion potion.,24641,True,144.0,2000.0,360.0,216.0,Divine bastion potion(2).png,Divine bastion potion(2),9789.0,1789639304.0,8400.0,1789650105.0
3 doses of divine bastion potion.,24638,True,216.0,2000.0,540.0,324.0,Divine bastion potion(3).png,Divine bastion potion(3),26063.0,1789639316.0,14717.0,1789650733.0
4 doses of divine bastion potion.,24635,True,288.0,2000.0,720.0,432.0,Divine bastion potion(4).png,Divine bastion potion(4),19849.0,1789654406.0,19652.0,1789654312.0
1 dose of divine battlemage potion.,24632,True,72.0,2000.0,180.0,108.0,Divine battlemage potion(1).png,Divine battlemage potion(1),1200.0,1789654259.0,214.0,1789652114.0
2 doses of divine battlemage potion.,24629,True,144.0,2000.0,360.0,216.0,Divine battlemage potion(2).png,Divine battlemage potion(2),9575.0,1789600468.0,7900.0,1789611844.0
3 doses of divine battlemage potion.,24626,True,216.0,2000.0,540.0,324.0,Divine battlemage potion(3).png,Divine battlemage potion(3),15334.0,1789603720.0,13501.0,1789652109.0
4 doses of divine battlemage potion.,24623,True,288.0,2000.0,720.0,432.0,Divine battlemage potion(4).png,Divine battlemage potion(4),18935.0,1789654423.0,18677.0,1789653307.0
1 dose of divine magic potion.,23754,True,16.0,2000.0,40.0,24.0,Divine magic potion(1).png,Divine magic potion(1),467.0,1789622164.0,333.0,1789634786.0
2 doses of divine magic potion.,23751,True,36.0,2000.0,90.0,54.0,Divine magic potion(2).png,Divine magic potion(2),2314.0,1789562331.0,1975.0,1789644975.0
3 doses of divine magic potion.,23748,True,68.0,2000.0,170.0,102.0,Divine magic potion(3).png,Divine magic potion(3),2175.0,1789644240.0,1600.0,1789645111.0
4 doses of divine magic potion.,23745,True,100.0,2000.0,250.0,150.0,Divine magic potion(4).png,Divine magic potion(4),4393.0,1789654107.0,3998.0,1789654255.0
1 dose of divine ranging potion.,23742,True,16.0,2000.0,40.0,24.0,Divine ranging potion(1).png,Divine ranging potion(1),1503.0,1789654151.0,1414.0,1789653783.0
2 doses of divine ranging potion.,23739,True,36.0,2000.0,90.0,54.0,Divine ranging potion(2).png,Divine ranging potion(2),3168.0,1789654099.0,2750.0,1789652229.0
3 doses of divine ranging potion.,23736,True,68.0,2000.0,170.0,102.0,Divine ranging potion(3).png,Divine ranging potion(3),4569.0,1789653786.0,4171.0,1789654003.0
4 doses of divine ranging potion.,23733,True,100.0,2000.0,250.0,150.0,Divine ranging potion(4).png,Divine ranging potion(4),6063.0,1789654422.0,6125.0,1789653137.0
1 dose of divine super attack potion.,23706,True,16.0,2000.0,40.0,24.0,Divine super attack potion(1).png,Divine super attack potion(1),698.0,1789331491.0,846.0,1789649235.0
2 doses of divine super attack potion.,23703,True,36.0,2000.0,90.0,54.0,Divine super attack potion(2).png,Divine super attack potion(2),500.0,1789645308.0,500.0,1789653153.0
3 doses of divine super attack potion.,23700,True,68.0,2000.0,170.0,102.0,Divine super attack potion(3).png,Divine super attack potion(3),2622.0,1789616707.0,4971.0,1789651349.0
4 doses of divine super attack potion.,23697,True,100.0,2000.0,250.0,150.0,Divine super attack potion(4).png,Divine super attack potion(4),7912.0,1789654195.0,5429.0,1789653637.0
1 dose of divine super combat potion.,23694,True,16.0,2000.0,40.0,24.0,Divine super combat potion(1).png,Divine super combat potion(1),4579.0,1789654391.0,4195.0,1789654419.0
2 doses of divine super combat potion.,23691,True,36.0,2000.0,90.0,54.0,Divine super combat potion(2).png,Divine super combat potion(2),9380.0,1789652915.0,8600.0,1789654158.0
3 doses of divine super combat potion.,23688,True,68.0,2000.0,170.0,102.0,Divine super combat potion(3).png,Divine super combat potion(3),13856.0,1789652518.0,13592.0,1789654040.0
4 doses of divine super combat potion.,23685,True,100.0,2000.0,250.0,150.0,Divine super combat potion(4).png,Divine super combat potion(4),17700.0,1789654353.0,17842.0,1789653505.0
1 dose of divine super defence potion.,23730,True,16.0,2000.0,40.0,24.0,Divine super defence potion(1).png,Divine super defence potion(1),1122.0,1789654241.0,962.0,1789651401.0
2 doses of divine super defence potion.,23727,True,36.0,2000.0,90.0,54.0,Divine super defence potion(2).png,Divine super defence potion(2),1714.0,1789247563.0,1740.0,1789607984.0
3 doses of divine super defence potion.,23724,True,68.0,2000.0,170.0,102.0,Divine super defence potion(3).png,Divine super defence potion(3),2048.0,1789651839.0,1850.0,1789652067.0
4 doses of divine super defence potion.,23721,True,100.0,2000.0,250.0,150.0,Divine super defence potion(4).png,Divine super defence potion(4),5835.0,1789653113.0,5022.0,1789653729.0
1 dose of divine super strength potion.,23718,True,16.0,2000.0,40.0,24.0,Divine super strength potion(1).png,Divine super strength potion(1),1266.0,1789642975.0,1100.0,1789646827.0
2 doses of divine super strength potion.,23715,True,36.0,2000.0,90.0,54.0,Divine super strength potion(2).png,Divine super strength potion(2),2473.0,1789601567.0,2113.0,1789636108.0
3 doses of divine super strength potion.,23712,True,68.0,2000.0,170.0,102.0,Divine super strength potion(3).png,Divine super strength potion(3),4219.0,1789609194.0,4650.0,1789637939.0
4 doses of divine super strength potion.,23709,True,100.0,2000.0,250.0,150.0,Divine super strength potion(4).png,Divine super strength potion(4),5086.0,1789653380.0,5086.0,1789654302.0
Lets you get away with it - sometimes.,21143,True,420.0,10000.0,1050.0,630.0,Dodgy necklace.png,Dodgy necklace,1527.0,1789654417.0,1480.0,1789654241.0
"A tasty herb, good for seasoning.",1573,True,1.0,15.0,2.0,1.0,Doogle leaves.png,Doogle leaves,91.0,1789654105.0,6.0,1789639953.0
This fires crossbow bolts.,8880,True,800.0,70.0,2000.0,1200.0,Dorgeshuun crossbow.png,Dorgeshuun crossbow,1850.0,1789654340.0,4198.0,1789654409.0
A black piece of cloth on a string.,19727,True,1.0,4.0,2.0,1.0,Double eye patch.png,Double eye patch,9346.0,1789650645.0,8900.0,1789540399.0
It looks like this could be attached to a shield somehow.,11286,True,300000.0,5.0,750000.0,450000.0,Draconic visage.png,Draconic visage,3300000.0,1789643281.0,3181111.0,1789654391.0
A two-handed Dragon Sword.,7158,True,88000.0,8.0,220000.0,132000.0,Dragon 2h sword.png,Dragon 2h sword,131246.0,1789652922.0,131003.0,1789654432.0
"A set containing a full helm, platebody, legs and kiteshield.",21882,True,200000.0,8.0,500000.0,300000.0,Dragon armour set (lg).png,Dragon armour set (lg),117274000.0,1789607557.0,113076999.0,1789489125.0
"A set containing a full helm, platebody, skirt and kiteshield.",21885,True,200000.0,8.0,500000.0,300000.0,Dragon armour set (sk).png,Dragon armour set (sk),114899995.0,1788279357.0,125000000.0,1774223838.0
An arrow made using a dragon's talon.,11212,True,320.0,11000.0,800.0,480.0,Dragon arrow 5.png,Dragon arrow,1890.0,1789654432.0,1861.0,1789653982.0
Venomous-looking arrows.,11227,True,320.0,11000.0,800.0,480.0,Dragon arrow(p) 5.png,Dragon arrow(p),1868.0,1789650907.0,1619.0,1789653439.0
Venomous-looking arrows.,11228,True,320.0,11000.0,800.0,480.0,Dragon arrow(p+) 5.png,Dragon arrow(p+),1782.0,1789645339.0,1722.0,1789625457.0
Venomous-looking arrows.,11229,True,320.0,11000.0,800.0,480.0,Dragon arrow(p++) 5.png,Dragon arrow(p++),1781.0,1789652791.0,1776.0,1789654305.0
"Dragon talons, usable as arrowheads.",11237,True,200.0,10000.0,500.0,300.0,Dragon arrowtips.png,Dragon arrowtips,1919.0,1789652891.0,1906.0,1789654368.0
A very powerful axe.,6739,True,22000.0,40.0,55000.0,33000.0,Dragon axe.png,Dragon axe,77808.0,1789654400.0,77808.0,1789654427.0
A vicious looking axe.,1377,True,80000.0,70.0,200000.0,120000.0,Dragon battleaxe.png,Dragon battleaxe,119325.0,1789654395.0,119200.0,1789654365.0
A glass of bitter.,1911,True,1.0,2000.0,2.0,1.0,Dragon bitter.png,Dragon bitter,200.0,1789653310.0,200.0,1789654236.0
How does it all fit in there?,8524,True,4.0,500.0,10.0,6.0,Dragon bitter (flatpack).png,Dragon bitter (flatpack),50000.0,1789586595.0,2.0,1787763489.0
This keg contains 4 pints of Dragon Bitter.,5809,True,1.0,2000.0,1.0,1.0,Dragon bitter(4).png,Dragon bitter(4),26894.0,1789445764.0,26894.0,1789445368.0
This looks a good deal stronger than normal Dragon Bitter.,5745,True,1.0,2000.0,2.0,1.0,Dragon bitter(m).png,Dragon bitter(m),139000.0,1788042204.0,40023.0,1787312653.0
This keg contains 4 pints of mature Dragon Bitter.,5889,True,1.0,2000.0,1.0,1.0,Dragon bitter(m4).png,Dragon bitter(m4),100000.0,1787479222.0,100000.0,1787300319.0
Dragon crossbow bolts.,21905,True,170.0,11000.0,425.0,255.0,Dragon bolts 5.png,Dragon bolts,2600.0,1789653632.0,2600.0,1789653716.0
Some poisoned dragon bolts.,21924,True,172.0,11000.0,430.0,258.0,Dragon bolts (p) 5.png,Dragon bolts (p),2104.0,1789633721.0,2001.0,1789233217.0
Some poisoned dragon bolts.,21926,True,174.0,11000.0,435.0,261.0,Dragon bolts (p+) 5.png,Dragon bolts (p+),2600.0,1789637400.0,2097.0,1789652820.0
Some poisoned dragon bolts.,21928,True,176.0,11000.0,440.0,264.0,Dragon bolts (p++) 5.png,Dragon bolts (p++),3482.0,1789618286.0,3832.0,1789653279.0
Unfeathered dragon crossbow bolts.,21930,True,56.0,13000.0,141.0,84.0,Dragon bolts (unf) 5.png,Dragon bolts (unf),2694.0,1789652137.0,2607.0,1789654431.0
These would feed a dog for months!,536,True,64.0,7500.0,160.0,96.0,Dragon bones.png,Dragon bones,3658.0,1789654408.0,3593.0,1789654426.0
These will protect my feet.,11840,True,8000.0,70.0,20000.0,12000.0,Dragon boots.png,Dragon boots,214470.0,1789653985.0,208922.0,1789654403.0
Use on some dragon boots to make them look fancier!,22231,True,2000.0,4.0,5000.0,3000.0,Dragon boots ornament kit.png,Dragon boots ornament kit,4896.0,1789654213.0,5000.0,1789650378.0
An onyx topped cane.,12373,True,12000.0,4.0,30000.0,18000.0,Dragon cane.png,Dragon cane,17382.0,1789640183.0,17200.0,1789649835.0
An old part of a dragon cannon.,32115,True,20000.0,100.0,50000.0,30000.0,Dragon cannon barrel.png,Dragon cannon barrel,538667.0,1789638803.0,525000.0,1789652806.0
Ammo suited for a boat's cannon.,31916,True,720.0,11000.0,1800.0,1080.0,Dragon cannonball.png,Dragon cannonball,1250.0,1789651684.0,1253.0,1789654424.0
A series of connected metal rings.,3140,True,100000.0,70.0,250000.0,150000.0,Dragon chainbody.png,Dragon chainbody,188243.0,1789654411.0,183007.0,1789654031.0
Use on a dragon chainbody to make it look fancier!,12534,True,2000.0,4.0,5000.0,3000.0,Dragon chainbody ornament kit.png,Dragon chainbody ornament kit,29783.0,1789654157.0,15000.0,1789649443.0
A set of fighting claws.,13652,True,82000.0,8.0,205000.0,123000.0,Dragon claws.png,Dragon claws,38820030.0,1789653752.0,37938971.0,1789653997.0
A dragon crossbow.,21902,True,21600.0,70.0,54000.0,32400.0,Dragon crossbow.png,Dragon crossbow,567999.0,1789654418.0,556652.0,1789654408.0
An unstrung dragon crossbow.,21921,True,12000.0,10000.0,30000.0,18000.0,Dragon crossbow (u).png,Dragon crossbow (u),550000.0,1789631585.0,550000.0,1789641965.0
A powerful dagger.,1215,True,12000.0,70.0,30000.0,18000.0,Dragon dagger.png,Dragon dagger,17300.0,1789653919.0,17227.0,1789654274.0
A powerful dagger.,1231,True,9600.0,70.0,24000.0,14400.0,Dragon dagger(p).png,Dragon dagger(p),17049.0,1789624891.0,19735.0,1789649930.0
A powerful dagger.,5680,True,9600.0,70.0,24000.0,14400.0,Dragon dagger(p+).png,Dragon dagger(p+),17550.0,1789651016.0,16613.0,1789654041.0
A powerful dagger.,5698,True,9600.0,70.0,24000.0,14400.0,Dragon dagger(p++).png,Dragon dagger(p++),17330.0,1789654362.0,17330.0,1789653938.0
A deadly throwing dart with a dragon tip.,11230,True,200.0,11000.0,500.0,300.0,Dragon dart.png,Dragon dart,1099.0,1789654425.0,1072.0,1789654301.0
A deadly looking dragon dart tip - needs feathers for flight.,11232,True,100.0,11000.0,250.0,150.0,Dragon dart tip.png,Dragon dart tip,1290.0,1789654215.0,1250.0,1789654412.0
A deadly poisoned dart with a dragon tip.,11231,True,200.0,11000.0,500.0,300.0,Dragon dart(p).png,Dragon dart(p),1109.0,1789646092.0,1015.0,1789610595.0
A deadly poisoned dart with a dragon tip.,11233,True,200.0,11000.0,500.0,300.0,Dragon dart(p+).png,Dragon dart(p+),1277.0,1789617333.0,1014.0,1789644895.0
A deadly poisoned dart with a dragon tip.,11234,True,200.0,11000.0,500.0,300.0,Dragon dart(p++).png,Dragon dart(p++),1561.0,1789651706.0,1561.0,1789653434.0
Use on the dragon defender to trim it with gold.,20143,True,2000.0,4.0,5000.0,3000.0,Dragon defender ornament kit.png,Dragon defender ornament kit,20000.0,1789654077.0,14500.0,1789653984.0
A woodcutter's axe.,28217,True,22000.0,,55000.0,33000.0,Dragon felling axe.png,Dragon felling axe,2117507.0,1789654384.0,2056195.0,1789652665.0
Protects your head and looks impressive too.,11335,True,60000.0,8.0,150000.0,90000.0,Dragon full helm.png,Dragon full helm,46499999.0,1789631679.0,44421231.0,1789638869.0
Use on a dragon full helm to make it look fancier!,12538,True,2000.0,4.0,5000.0,3000.0,Dragon full helm ornament kit.png,Dragon full helm ornament kit,22407.0,1789585552.0,22000.0,1789648368.0
A dragon halberd.,3204,True,100000.0,70.0,250000.0,150000.0,Dragon halberd.png,Dragon halberd,156502.0,1789654272.0,149130.0,1789653533.0
A very powerful harpoon.,21028,True,22000.0,5.0,55000.0,33000.0,Dragon harpoon.png,Dragon harpoon,2117075.0,1789653854.0,2080968.0,1789652008.0
A one-handed dragon hasta.,22731,True,24960.0,70.0,62400.0,37440.0,Dragon hasta.png,Dragon hasta,38621.0,1789639102.0,38621.0,1789648328.0
"A poison-tipped, one-handed dragon hasta",22734,True,24960.0,70.0,62400.0,37440.0,Dragon hasta(p).png,Dragon hasta(p),53500.0,1789160156.0,27003.0,1789321657.0
"A poison-tipped, one-handed dragon hasta",22737,True,24960.0,70.0,62400.0,37440.0,Dragon hasta(p+).png,Dragon hasta(p+),57089.0,1789476553.0,34000.0,1788224177.0
"A poison-tipped, one-handed dragon hasta",22740,True,24960.0,70.0,62400.0,37440.0,Dragon hasta(p++).png,Dragon hasta(p++),44316.0,1789645184.0,34294.0,1789645425.0
A crossbow used for dragon hunting.,21012,True,32000.0,8.0,80000.0,48000.0,Dragon hunter crossbow.png,Dragon hunter crossbow,30002233.0,1789654019.0,29293101.0,1789654222.0
A lance that is exceptionally good at killing dragons and their ilk.,22978,True,120000.0,8.0,300000.0,180000.0,Dragon hunter lance.png,Dragon hunter lance,44802990.0,1789654171.0,44802990.0,1789654118.0
A wand that is uniquely attuned to draconic creatures.,30070,True,120000.0,8.0,300000.0,180000.0,Dragon hunter wand.png,Dragon hunter wand,10236339.0,1789652853.0,10000001.0,1789653826.0
Dragon impling in a jar.,11256,True,20.0,18000.0,50.0,30.0,Dragon impling jar.png,Dragon impling jar,418000.0,1789653198.0,410001.0,1789654300.0
A dragon tipped javelin.,19484,True,180.0,11000.0,450.0,270.0,Dragon javelin.png,Dragon javelin,588.0,1789654395.0,565.0,1789653987.0
Needs a shaft.,19582,True,780.0,10000.0,1950.0,1170.0,Dragon javelin tips 5.png,Dragon javelin tips,719.0,1789654386.0,708.0,1789654421.0
A dragon tipped javelin.,19486,True,180.0,11000.0,450.0,270.0,Dragon javelin(p).png,Dragon javelin(p),754.0,1789630510.0,1224.0,1789653927.0
A dragon tipped javelin.,19488,True,180.0,11000.0,450.0,270.0,Dragon javelin(p+).png,Dragon javelin(p+),1141.0,1789600854.0,260.0,1789649031.0
A dragon tipped javelin.,19490,True,180.0,11000.0,450.0,270.0,Dragon javelin(p++).png,Dragon javelin(p++),1249.0,1789653663.0,1083.0,1789652844.0
Parts for creating a dragon keel for a boat.,32017,True,15000.0,100.0,37500.0,22500.0,Dragon keel parts.png,Dragon keel parts,298644.0,1789654004.0,269138.0,1789654052.0
An ancient and powerful looking Dragon Kiteshield.,21895,True,640000.0,70.0,1600000.0,960000.0,Dragon kiteshield.png,Dragon kiteshield,59746965.0,1789583445.0,60000000.0,1789629846.0
Use on a dragon kiteshield to make it look fancier!,22239,True,2000.0,4.0,5000.0,3000.0,Dragon kiteshield ornament kit.png,Dragon kiteshield ornament kit,3406599.0,1789500014.0,3100000.0,1789621354.0
A finely balanced and powerful throwing knife.,22804,True,66.0,11000.0,167.0,100.0,Dragon knife.png,Dragon knife,3531.0,1789652647.0,3402.0,1789653594.0
A finely balanced and powerful throwing knife.,22806,True,66.0,7000.0,166.0,99.0,Dragon knife(p).png,Dragon knife(p),3397.0,1789621608.0,2979.0,1789609208.0
A finely balanced and powerful throwing knife.,22808,True,66.0,7000.0,166.0,99.0,Dragon knife(p+).png,Dragon knife(p+),3288.0,1789645517.0,3002.0,1789646408.0
A finely balanced and powerful throwing knife.,22810,True,66.0,7000.0,166.0,99.0,Dragon knife(p++).png,Dragon knife(p++),3979.0,1789653746.0,3898.0,1789653458.0
Use on dragon platelegs or plateskirt to make them look fancier!,12536,True,2000.0,4.0,5000.0,3000.0,Dragon legs+skirt ornament kit.png,Dragon legs/skirt ornament kit,2949.0,1789654178.0,2840.0,1789647088.0
A pair of dragon crossbow limbs.,21918,True,14000.0,10000.0,35000.0,21000.0,Dragon limbs.png,Dragon limbs,540048.0,1789652015.0,520119.0,1789654385.0
A very powerful sword.,1305,True,40000.0,70.0,100000.0,60000.0,Dragon longsword.png,Dragon longsword,59196.0,1789654414.0,59000.0,1789654352.0
A spiky mace.,1434,True,20000.0,70.0,50000.0,30000.0,Dragon mace.png,Dragon mace,29260.0,1789653679.0,30822.0,1789653902.0
Makes the wearer pretty intimidating.,1149,True,40000.0,8.0,100000.0,60000.0,Dragon med helm.png,Dragon med helm,58567.0,1789654401.0,58548.0,1789654402.0
A badly damaged lump of dragon metal.,22103,True,60000.0,50.0,150000.0,90000.0,Dragon metal lump.png,Dragon metal lump,123044.0,1789640748.0,110058.0,1789649694.0
A badly damaged shard of dragon metal.,22097,True,480000.0,50.0,1200000.0,720000.0,Dragon metal shard.png,Dragon metal shard,1651904.0,1789302186.0,1830364.0,1789429469.0
A very old sheet of dragon metal.,31996,True,20000.0,64.0,50000.0,30000.0,Dragon metal sheet.png,Dragon metal sheet,192033.0,1789653693.0,190222.0,1789654238.0
A badly damaged slice of dragon metal.,22100,True,40000.0,50.0,100000.0,60000.0,Dragon metal slice.png,Dragon metal slice,60000000.0,1788926821.0,59300000.0,1789545067.0
Keeps things in place fairly permanently.,31406,True,140.0,13000.0,350.0,210.0,Dragon nails.png,Dragon nails,12999.0,1789653551.0,12616.0,1789654405.0
I wonder if this is valuable.,1664,True,7350.0,10000.0,18375.0,11025.0,Dragon necklace.png,Dragon necklace,11526.0,1789654030.0,11046.0,1789654312.0
"If rocks could feel fear, they'd fear this.",11920,True,39180.0,40.0,97950.0,58770.0,Dragon pickaxe.png,Dragon pickaxe,603085.0,1789653823.0,597924.0,1789654357.0
Makes a dragon pickaxe more beautiful.,12800,True,640.0,50.0,1600.0,960.0,Dragon pickaxe upgrade kit.png,Dragon pickaxe upgrade kit,643712.0,1789653672.0,622279.0,1789653825.0
Provides excellent protection.,21892,True,800000.0,70.0,2000000.0,1200000.0,Dragon platebody.png,Dragon platebody,2034173.0,1789652109.0,1989977.0,1789649817.0
Use on a dragon platebody to make it look fancier!,22236,True,2000.0,4.0,5000.0,3000.0,Dragon platebody ornament kit.png,Dragon platebody ornament kit,5477321.0,1789606428.0,5178789.0,1789648090.0
These look pretty heavy.,4087,True,108000.0,70.0,270000.0,162000.0,Dragon platelegs.png,Dragon platelegs,161155.0,1789654278.0,160690.0,1789654411.0
This looks pretty heavy.,4585,True,108000.0,70.0,270000.0,162000.0,Dragon plateskirt.png,Dragon plateskirt,161214.0,1789654402.0,161150.0,1789654405.0
Finely ground scale of Dragon.,241,True,20.0,13000.0,52.0,31.0,Dragon scale dust.png,Dragon scale dust,70.0,1789653892.0,70.0,1789653518.0
"A vicious, curved sword.",4587,True,40000.0,70.0,100000.0,60000.0,Dragon scimitar.png,Dragon scimitar,59510.0,1789653898.0,59104.0,1789654429.0
Use on the dragon scimitar to trim it with gold.,20002,True,2000.0,4.0,5000.0,3000.0,Dragon scimitar ornament kit.png,Dragon scimitar ornament kit,193817.0,1789638846.0,123225.0,1789653434.0
A dragon tipped spear.,1249,True,24960.0,70.0,62400.0,37440.0,Dragon spear.png,Dragon spear,42798.0,1789654391.0,38388.0,1789654204.0
A poisoned dragon tipped spear.,1263,True,24960.0,70.0,62400.0,37440.0,Dragon spear(p).png,Dragon spear(p),38728.0,1789513721.0,45169.0,1789614156.0
A poisoned dragon tipped spear.,5716,True,24960.0,70.0,62400.0,37440.0,Dragon spear(p+).png,Dragon spear(p+),47256.0,1789545011.0,29400.0,1789629168.0
A poisoned dragon tipped spear.,5730,True,24960.0,70.0,62400.0,37440.0,Dragon spear(p++).png,Dragon spear(p++),39335.0,1789649911.0,35550.0,1789651073.0
An ancient and powerful looking Dragon Square shield.,1187,True,200000.0,70.0,500000.0,300000.0,Dragon sq shield.png,Dragon sq shield,306019.0,1789654248.0,299103.0,1789650090.0
Use on a dragon square shield to make it look fancier!,12532,True,2000.0,4.0,5000.0,3000.0,Dragon sq shield ornament kit.png,Dragon sq shield ornament kit,13974.0,1789601381.0,11002.0,1789649959.0
A razor sharp sword.,21009,True,28800.0,70.0,72001.0,43200.0,Dragon sword.png,Dragon sword,88393.0,1789653661.0,74368.0,1789654125.0
A razor sharp throwing axe.,20849,True,300.0,11000.0,750.0,450.0,Dragon thrownaxe.png,Dragon thrownaxe,341.0,1789653875.0,332.0,1789654287.0
"Spikey, close combat weapon.",13576,True,48000.0,8.0,120000.0,72000.0,Dragon warhammer.png,Dragon warhammer,15587151.0,1789653522.0,15251924.0,1789654328.0
A necklace made out of dragon bones.,22111,True,32000.0,8.0,80000.0,48000.0,Dragonbone necklace.png,Dragonbone necklace,138645.0,1789654074.0,127887.0,1789652754.0
"A heavy shield with a snarling, draconic visage.",11284,True,800000.0,8.0,2000000.0,1200000.0,Dragonfire shield (uncharged).png,Dragonfire shield,3281768.0,1789653460.0,3225022.0,1789653936.0
"A light shield with a haunting, skeletal visage.",22003,True,800000.0,8.0,2000000.0,1200000.0,Dragonfire ward (uncharged).png,Dragonfire ward,12395358.0,1789652935.0,12114573.0,1789653905.0
A large ripe dragonfruit.,22929,True,38.0,11000.0,95.0,57.0,Dragonfruit.png,Dragonfruit,851.0,1789654430.0,812.0,1789654192.0
Mmm dragonfruit pie.,22795,True,28.0,10000.0,70.0,42.0,Dragonfruit pie.png,Dragonfruit pie,366.0,1789653975.0,335.0,1789649830.0
This sapling is ready to be replanted in a fruit tree patch.,22866,True,1.0,200.0,1.0,1.0,Dragonfruit sapling.png,Dragonfruit sapling,156339.0,1789653673.0,152885.0,1789652223.0
Plant in a plantpot of soil to grow a sapling.,22877,True,172.0,200.0,430.0,258.0,Dragonfruit tree seed 5.png,Dragonfruit tree seed,151200.0,1789653806.0,150040.0,1789654388.0
This looks valuable.,1615,True,4000.0,11000.0,10000.0,6000.0,Dragonstone.png,Dragonstone,11100.0,1789654352.0,10888.0,1789654434.0
I wonder if I can get this enchanted.,1702,True,7050.0,10000.0,17625.0,10575.0,Dragonstone amulet.png,Dragonstone amulet,11693.0,1789653926.0,11164.0,1789653264.0
It needs a string so I can wear it.,1683,True,7050.0,10000.0,17625.0,10575.0,Dragonstone amulet (u).png,Dragonstone amulet (u),10874.0,1789649887.0,10700.0,1789652985.0
"A set containing dragonstone helmet, platebody, platelegs, boots and gauntlets.",23667,True,32000.0,,80000.0,48000.0,Dragonstone armour set.png,Dragonstone armour set,2779845.0,1789561067.0,2581010.0,1789561090.0
Dragonstone bolt tips.,9193,True,266.0,11000.0,667.0,400.0,Dragonstone bolt tips 5.png,Dragonstone bolt tips,424.0,1789654257.0,424.0,1789654407.0
Dragonstone tipped Runite crossbow bolts.,9341,True,386.0,11000.0,967.0,580.0,Dragonstone bolts 5.png,Dragonstone bolts,527.0,1789654411.0,530.0,1789654127.0
Enchanted Dragonstone tipped Runite Crossbow Bolts.,9244,True,425.0,11000.0,1063.0,637.0,Dragonstone bolts (e) 5.png,Dragonstone bolts (e),305.0,1789654430.0,300.0,1789654116.0
A stylish pair of rune boots inlaid with dragonstones.,24043,True,5000.0,,12500.0,7500.0,Dragonstone boots.png,Dragonstone boots,80000.0,1789647125.0,75000.0,1789602754.0
I wonder if this is valuable.,11115,True,7650.0,10000.0,19125.0,11475.0,Dragonstone bracelet.png,Dragonstone bracelet,11379.0,1789653863.0,11330.0,1789653771.0
"Dragon crossbow bolts, tipped with dragonstone. Double dragon!",21971,True,398.0,11000.0,995.0,597.0,Dragonstone dragon bolts 5.png,Dragonstone dragon bolts,3025.0,1789625255.0,2894.0,1789642300.0
"Enchanted Dragon crossbow bolts, tipped with dragonstone. Double dragon!",21948,True,460.0,11000.0,1150.0,690.0,Dragonstone dragon bolts (e) 5.png,Dragonstone dragon bolts (e),2284.0,1789653452.0,2205.0,1789653636.0
A stylish rune full helm inlaid with dragonstones.,24034,False,14080.0,,35200.0,21120.0,Dragonstone full helm.png,Dragonstone full helm,841206.0,1789642379.0,754956.0,1789628279.0
A stylish pair of rune gauntlets inlaid with dragonstones.,24046,True,5000.0,,12500.0,7500.0,Dragonstone gauntlets.png,Dragonstone gauntlets,202675.0,1789644205.0,150000.0,1789643764.0
A stylish rune platebody inlaid with dragonstones.,24037,False,26000.0,,65000.0,39000.0,Dragonstone platebody.png,Dragonstone platebody,752501.0,1789642373.0,720184.0,1789644269.0
A stylish pair of rune platelegs inlaid with dragonstones.,24040,False,25600.0,,64000.0,38400.0,Dragonstone platelegs.png,Dragonstone platelegs,667088.0,1789642366.0,611000.0,1789647817.0
A valuable ring.,1645,True,7050.0,10000.0,17625.0,10575.0,Dragonstone ring.png,Dragonstone ring,10554.0,1789652734.0,10418.0,1789654227.0
The bones of a ferocious Drake.,22783,True,64.0,7500.0,160.0,96.0,Drake bones.png,Drake bones,4852.0,1789646209.0,4719.0,1789654375.0
The claw of a ferocious drake. They could be combined with the boots of stone.,22957,True,40000.0,15.0,100000.0,60000.0,Drake's claw.png,Drake's claw,210974.0,1789644430.0,205002.0,1789649500.0
The tooth of a ferocious drake. They could be combined with holy sandals.,22960,True,40000.0,70.0,100000.0,60000.0,Drake's tooth.png,Drake's tooth,60000.0,1789632002.0,59635.0,1789652845.0
A teleport to Draynor Manor.,19615,True,1.0,10000.0,1.0,1.0,Draynor manor teleport (tablet).png,Draynor manor teleport (tablet),2254.0,1789654432.0,2217.0,1789654219.0
"A very large net, too big to be used by hand.",21652,True,8.0,600.0,20.0,12.0,Drift net.png,Drift net,1930.0,1789653820.0,1626.0,1789654338.0
Keeps a druid's knees nice and warm.,538,True,12.0,125.0,30.0,18.0,Druid's robe.png,Druid's robe,7777.0,1789601761.0,7776.0,1789653255.0
I feel closer to the gods when I am wearing this.,540,True,16.0,125.0,40.0,24.0,Druid's robe top.png,Druid's robe top,9999.0,1789617340.0,9999.0,1789653251.0
A warm creamy alcoholic beverage.,2092,True,12.0,2000.0,30.0,18.0,Drunk dragon.png,Drunk dragon,2973.0,1789652729.0,775.0,1789628514.0
A brutal pair.,28997,True,116004.0,15.0,290010.0,174006.0,Dual macuahuitl.png,Dual macuahuitl,4724797.0,1789654283.0,4614291.0,1789654309.0
A pair of aggressive Sai.,23206,True,2400.0,8.0,6000.0,3600.0,Dual sai.png,Dual sai,3526.0,1789651027.0,3526.0,1789651592.0
What you have here is some totally worthless dust. Excellent stuff!,30328,False,1.0,250.0,2.0,1.0,Dust_(item).png,Dust,2499.0,1789546856.0,1000.0,1789360825.0
It's a slightly magical stick.,20736,True,6200.0,8.0,15500.0,9300.0,Dust battlestaff.png,Dust battlestaff,9469.0,1789653347.0,9310.0,1789653608.0
A combined Air and Earth Rune.,4696,True,8.0,18000.0,20.0,12.0,Dust rune.png,Dust rune,8.0,1789654313.0,8.0,1789654303.0
A set containing the four parts of the Dwarf Multicannon.,12863,True,240000.0,40.0,600000.0,360000.0,Dwarf cannon set.png,Dwarf cannon set,789680.0,1789654406.0,761801.0,1789654240.0
A powerful herb.,267,True,28.0,11000.0,70.0,42.0,Dwarf weed.png,Dwarf weed,1444.0,1789651804.0,1415.0,1789654313.0
I need another ingredient to finish this Dwarf Weed potion.,109,True,28.0,10000.0,70.0,42.0,Dwarf weed potion (unf).png,Dwarf weed potion (unf),1719.0,1789653935.0,1693.0,1789653095.0
A dwarf weed seed - plant in a herb patch.,5303,True,2.0,200.0,6.0,3.0,Dwarf weed seed 5.png,Dwarf weed seed,700.0,1789653560.0,558.0,1789654414.0
A sturdy helmet that belonged to Rupert the Beard.,11200,True,24000.0,50.0,60000.0,36000.0,Dwarven helmet.png,Dwarven helmet,34946.0,1789654060.0,34946.0,1789654369.0
A pint of thick dark beer.,1913,False,1.0,2000.0,2.0,1.0,Dwarven stout.png,Dwarven stout,154.0,1789654428.0,95.0,1789653886.0
This keg contains 4 pints of Dwarven Stout.,5777,True,1.0,2000.0,1.0,1.0,Dwarven stout(4).png,Dwarven stout(4),14014.0,1789650854.0,21897.0,1789526377.0
This looks a good deal stronger than normal Dwarven Stout.,5747,True,1.0,2000.0,2.0,1.0,Dwarven stout(m).png,Dwarven stout(m),17906.0,1789654337.0,17028.0,1789653856.0
This keg contains 4 pints of mature Dwarven Stout.,5857,True,1.0,2000.0,1.0,1.0,Dwarven stout(m4).png,Dwarven stout(m4),228771.0,1789615364.0,170000.0,1789512912.0
Some rather pretty blue berries.,2126,True,1.0,13000.0,4.0,2.0,Dwellberries.png,Dwellberries,40.0,1789654159.0,31.0,1789632812.0
A dwellberry bush seed - plant in a bush patch.,5103,True,10.0,600.0,25.0,15.0,Dwellberry seed 5.png,Dwellberry seed,19.0,1789648490.0,11.0,1789653883.0
"A pot of dynamite for blast mining, with a fuse ready to light.",13573,True,20.0,13000.0,50.0,30.0,Dynamite.png,Dynamite,195.0,1789653649.0,193.0,1789654302.0
These will protect my ears from loud noise.,4166,True,80.0,70.0,200.0,120.0,Earmuffs.png,Earmuffs,691.0,1789650021.0,632.0,1789651479.0
It's a slightly magical stick.,1399,True,6200.0,18000.0,15500.0,9300.0,Earth battlestaff.png,Earth battlestaff,8820.0,1789653945.0,8776.0,1789654336.0
This seems rather heavy for a gem.,34416,True,8000.0,,20000.0,12000.0,Earth emerald.png,Earth emerald,400000.0,1789632302.0,391000.0,1789652120.0
Earth impling in a jar.,11244,True,20.0,18000.0,50.0,30.0,Earth impling jar.png,Earth impling jar,1529.0,1789651082.0,1508.0,1789654018.0
A magic glowing orb.,575,True,120.0,11000.0,300.0,180.0,Earth orb.png,Earth orb,1107.0,1789652786.0,1100.0,1789654187.0
One of the 4 basic elemental Runes.,557,False,1.0,50000.0,4.0,2.0,Earth rune.png,Earth rune,6.0,1789654417.0,5.0,1789654407.0
A mysterious power emanates from the talisman...,1440,False,1.0,11000.0,4.0,2.0,Earth talisman.png,Earth talisman,674.0,1789654296.0,655.0,1789653973.0
A tiara infused with the properties of the earth.,5535,False,40.0,40.0,100.0,60.0,Earth tiara.png,Earth tiara,5.0,1789654311.0,8.0,1789650769.0
Shaped from rock that was sharpened by time.,30957,True,12000.0,,30000.0,18000.0,Earthbound tecpatl.png,Earthbound tecpatl,88906.0,1789647654.0,80200.0,1789652471.0
Happy Easter.,1961,False,4.0,50.0,10.0,6.0,Easter egg.png,Easter egg,6932.0,1789646131.0,6141.0,1789649015.0
Used on Ahrim's robes to decorate them in the style of Leagues V: Raging Echoes.,30451,True,2000.0,,5000.0,3000.0,Echo ahrim's ornament kit.png,Echo ahrim's ornament kit,192112.0,1789653407.0,175500.0,1789645796.0
A crystal of rebounding potential.,28942,True,60000.0,8.0,150000.0,90000.0,Echo crystal.png,Echo crystal,2050000.0,1789654315.0,2028337.0,1789653197.0
A scroll which unlocks the Raging Echoes Home Teleport animation.,30453,True,10000.0,,25000.0,15000.0,Echo home teleport scroll.png,Echo home teleport scroll,370000.0,1789637275.0,240764.0,1789602370.0
"A glowing pearl, as you stare into it you can hear sounds of the ocean.",31946,True,3200.0,,8000.0,4800.0,Echo pearl.png,Echo pearl,37168.0,1789647723.0,36000.0,1789646519.0
Used on a Venator Bow to decorate it in the style of Leagues V: Raging Echoes.,30432,True,2000.0,,5000.0,3000.0,Echo venator bow ornament kit.png,Echo venator bow ornament kit,1952697.0,1789650595.0,1926568.0,1789653509.0
Used on Virtus robes to decorate them in the style of Leagues V: Raging Echoes.,30443,True,2000.0,,5000.0,3000.0,Echo virtus ornament kit.png,Echo virtus ornament kit,1084693.0,1789653768.0,1004342.0,1789653453.0
Eclectic impling in a jar.,11248,True,20.0,18000.0,50.0,30.0,Eclectic impling jar.png,Eclectic impling jar,4693.0,1789654386.0,4602.0,1789654334.0
"A set containing a Eclipse moon helm, Eclipse moon chestplate, Eclipse moon tassets and Eclipse atlatl.",31142,True,58000.0,2.0,145000.0,87000.0,Eclipse Moon armour set.png,Eclipse Moon armour set,5381107.0,1789654389.0,5285803.0,1789651722.0
The chestplate of the Eclipse Moon.,29004,True,116004.0,15.0,290010.0,174006.0,Eclipse Moon chestplate.png,Eclipse Moon chestplate,1396021.0,1789654010.0,1358070.0,1789654409.0
The chestplate of the Eclipse Moon.,29049,True,116004.0,15.0,290010.0,174006.0,Eclipse Moon chestplate (broken).png,Eclipse Moon chestplate (broken),587104.0,1789648451.0,563000.0,1789653642.0
The helm of the Eclipse Moon.,29010,True,41200.0,15.0,103000.0,61800.0,Eclipse Moon helm.png,Eclipse Moon helm,849422.0,1789653675.0,841003.0,1789653981.0
The helm of the Eclipse Moon.,29055,True,41200.0,15.0,103000.0,61800.0,Eclipse Moon helm (broken).png,Eclipse Moon helm (broken),63888.0,1789633923.0,62512.0,1789653603.0
The tassets of the Eclipse Moon.,29007,True,115964.0,15.0,289910.0,173946.0,Eclipse Moon tassets.png,Eclipse Moon tassets,2235000.0,1789653083.0,2223001.0,1789653991.0
The tassets of the Eclipse Moon.,29052,True,115964.0,15.0,289910.0,173946.0,Eclipse Moon tassets (broken).png,Eclipse Moon tassets (broken),1356614.0,1789652806.0,1439000.0,1789653597.0
A powerful thrown weapon forged from an eclipse.,29000,True,64000.0,15.0,160000.0,96000.0,Eclipse atlatl.png,Eclipse atlatl,690830.0,1789654389.0,675167.0,1789654018.0
A full-bodied Aldarin Red that's generally considered the finest wine available.,29415,True,400.0,2000.0,1000.0,600.0,Eclipse red.png,Eclipse red,1020.0,1789577572.0,815.0,1789651886.0
Slightly damp seaweed.,403,True,1.0,13000.0,2.0,1.0,Edible seaweed.png,Edible seaweed,135.0,1789652900.0,86.0,1789653307.0
Aids the user against vampyres.,21140,True,570.0,15000.0,1425.0,855.0,Efaritay's aid.png,Efaritay's aid,1906.0,1789654315.0,1950.0,1789652197.0
"A blue salt, that when burned with other salts provides various benefits.",22595,True,4.0,10000.0,11.0,6.0,Efh salt.png,Efh salt,104.0,1789654415.0,104.0,1789654022.0
A nice fresh egg.,1944,False,1.0,13000.0,4.0,2.0,Egg.png,Egg,27.0,1789654295.0,26.0,1789653393.0
A bowl of scrambled eggs and tomato.,7064,True,4.0,13000.0,12.0,7.0,Egg and tomato.png,Egg and tomato,9999.0,1789055836.0,180.0,1786045242.0
A baked potato with egg and tomato.,7056,True,4.0,13000.0,12.0,7.0,Egg potato.png,Egg potato,239.0,1789643477.0,295.0,1789653878.0
A large whisk of death.,7435,True,20.0,50.0,50.0,30.0,Egg whisk.png,Egg whisk,170.0,1789600539.0,116.0,1789630526.0
The hood worn by the dangerous elder druids.,20595,True,200.0,8.0,500.0,300.0,Elder chaos hood.png,Elder chaos hood,265033.0,1789654380.0,262135.0,1789653966.0
The robes worn by the dangerous elder druids.,20520,True,280.0,8.0,700.0,420.0,Elder chaos robe.png,Elder chaos robe,244787.0,1789654329.0,234188.0,1789653963.0
The robes worn by the dangerous elder druids.,20517,True,320.0,8.0,800.0,480.0,Elder chaos top.png,Elder chaos top,227320.0,1789654422.0,215000.0,1789653959.0
A maul crafted from the component parts of Tekton.,21003,True,200004.0,8.0,500010.0,300006.0,Elder maul.png,Elder maul,98877805.0,1789654169.0,96217976.0,1789654052.0
"An ancient magical orb, corrupted by darkness.",24517,True,1600000.0,8.0,4000000.0,2400000.0,Eldritch orb.png,Eldritch orb,99200000.0,1789650099.0,99271249.0,1789652148.0
"Water, earth, fire, air. The four elements living together in harmony.",34428,True,33600.0,,84000.0,50400.0,Elemental amulet.png,Elemental amulet,1247500.0,1789654083.0,1206302.0,1789654133.0
A magic helmet.,9729,True,8.0,70.0,20.0,12.0,Elemental helmet.png,Elemental helmet,412.0,1789583447.0,412.0,1789293598.0
A magic shield.,2890,True,8.0,70.0,20.0,12.0,Elemental shield.png,Elemental shield,12319.0,1789654283.0,10000.0,1789653978.0
A mysterious power emanates from the talisman...,5516,True,200.0,40.0,500.0,300.0,Elemental talisman.png,Elemental talisman,2573.0,1789653133.0,2858.0,1789653788.0
A tiara infused with the properties of every elemental rune.,26804,True,40.0,40.0,100.0,60.0,Elemental tiara.png,Elemental tiara,208.0,1789654331.0,101.0,1789654350.0
A ward once used by Elidinis herself.,25985,True,2000000.0,8.0,5000000.0,3000000.0,Elidinis' ward.png,Elidinis' ward,3704051.0,1789653530.0,3608874.0,1789654402.0
No elks were harmed in the making of this coral.,31481,True,20.0,13000.0,52.0,31.0,Elkhorn coral.png,Elkhorn coral,1145.0,1789648705.0,1128.0,1789653361.0
This can be propagated in a coral nursery.,31511,True,10.0,600.0,26.0,15.0,Elkhorn frag.png,Elkhorn frag,88.0,1789638203.0,100.0,1789653780.0
I need another ingredient to finish this Elkhorn potion.,31662,True,10.0,10000.0,25.0,15.0,Elkhorn potion (unf).png,Elkhorn potion (unf),1274.0,1789651110.0,836.0,1789648007.0
Decorative elven boots.,24003,True,4000.0,125.0,10000.0,6000.0,Elven boots.png,Elven boots,25345.0,1789633941.0,18224.0,1789524121.0
It seems to have a little sparkle to it.,23948,True,2.0,,6.0,3.0,Elven dawn.png,Elven dawn,90000.0,1789174602.0,2000.0,1789342990.0
Decorative elven gloves.,24006,True,4000.0,,10000.0,6000.0,Elven gloves.png,Elven gloves,26434.0,1789637146.0,7000.0,1789524550.0
Clothing from the elven city of Prifddinas.,24024,False,2000.0,,5000.0,3000.0,Elven legwear.png,Elven legwear,6145.0,1789625920.0,100.0,1789587132.0
A signet ring with some elven markings.,23943,True,12000.0,5.0,30000.0,18000.0,Elven signet.png,Elven signet,1745457.0,1789652361.0,1618585.0,1789652097.0
Clothing from the elven city of Prifddinas.,24018,False,2000.0,,5000.0,3000.0,Elven skirt (white).png,Elven skirt (white),7648.0,1789621442.0,3910.0,1789602628.0
Clothing from the elven city of Prifddinas.,24012,False,2000.0,,5000.0,3000.0,Elven skirt (yellow).png,Elven skirt (yellow),3835.0,1789610227.0,9784.0,1789552314.0
Clothing from the elven city of Prifddinas.,24027,False,2000.0,,5000.0,3000.0,Elven top (white vest).png,Elven top (white vest),8746.0,1789622178.0,11719.0,1789610562.0
Clothing from the elven city of Prifddinas.,24015,False,2000.0,,5000.0,3000.0,Elven top (white).png,Elven top (white),7699.0,1789641953.0,5000.0,1789607815.0
Clothing from the elven city of Prifddinas.,24021,False,2000.0,,5000.0,3000.0,Elven top (yellow vest).png,Elven top (yellow vest),6668.0,1789615858.0,1300.0,1789617413.0
Clothing from the elven city of Prifddinas.,24009,False,2000.0,,5000.0,3000.0,Elven top (yellow).png,Elven top (yellow),7060.0,1789631589.0,7413.0,1789634772.0
A sigil in the shape of an elysian symbol.,12819,True,300000.0,5.0,750000.0,450000.0,Elysian sigil.png,Elysian sigil,495000000.0,1789523446.0,495799000.0,1789493240.0
An ethereal shield with an elysian sigil attached to it.,12817,True,800000.0,8.0,2000000.0,1200000.0,Elysian spirit shield.png,Elysian spirit shield,502999999.0,1789654185.0,497555555.0,1789643026.0
This looks valuable.,1605,False,200.0,13000.0,500.0,300.0,Emerald.png,Emerald,336.0,1789654228.0,326.0,1789654416.0
I wonder if I can get this enchanted.,1696,False,510.0,10000.0,1275.0,765.0,Emerald amulet.png,Emerald amulet,851.0,1789653454.0,721.0,1789654085.0
It needs a string so I can wear it.,1677,False,510.0,10000.0,1275.0,765.0,Emerald amulet (u).png,Emerald amulet (u),605.0,1789653617.0,591.0,1789652152.0
Emerald bolt tips.,9190,True,13.0,11000.0,33.0,19.0,Emerald bolt tips 5.png,Emerald bolt tips,42.0,1789653725.0,54.0,1789654408.0
Emerald tipped Mithril crossbow bolts.,9338,True,21.0,11000.0,53.0,31.0,Emerald bolts 5.png,Emerald bolts,80.0,1789653369.0,78.0,1789651981.0
Enchanted Emerald tipped Mithril Crossbow Bolts.,9241,True,23.0,11000.0,59.0,35.0,Emerald bolts (e) 5.png,Emerald bolts (e),14.0,1789653437.0,14.0,1789653242.0
I wonder if this is valuable.,11076,True,610.0,10000.0,1525.0,915.0,Emerald bracelet.png,Emerald bracelet,695.0,1789654161.0,618.0,1789654329.0
"Dragon crossbow bolts, tipped with emerald.",21965,True,320.0,11000.0,800.0,480.0,Emerald dragon bolts 5.png,Emerald dragon bolts,2930.0,1789643124.0,2777.0,1789640865.0
"Enchanted Dragon crossbow bolts, tipped with emerald.",21942,True,332.0,11000.0,830.0,498.0,Emerald dragon bolts (e) 5.png,Emerald dragon bolts (e),1990.0,1789586454.0,1488.0,1789646852.0
I wonder if this is valuable.,1658,False,570.0,18000.0,1425.0,855.0,Emerald necklace.png,Emerald necklace,695.0,1789654251.0,676.0,1789654412.0
A valuable ring.,1639,False,510.0,10000.0,1275.0,765.0,Emerald ring.png,Emerald ring,639.0,1789653400.0,625.0,1789654410.0
Put a candle in to complete it.,4527,True,4.0,10000.0,10.0,6.0,Empty candle lantern.png,Empty candle lantern,9.0,1789654261.0,9.0,1789654171.0
An empty cup.,1980,True,1.0,13000.0,2.0,1.0,Empty cup.png,Empty cup,4.0,1789654341.0,4.0,1789653768.0
An empty fishbowl.,6667,True,1.0,100.0,1.0,1.0,Empty fishbowl.png,Empty fishbowl,83.0,1789654332.0,63.0,1789653921.0
An oil lamp with no oil in it.,4525,True,10.0,10000.0,25.0,15.0,Empty oil lamp.png,Empty oil lamp,3.0,1789644330.0,3.0,1789639625.0
Put oil in to complete it.,4535,True,48.0,10000.0,120.0,72.0,Empty oil lantern.png,Empty oil lantern,8000.0,1789461812.0,25.0,1789383771.0
An empty plant pot.,5350,True,1.0,10000.0,1.0,1.0,Empty plant pot.png,Empty plant pot,9.0,1789652228.0,14.0,1789654191.0
An empty vegetable sack.,5418,True,1.0,10000.0,1.0,1.0,Empty sack.png,Empty sack,4.0,1789654171.0,3.0,1789653493.0
A tablet containing a magic spell.,8019,True,1.0,10000.0,1.0,1.0,Enchant diamond.png,Enchant diamond,4999.0,1789331659.0,385.0,1789594566.0
A tablet containing a magic spell.,8020,True,1.0,10000.0,1.0,1.0,Enchant dragonstone.png,Enchant dragonstone,100.0,1789591354.0,5.0,1789609635.0
A tablet containing a magic spell.,8017,True,1.0,10000.0,1.0,1.0,Enchant emerald or jade.png,Enchant emerald or jade,527.0,1789649777.0,2.0,1789295835.0
A tablet containing a magic spell.,8021,True,1.0,10000.0,1.0,1.0,Enchant onyx.png,Enchant onyx,483.0,1789579070.0,199.0,1789426202.0
A tablet containing a magic spell.,8018,True,1.0,10000.0,1.0,1.0,Enchant ruby or topaz.png,Enchant ruby or topaz,588.0,1789650866.0,325.0,1789648226.0
A tablet containing a magic spell.,8016,True,1.0,10000.0,1.0,1.0,Enchant sapphire or opal.png,Enchant sapphire or opal,124.0,1789514142.0,104.0,1789653204.0
A three pointed hat of magic.,7400,True,6000.0,8.0,15000.0,9000.0,Enchanted hat.png,Enchanted hat,9304.0,1789653909.0,8212.0,1789650789.0
Enchanted Wizards robes.,7398,True,32000.0,8.0,80000.0,48000.0,Enchanted robe.png,Enchanted robe,53250.0,1789654292.0,46201.0,1789653508.0
Enchanted Wizards robes.,7399,True,48000.0,8.0,120000.0,72000.0,Enchanted top.png,Enchanted top,80399.0,1789654394.0,79795.0,1789654433.0
One dose of fishy energy potion.,11455,True,14.0,2000.0,36.0,21.0,Energy mix(1).png,Energy mix(1),1.0,1789082072.0,290.0,1789281808.0
Two doses of fishy energy potion.,11453,True,28.0,2000.0,72.0,43.0,Energy mix(2).png,Energy mix(2),66.0,1789644275.0,35.0,1789551729.0
1 dose of energy potion.,3014,False,14.0,2000.0,36.0,21.0,Energy potion(1).png,Energy potion(1),42.0,1789650339.0,37.0,1789653048.0
2 doses of energy potion.,3012,False,28.0,2000.0,72.0,43.0,Energy potion(2).png,Energy potion(2),101.0,1789629450.0,97.0,1789654178.0
3 doses of energy potion.,3010,False,44.0,2000.0,110.0,66.0,Energy potion(3).png,Energy potion(3),113.0,1789653835.0,115.0,1789654219.0
4 doses of energy potion.,3008,False,58.0,2000.0,146.0,87.0,Energy potion(4).png,Energy potion(4),172.0,1789654402.0,165.0,1789654270.0
A seed to be sung into a infinite teleport crystal.,23959,True,40000.0,100.0,100000.0,60000.0,Enhanced crystal teleport seed.png,Enhanced crystal teleport seed,3004383.0,1789654240.0,2951889.0,1789653387.0
A seed to be sung into the most powerful crystal weaponry.,25859,True,200000.0,70.0,500000.0,300000.0,Enhanced crystal weapon seed.png,Enhanced crystal weapon seed,112769399.0,1789651481.0,111321081.0,1789650116.0
An enhanced blueprint for a quetzal whistle.,29253,True,2000.0,,5000.0,3000.0,Enhanced quetzal whistle blueprint.png,Enhanced quetzal whistle blueprint,27289.0,1789652749.0,26500.0,1789654056.0
The creature's soul is still in here.,13508,True,234.0,3000.0,585.0,351.0,Ensouled abyssal head.png,Ensouled abyssal head,3330.0,1789654008.0,3297.0,1789654180.0
The creature's soul is still in here.,13505,True,221.0,7500.0,553.0,331.0,Ensouled aviansie head.png,Ensouled aviansie head,2409.0,1789546361.0,2500.0,1789642467.0
The creature's soul is still in here.,13463,True,104.0,3000.0,260.0,156.0,Ensouled bear head.png,Ensouled bear head,611.0,1789647144.0,608.0,1789644699.0
The creature's soul is still in here.,13496,True,197.0,3000.0,494.0,296.0,Ensouled bloodveld head.png,Ensouled bloodveld head,2127.0,1789650329.0,2050.0,1789653905.0
The creature's soul is still in here.,13472,True,119.0,3000.0,299.0,179.0,Ensouled chaos druid head.png,Ensouled chaos druid head,324.0,1789647860.0,324.0,1789653415.0
The creature's soul is still in here.,13493,True,182.0,7500.0,455.0,273.0,Ensouled dagannoth head.png,Ensouled dagannoth head,1275.0,1789648456.0,1281.0,1789654308.0
The creature's soul is still in here.,13502,True,210.0,7500.0,527.0,316.0,Ensouled demon head.png,Ensouled demon head,3099.0,1789650878.0,3000.0,1789654321.0
The creature's soul is still in here.,13469,True,114.0,3000.0,286.0,171.0,Ensouled dog head.png,Ensouled dog head,2140.0,1789610570.0,1503.0,1789653403.0
The creature's soul is still in here.,13511,True,260.0,7500.0,650.0,390.0,Ensouled dragon head.png,Ensouled dragon head,6160.0,1789651790.0,6001.0,1789654396.0
The creature's soul is still in here.,13481,True,143.0,7500.0,358.0,214.0,Ensouled elf head.png,Ensouled elf head,1287.0,1789652108.0,1264.0,1789654215.0
The creature's soul is still in here.,13475,True,127.0,3000.0,319.0,191.0,Ensouled giant head.png,Ensouled giant head,530.0,1789649504.0,520.0,1789654343.0
The creature's soul is still in here.,13448,True,20.0,3000.0,52.0,31.0,Ensouled goblin head.png,Ensouled goblin head,1000.0,1789541684.0,243.0,1789652611.0
The creature's soul is still in here. I could reanimate it with Expert Reanimation.,26997,True,214.0,,536.0,321.0,Ensouled hellhound head.png,Ensouled hellhound head,3680.0,1789651025.0,3508.0,1789654202.0
The creature's soul is still in here.,13487,True,161.0,7500.0,403.0,241.0,Ensouled horror head.png,Ensouled horror head,1421.0,1789640529.0,1250.0,1789654176.0
The creature's soul is still in here.,13454,True,62.0,3000.0,156.0,93.0,Ensouled imp head.png,Ensouled imp head,1500.0,1789651012.0,1500.0,1789650602.0
The creature's soul is still in here.,13490,True,173.0,7500.0,433.0,259.0,Ensouled kalphite head.png,Ensouled kalphite head,948.0,1789632735.0,800.0,1789654171.0
The creature's soul is still in here.,13457,True,91.0,3000.0,228.0,136.0,Ensouled minotaur head.png,Ensouled minotaur head,640.0,1789605702.0,640.0,1789654167.0
The creature's soul is still in here.,13451,True,41.0,3000.0,104.0,62.0,Ensouled monkey head.png,Ensouled monkey head,561.0,1789567751.0,563.0,1789644687.0
The creature's soul is still in here.,13478,True,135.0,3000.0,338.0,202.0,Ensouled ogre head.png,Ensouled ogre head,801.0,1789610078.0,744.0,1789654177.0
The creature's soul is still in here.,13460,True,98.0,3000.0,247.0,148.0,Ensouled scorpion head.png,Ensouled scorpion head,661.0,1789613978.0,529.0,1789653037.0
The creature's soul is still in here.,13484,True,153.0,7500.0,384.0,230.0,Ensouled troll head.png,Ensouled troll head,1128.0,1789654037.0,1102.0,1789654185.0
The creature's soul is still in here.,13499,True,202.0,3000.0,507.0,304.0,Ensouled tzhaar head.png,Ensouled tzhaar head,2306.0,1789643497.0,2307.0,1789653016.0
The creature's soul is still in here.,13466,True,106.0,3000.0,267.0,160.0,Ensouled unicorn head.png,Ensouled unicorn head,801.0,1789647366.0,779.0,1789647355.0
A branch from an ent.,31032,True,88.0,,220.0,132.0,Ent branch.png,Ent branch,3373.0,1789652377.0,3300.0,1789654014.0
Small sweet smelling leaves.,2128,True,1.0,13000.0,2.0,1.0,Equa leaves.png,Equa leaves,203.0,1789654382.0,141.0,1789633998.0
Essence impling in a jar.,11246,True,20.0,18000.0,50.0,30.0,Essence impling jar.png,Essence impling jar,2318.0,1789653421.0,2463.0,1789654114.0
A still dripping venomous fang from a powerful araxyte etched with powerful runes.,33534,True,80000.0,,200000.0,120000.0,Etched araxyte fang.png,Etched araxyte fang,28222222.0,1789644708.0,27733003.0,1789654026.0
A still dripping bloody fang from a venator etched with powerful runes.,33636,True,80000.0,,200000.0,120000.0,Etched elder venator fang.png,Etched elder venator fang,125150000.0,1789652375.0,125000000.0,1789654430.0
A pair of upgraded infinity boots.,13235,True,30000.0,15.0,75000.0,45000.0,Eternal boots.png,Eternal boots,4169193.0,1789654284.0,4073213.0,1789654153.0
A powerful crystal of magic.,13227,True,18000.0,15.0,45000.0,27000.0,Eternal crystal.png,Eternal crystal,3174151.0,1789652746.0,3156001.0,1789652960.0
"Like the enchanted gem sold by Slayer Masters, only with an eternal charge.",21270,True,3800.0,8.0,9500.0,5700.0,Eternal gem.png,Eternal gem,8924984.0,1789651441.0,8800000.0,1789653851.0
Perfect for crossing the road in an evil manner.,20433,True,1.0,4.0,1.0,1.0,Evil chicken feet.png,Evil chicken feet,346358.0,1789651589.0,110936.0,1789652366.0
Cock-a-doodle-do!,20439,True,1.0,4.0,1.0,1.0,Evil chicken head.png,Evil chicken head,156781.0,1789623601.0,111000.0,1789566396.0
Evil legs for an evil human wanting to dress like an evil chicken.,20442,True,1.0,4.0,1.0,1.0,Evil chicken legs.png,Evil chicken legs,286122.0,1789638811.0,260000.0,1789649026.0
I look evil and fowl in this.,20436,True,1.0,4.0,1.0,1.0,Evil chicken wings.png,Evil chicken wings,116644.0,1789634756.0,70612.0,1789652259.0
Allows one slayer kill to count as two.,21177,True,460.0,15000.0,1150.0,690.0,Expeditious bracelet.png,Expeditious bracelet,1333.0,1789653793.0,1225.0,1789654199.0
I'm the Backpack loaded up with things and knick knacks too.,12514,True,620.0,4.0,1550.0,930.0,Explorer backpack.png,Explorer backpack,4200.0,1789642634.0,4007.0,1789653557.0
1 dose of extended super antivenom potion.,29833,True,44.0,2000.0,111.0,66.0,Extended anti-venom+(1).png,Extended anti-venom+(1),4889.0,1789654153.0,4669.0,1789653969.0
2 doses of extended super antivenom potion.,29830,True,88.0,2000.0,222.0,133.0,Extended anti-venom+(2).png,Extended anti-venom+(2),10410.0,1789652567.0,8471.0,1789653977.0
3 doses of extended super antivenom potion.,29827,True,133.0,2000.0,333.0,199.0,Extended anti-venom+(3).png,Extended anti-venom+(3),14459.0,1789654353.0,13750.0,1789654126.0
4 doses of extended super antivenom potion.,29824,True,177.0,2000.0,444.0,266.0,Extended anti-venom+(4).png,Extended anti-venom+(4),19000.0,1789654398.0,18250.0,1789654305.0
One dose of fishy extended anti-firebreath potion.,11962,True,64.0,2000.0,160.0,96.0,Extended antifire mix(1).png,Extended antifire mix(1),172.0,1789629369.0,56.0,1787764264.0
Two doses of fishy extended anti-firebreath potion.,11960,True,96.0,2000.0,240.0,144.0,Extended antifire mix(2).png,Extended antifire mix(2),202.0,1789640532.0,155.0,1789489693.0
1 dose of extended anti-firebreath potion.,11957,True,44.0,2000.0,110.0,66.0,Extended antifire(1).png,Extended antifire(1),99.0,1789654349.0,94.0,1789641304.0
2 doses of extended anti-firebreath potion.,11955,True,88.0,2000.0,220.0,132.0,Extended antifire(2).png,Extended antifire(2),206.0,1789654388.0,205.0,1789649326.0
3 doses of extended anti-firebreath potion.,11953,True,132.0,2000.0,330.0,198.0,Extended antifire(3).png,Extended antifire(3),292.0,1789652360.0,149.0,1789629998.0
4 doses of extended anti-firebreath potion.,11951,True,176.0,2000.0,440.0,264.0,Extended antifire(4).png,Extended antifire(4),270.0,1789654201.0,243.0,1789651819.0
1 dose of extended stamina potion.,31647,True,16.0,,40.0,24.0,Extended stamina potion(1).png,Extended stamina potion(1),2094.0,1789652658.0,2070.0,1789653876.0
2 doses of extended stamina potion.,31644,True,36.0,,90.0,54.0,Extended stamina potion(2).png,Extended stamina potion(2),4287.0,1789644437.0,3680.0,1789654412.0
3 doses of extended stamina potion.,31641,True,68.0,,170.0,102.0,Extended stamina potion(3).png,Extended stamina potion(3),6949.0,1789652520.0,5943.0,1789654371.0
4 doses of extended stamina potion.,31638,True,100.0,,250.0,150.0,Extended stamina potion(4).png,Extended stamina potion(4),7809.0,1789654426.0,7580.0,1789654263.0
One dose of fishy extended super anti-firebreath potion.,22224,True,64.0,2000.0,160.0,96.0,Extended super antifire mix(1).png,Extended super antifire mix(1),200000.0,1786147211.0,3000.0,1788952213.0
Two doses of fishy extended super anti-firebreath potion.,22221,True,96.0,2000.0,240.0,144.0,Extended super antifire mix(2).png,Extended super antifire mix(2),40000.0,1789431692.0,11154.0,1789341523.0
1 dose of extended super anti-firebreath potion.,22218,True,272.0,2000.0,680.0,408.0,Extended super antifire(1).png,Extended super antifire(1),4535.0,1789650894.0,3240.0,1789652279.0
2 doses of extended super anti-firebreath potion.,22215,True,288.0,2000.0,720.0,432.0,Extended super antifire(2).png,Extended super antifire(2),12712.0,1789635436.0,10317.0,1789652561.0
3 doses of extended super anti-firebreath potion.,22212,True,304.0,2000.0,760.0,456.0,Extended super antifire(3).png,Extended super antifire(3),14350.0,1789652200.0,13750.0,1789653562.0
4 doses of extended super anti-firebreath potion.,22209,True,320.0,2000.0,800.0,480.0,Extended super antifire(4).png,Extended super antifire(4),18005.0,1789654341.0,17517.0,1789654200.0
1 dose of extreme energy potion.,31623,True,16.0,,40.0,24.0,Extreme energy potion(1).png,Extreme energy potion(1),326.0,1789608042.0,321.0,1789653088.0
2 doses of extreme energy potion.,31620,True,36.0,,90.0,54.0,Extreme energy potion(2).png,Extreme energy potion(2),798.0,1789524672.0,600.0,1789591119.0
3 doses of extreme energy potion.,31617,True,68.0,,170.0,102.0,Extreme energy potion(3).png,Extreme energy potion(3),2423.0,1789648308.0,1650.0,1789647214.0
4 doses of extreme energy potion.,31614,True,100.0,,250.0,150.0,Extreme energy potion(4).png,Extreme energy potion(4),2181.0,1789650556.0,1511.0,1789654149.0
This staff is imbued with demonic power. It is currently uncharged.,31115,True,2400000.0,8.0,6000000.0,3600000.0,Eye of Ayak (uncharged).png,Eye of Ayak (uncharged),36829858.0,1789654209.0,35982538.0,1789654305.0
It seems to be looking at me.,221,False,1.0,13000.0,3.0,1.0,Eye of newt.png,Eye of newt,4.0,1789654432.0,4.0,1789653774.0
Stops me breathing in too much dust.,4164,True,80.0,70.0,200.0,120.0,Facemask.png,Facemask,543.0,1789653608.0,101.0,1789650976.0
"With proper application of directed exhalations, this complicated technology doubles as a folk instrument.",33074,True,23077.0,100.0,57693.0,34615.0,Facility bottle (empty).png,Facility bottle (empty),33851.0,1789654174.0,33851.0,1789654019.0
Makes me itch.,4593,True,1.0,15.0,1.0,1.0,Fake beard.png,Fake beard,300.0,1789653001.0,149.0,1789640078.0
A teleport to Falador.,8009,True,1.0,15000.0,1.0,1.0,Falador teleport (tablet).png,Falador teleport (tablet),554.0,1789654407.0,554.0,1789654233.0
You can plant this in your garden.,8445,True,10000.0,10000.0,25000.0,15000.0,Fancy hedge (bagged).png,Fancy hedge (bagged),26618.0,1789592825.0,15000.0,1789535532.0
How does it all fit in there?,8604,True,4.0,500.0,10.0,6.0,Fancy teak dresser (flatpack).png,Fancy teak dresser (flatpack),157.0,1785521975.0,5728.0,1787110350.0
Call me princess.,20008,True,3200.0,4.0,8000.0,4800.0,Fancy tiara.png,Fancy tiara,8593.0,1789634044.0,9155.0,1789653503.0
The fangs of a matriarch spider. They seem to maintain a sense of her power.,27670,True,32000.0,8.0,80000.0,48000.0,Fangs of Venenatis.png,Fangs of Venenatis,52156.0,1789651691.0,51888.0,1789652634.0
This helmet is worn by farseers.,3755,True,24000.0,70.0,60000.0,36000.0,Farseer helm.png,Farseer helm,38319.0,1789653802.0,38100.0,1789653427.0
"The fat, slimy corpse of a deceased giant snail.",3367,True,6.0,13000.0,15.0,9.0,Fat snail.png,Fat snail,2999.0,1789653840.0,685.0,1789634023.0
A succulently slimy slice of sumptuous snail.,3373,True,12.0,6000.0,30.0,18.0,Fat snail meat.png,Fat snail meat,2021.0,1789651732.0,1412.0,1789648442.0
Ancient ogre bones from the ogre burial tomb.,4830,True,1.0,7500.0,1.0,1.0,Fayrg bones.png,Fayrg bones,5036.0,1789614444.0,3700.0,1789590443.0
Used for fly fishing.,314,False,1.0,30000.0,2.0,1.0,Feather.png,Feather,3.0,1789654418.0,2.0,1789653903.0
Makes you look fedorable.,11990,True,120.0,4.0,300.0,180.0,Fedora.png,Fedora,8858.0,1789652209.0,6000.0,1789653308.0
Teleports you to Feldip hills.,12404,True,4.0,10000.0,10.0,6.0,Feldip hills teleport.png,Feldip hills teleport,1078.0,1789654392.0,1058.0,1789654368.0
"Not actually from a weasel, but it is, at least, furry.",10119,True,5.0,10000.0,14.0,8.0,Feldip weasel fur.png,Feldip weasel fur,142.0,1789628628.0,142.0,1789653104.0
A large handle for turning an axe into a felling axe.,28177,True,2000.0,,5000.0,3000.0,Felling axe handle.png,Felling axe handle,1950000.0,1789654233.0,1905695.0,1789649148.0
A teleport to Fenkenstrain's Castle.,19621,True,1.0,15000.0,1.0,1.0,Fenkenstrain's castle teleport (tablet).png,Fenkenstrain's castle teleport (tablet),2750.0,1789652353.0,2477.0,1789653975.0
A Fez hat. Juss like that.,6382,True,8.0,150.0,20.0,12.0,Fez.png,Fez,3730.0,1789579471.0,1245.0,1789549050.0
An interesting looking bone shard.,6167,True,24.0,11000.0,60.0,36.0,Fibula piece.png,Fibula piece,19551.0,1789626162.0,14000.0,1789353700.0
A heap of ashes.,25766,False,1.0,3000.0,1.0,1.0,Fiendish ashes.png,Fiendish ashes,45.0,1789649426.0,35.0,1789654101.0
A plant pot filled with soil.,5354,True,1.0,2000.0,1.0,1.0,Filled plant pot.png,Filled plant pot,4.0,1789654145.0,3.0,1789654117.0
Amazingly untouched by time.,3470,True,200.0,11000.0,500.0,300.0,Fine cloth.png,Fine cloth,6943.0,1789651541.0,6760.0,1789653869.0
Slices of fine inedible fish.,32307,True,1.0,8000.0,1.0,1.0,Fine fish offcuts.png,Fine fish offcuts,390.0,1789649883.0,354.0,1789654216.0
It's a slightly magical stick.,1393,True,6200.0,18000.0,15500.0,9300.0,Fire battlestaff.png,Fire battlestaff,8836.0,1789654309.0,8836.0,1789654357.0
A missing piece from a magical staff.,30631,True,4000.0,8.0,10000.0,6000.0,Fire element staff crown.png,Fire element staff crown,4200000.0,1789639785.0,4030000.0,1789654243.0
A magic glowing orb.,569,True,120.0,11000.0,300.0,180.0,Fire orb.png,Fire orb,1334.0,1789653869.0,1313.0,1789654428.0
"Rather hot to the touch, maybe I could start a fire with this.",34422,True,8000.0,,20000.0,12000.0,Fire ruby.png,Fire ruby,97000.0,1789653588.0,95111.0,1789654340.0
One of the 4 basic elemental Runes.,554,False,1.0,50000.0,4.0,2.0,Fire rune.png,Fire rune,6.0,1789654388.0,5.0,1789654297.0
A mysterious power emanates from the talisman...,1442,False,1.0,11000.0,4.0,2.0,Fire talisman.png,Fire talisman,2442.0,1789653737.0,2352.0,1789654370.0
A tiara infused with the properties of fire.,5537,False,40.0,40.0,100.0,60.0,Fire tiara.png,Fire tiara,7.0,1789654239.0,1.0,1789648121.0
Apparently Cormorants like to eat this stuff...,22818,True,8.0,13000.0,20.0,12.0,Fish chunks.png,Fish chunks,65.0,1774376988.0,35.0,1774376982.0
A sturdy container packed with ice and full to the brim with bluefin.,32380,True,2.0,250.0,5.0,3.0,Fish crate (bluefin).png,Fish crate (bluefin),14500.0,1789595189.0,13500.0,1789630883.0
A sturdy container packed with ice for storing special fish caught at sea.,32366,True,2.0,250.0,5.0,3.0,Fish crate (empty).png,Fish crate (empty),1500.0,1789651196.0,1488.0,1789651233.0
A sturdy container packed with ice and full to the brim with giant krill.,32368,True,2.0,250.0,5.0,3.0,Fish crate (giant krill).png,Fish crate (giant krill),2059.0,1789650979.0,1378.0,1789601783.0
A sturdy container packed with ice and full to the brim with haddock.,32371,True,2.0,250.0,5.0,3.0,Fish crate (haddock).png,Fish crate (haddock),3249.0,1789651631.0,2000.0,1789649068.0
A sturdy container packed with ice and full to the brim with halibut.,32377,True,2.0,250.0,5.0,3.0,Fish crate (halibut).png,Fish crate (halibut),19000.0,1789588020.0,18251.0,1789630892.0
A sturdy container packed with ice and full to the brim with marlin.,32383,True,2.0,250.0,5.0,3.0,Fish crate (marlin).png,Fish crate (marlin),32200.0,1789588698.0,33000.0,1789651527.0
A sturdy container packed with ice and full to the brim with yellowfin.,32374,True,2.0,250.0,5.0,3.0,Fish crate (yellowfin).png,Fish crate (yellowfin),4450.0,1789634912.0,4500.0,1789616020.0
Keeps your pet fish strong and healthy.,272,False,1.0,15.0,1.0,1.0,Fish food.png,Fish food,466.0,1789651849.0,350.0,1789645797.0
Slices of inedible fish.,11334,True,1.0,8000.0,1.0,1.0,Fish offcuts.png,Fish offcuts,17.0,1789653945.0,14.0,1789654158.0
Bounty of the sea.,7188,True,40.0,10000.0,100.0,60.0,Fish pie.png,Fish pie,299.0,1789639169.0,150.0,1789651327.0
For use with a fishing rod.,313,False,1.0,8000.0,3.0,1.0,Fishing bait.png,Fishing bait,4.0,1789654314.0,5.0,1789654088.0
A teleport to the Fishing Guild.,24959,True,1.0,10000.0,1.0,1.0,Fishing guild teleport (tablet).png,Fishing guild teleport (tablet),1143.0,1789654221.0,821.0,1789651447.0
One dose of fishy Fishing potion.,11479,True,40.0,2000.0,100.0,60.0,Fishing mix(1).png,Fishing mix(1),76.0,1789281776.0,77.0,1788363401.0
Two doses of fishy Fishing potion.,11477,True,60.0,2000.0,150.0,90.0,Fishing mix(2).png,Fishing mix(2),81.0,1789641042.0,40.0,1789350176.0
1 dose of Fishing potion.,155,True,40.0,2000.0,100.0,60.0,Fishing potion(1).png,Fishing potion(1),17.0,1789647086.0,17.0,1789645729.0
2 doses of Fishing potion.,153,True,60.0,2000.0,150.0,90.0,Fishing potion(2).png,Fishing potion(2),76.0,1789565989.0,10.0,1789601005.0
3 doses of Fishing potion.,151,True,80.0,2000.0,200.0,120.0,Fishing potion(3).png,Fishing potion(3),26.0,1789641324.0,25.0,1789652150.0
4 doses of Fishing potion.,2438,True,100.0,2000.0,250.0,150.0,Fishing potion(4).png,Fishing potion(4),37.0,1789651792.0,25.0,1789610285.0
Useful for catching sardine or herring.,307,False,2.0,40.0,5.0,3.0,Fishing rod.png,Fishing rod,443.0,1789654238.0,149.0,1789654029.0
The remains of a deadly shade.,3404,True,1.0,7500.0,1.0,1.0,Fiyr remains.png,Fiyr remains,7969.0,1789653769.0,7449.0,1789653596.0
Helps when building the Shades of Mort'ton temple.,21180,True,520.0,10000.0,1300.0,780.0,Flamtaer bracelet.png,Flamtaer bracelet,1200.0,1789652270.0,977.0,1789654424.0
An exquisitely shaped tool specially designed for fixing temples.,3678,True,4000.0,40.0,10000.0,6000.0,Flamtaer hammer.png,Flamtaer hammer,6500.0,1789651973.0,5122.0,1789653489.0
These'll help me stay alive.,10394,True,800.0,4.0,2000.0,1200.0,Flared trousers.png,Flared trousers,2335305.0,1789654256.0,2253225.0,1789650447.0
A tattered chunk of dagannoth hide.,6171,True,24.0,11000.0,60.0,36.0,Flattened hide.png,Flattened hide,15.0,1789651955.0,1.0,1788360906.0
I should use this with a spinning wheel.,1779,True,2.0,13000.0,5.0,3.0,Flax.png,Flax,2.0,1789654389.0,2.0,1789654429.0
A flax plant seed - plant in a hops patch.,31541,True,2.0,2000.0,5.0,3.0,Flax seed 5.png,Flax seed,25.0,1789604548.0,25.0,1789653550.0
A wooden arrow shaft with four flights attached.,2865,True,1.0,7000.0,1.0,1.0,Flighted ogre arrow 5.png,Flighted ogre arrow,140.0,1789651706.0,147.0,1789654396.0
Useful for catching salmon or trout.,309,False,2.0,40.0,5.0,3.0,Fly fishing rod.png,Fly fishing rod,400.0,1789653999.0,134.0,1789654269.0
Mmm this looks tasty.,28157,True,1.0,6000.0,4.0,2.0,Forester's ration.png,Forester's ration,44.0,1789653993.0,43.0,1789646696.0
1 dose of forgotten brew.,27638,True,20.0,,50.0,30.0,Forgotten brew(1).png,Forgotten brew(1),1100.0,1789651607.0,901.0,1789654089.0
2 doses of forgotten brew.,27635,True,40.0,,100.0,60.0,Forgotten brew(2).png,Forgotten brew(2),2599.0,1789648774.0,1031.0,1789651101.0
3 doses of forgotten brew.,27632,True,60.0,,150.0,90.0,Forgotten brew(3).png,Forgotten brew(3),2965.0,1789638241.0,5940.0,1789654072.0
4 doses of forgotten brew.,27629,True,80.0,2000.0,200.0,120.0,Forgotten brew(4).png,Forgotten brew(4),3539.0,1789654351.0,3342.0,1789654001.0
How does it all fit in there?,8586,True,4.0,500.0,10.0,6.0,Four-poster bed (flatpack).png,Four-poster bed (flatpack),99999.0,1789456800.0,6724.0,1787716348.0
This would make warm clothing.,29163,True,4.0,,10.0,6.0,Fox fur.png,Fox fur,3185.0,1789653633.0,3185.0,1789654297.0
The latest in Fremennik fashion.,3771,True,100.0,150.0,250.0,150.0,Fremennik beige shirt.png,Fremennik beige shirt,447.0,1789508756.0,15.0,1789352023.0
The latest fashion in Rellekka.,3789,True,100.0,150.0,250.0,150.0,Fremennik black cloak.png,Fremennik black cloak,1621.0,1789653118.0,1544.0,1789653185.0
The latest fashion in Rellekka.,3763,True,100.0,150.0,250.0,150.0,Fremennik blue cloak.png,Fremennik blue cloak,254.0,1789625616.0,942.0,1789555039.0
The latest in Fremennik fashion.,3775,True,100.0,150.0,250.0,150.0,Fremennik blue shirt.png,Fremennik blue shirt,9500.0,1789585789.0,1814.0,1789652592.0
Very stylish!,3791,True,200.0,150.0,500.0,300.0,Fremennik boots.png,Fremennik boots,199.0,1789652953.0,189.0,1789652425.0
The latest fashion in Rellekka.,3761,True,100.0,150.0,250.0,150.0,Fremennik brown cloak.png,Fremennik brown cloak,25.0,1789609467.0,15.0,1789632553.0
The latest in Fremennik fashion.,3767,True,100.0,150.0,250.0,150.0,Fremennik brown shirt.png,Fremennik brown shirt,34.0,1789648680.0,25.0,1789653593.0
The latest fashion in Rellekka.,3759,True,100.0,150.0,250.0,150.0,Fremennik cyan cloak.png,Fremennik cyan cloak,650.0,1789630933.0,15.0,1789602706.0
These will keep my hands warm!,3799,True,200.0,150.0,500.0,300.0,Fremennik gloves.png,Fremennik gloves,630.0,1789651888.0,202.0,1789652419.0
The latest fashion in Rellekka.,3765,True,100.0,150.0,250.0,150.0,Fremennik green cloak.png,Fremennik green cloak,1052.0,1789577380.0,1997.0,1789315046.0
The latest fashion in Rellekka.,3779,True,100.0,150.0,250.0,150.0,Fremennik grey cloak.png,Fremennik grey cloak,769.0,1789632851.0,2000.0,1787639387.0
The latest in Fremennik fashion.,3769,True,100.0,150.0,250.0,150.0,Fremennik grey shirt.png,Fremennik grey shirt,17995.0,1789349881.0,632.0,1789405055.0
A silly pointed hat.,3797,True,200.0,150.0,500.0,300.0,Fremennik hat.png,Fremennik hat,700.0,1789654183.0,666.0,1789635749.0
A kilt worn by the mightiest of Fremennik warriors.,23246,True,24000.0,8.0,60000.0,36000.0,Fremennik kilt.png,Fremennik kilt,1794237.0,1789654334.0,1743311.0,1789653095.0
The latest fashion in Rellekka.,3787,True,100.0,150.0,250.0,150.0,Fremennik pink cloak.png,Fremennik pink cloak,869.0,1789608718.0,962.0,1789351291.0
The latest fashion in Rellekka.,3785,True,100.0,150.0,250.0,150.0,Fremennik purple cloak.png,Fremennik purple cloak,12.0,1789625317.0,12.0,1789651053.0
The latest fashion in Rellekka.,3777,True,100.0,150.0,250.0,150.0,Fremennik red cloak.png,Fremennik red cloak,5000.0,1789650334.0,1709.0,1789621702.0
The latest in Fremennik fashion.,3773,True,100.0,150.0,250.0,150.0,Fremennik red shirt.png,Fremennik red shirt,1137.0,1789587805.0,2.0,1789550287.0
The latest fashion in Rellekka.,3793,True,200.0,150.0,500.0,300.0,Fremennik robe.png,Fremennik robe,7000.0,1789641817.0,1155.0,1789652414.0
The latest fashion in Rellekka.,3795,True,200.0,150.0,500.0,300.0,Fremennik skirt.png,Fremennik skirt,563.0,1789533475.0,100.0,1789631358.0
The latest fashion in Rellekka.,3783,True,100.0,150.0,250.0,150.0,Fremennik teal cloak.png,Fremennik teal cloak,800.0,1789573216.0,2393.0,1788883927.0
The latest fashion in Rellekka.,3781,True,100.0,150.0,250.0,150.0,Fremennik yellow cloak.png,Fremennik yellow cloak,50000.0,1789581672.0,2594.0,1789605354.0
A bowl of fried Bittercap mushrooms.,7082,True,16.0,13000.0,42.0,25.0,Fried mushrooms.png,Fried mushrooms,99000.0,1788282421.0,585.0,1789640773.0
"A bowl of sliced, fried onions.",7084,True,2.0,13000.0,7.0,4.0,Fried onions.png,Fried onions,89.0,1789531525.0,31.0,1789496019.0
Cute frog slippers.,23288,False,400.0,4.0,1000.0,600.0,Frog slippers.png,Frog slippers,23214.0,1789650261.0,25592.0,1789653409.0
Armour made out of frog hide.,10954,True,400.0,70.0,1000.0,600.0,Frog-leather body.png,Frog-leather body,2000.0,1789633665.0,766.0,1789653608.0
Boots made out of frog hide.,10958,True,80.0,70.0,200.0,120.0,Frog-leather boots.png,Frog-leather boots,500.0,1789635403.0,1129.0,1789550542.0
Chaps made out of frog hide.,10956,True,360.0,70.0,900.0,540.0,Frog-leather chaps.png,Frog-leather chaps,3500.0,1789637067.0,600.0,1789654393.0
They're rather cold.,31729,True,64.0,7500.0,160.0,96.0,Frost dragon bones.png,Frost dragon bones,6988.0,1789653470.0,6883.0,1789654255.0
A strange glowing tear.,29895,True,200.0,13000.0,500.0,300.0,Frozen tear.png,Frozen tear,205.0,1789653481.0,189.0,1789654124.0
Cold to the touch.,12769,True,1.0,4.0,1.0,1.0,Frozen whip mix.png,Frozen whip mix,1350000.0,1789611924.0,1168916.0,1789630464.0
It actually smells quite good.,2277,True,1.0,6000.0,2.0,1.0,Fruit batta.png,Fruit batta,7509.0,1789643255.0,7411.0,1789628566.0
A cool refreshing fruit mix.,2084,True,12.0,2000.0,30.0,18.0,Fruit blast.png,Fruit blast,1698.0,1789654201.0,1500.0,1789651096.0
Looks like it's non-stick too!,7441,True,664.0,50.0,1660.0,996.0,Frying pan.png,Frying pan,1000.0,1789576035.0,900.0,1789589372.0
This would make warm clothing.,6814,False,4.0,18000.0,10.0,6.0,Fur.png,Fur,160.0,1789654274.0,110.0,1789652367.0
Use on an amulet of fury to make it look fancier!,12526,True,2000.0,4.0,5000.0,3000.0,Fury ornament kit.png,Fury ornament kit,236779.0,1789654325.0,213605.0,1789652668.0
A specially crafted hammer with strange markings on it.,7668,True,1200.0,8.0,3000.0,1800.0,Gadderhammer.png,Gadderhammer,1431.0,1789626524.0,1400.0,1789653718.0
An enchanted necklace.,3853,True,420.0,10000.0,1050.0,630.0,Games necklace(8).png,Games necklace(8),865.0,1789654431.0,828.0,1789654426.0
What I wouldn't give for a good steak about now...,7178,True,9.0,10000.0,24.0,14.0,Garden pie.png,Garden pie,35.0,1789654423.0,29.0,1789653987.0
A pair of gardening boots.,5345,True,10.0,150.0,25.0,15.0,Gardening boots.png,Gardening boots,10016.0,1789520920.0,10000.0,1789652575.0
Not suitable for archaeological digs.,5325,True,4.0,40.0,12.0,7.0,Gardening trowel.png,Gardening trowel,128.0,1789653514.0,51.0,1789651133.0
A clove of garlic.,1550,False,1.0,11000.0,3.0,1.0,Garlic.png,Garlic,19.0,1789654338.0,22.0,1789652744.0
Finely ground garlic powder.,4668,True,4.0,15.0,10.0,6.0,Garlic powder.png,Garlic powder,276.0,1789654376.0,249.0,1789645204.0
"A teleport to Ghorrock, in level 45 Wilderness.",12778,True,1.0,10000.0,1.0,1.0,Ghorrock teleport (tablet).png,Ghorrock teleport (tablet),2392.0,1789654122.0,2220.0,1789654383.0
"A razor sharp rapier, smeared with vampyric blood.",22324,True,2000000.0,8.0,5000000.0,3000000.0,Ghrazi rapier.png,Ghrazi rapier,23048881.0,1789653940.0,22500000.0,1789654428.0
It's made from a secret recipe.,2171,True,1.0,13000.0,2.0,1.0,Gianne dough.png,Gianne dough,9.0,1789653179.0,9.0,1789653311.0
Aluft Gianne's favorite dishes.,2167,True,1.0,15.0,2.0,1.0,Gianne's cook book.png,Gianne's cook book,111.0,1789520119.0,110.0,1789630020.0
Worn on head. Warning: Smelly.,23252,True,5600.0,4.0,14000.0,8400.0,Giant boot.png,Giant boot,67538.0,1789619422.0,41208.0,1789653517.0
"A giant sac of red spider eggs, hopefully none of them hatch.",23517,True,4.0,100.0,10.0,6.0,Giant egg sac(full).png,Giant egg sac(full),16975.0,1789632642.0,17500.0,1789654329.0
This could feed a family of gnomes for a week!,4517,True,40.0,6000.0,100.0,60.0,Giant frog legs.png,Giant frog legs,5853.0,1789652235.0,5418.0,1789653813.0
Some nicely cooked krill.,32312,True,68.0,,170.0,102.0,Giant krill.png,Giant krill,237.0,1789649016.0,151.0,1789640526.0
Seaweed of large size.,21504,True,1.0,11000.0,2.0,1.0,Giant seaweed.png,Giant seaweed,66.0,1789653714.0,65.0,1789654431.0
A two handed sword with gold plate.,20155,False,25600.0,70.0,64000.0,38400.0,Gilded 2h sword.png,Gilded 2h sword,3640000.0,1789653742.0,3540313.0,1789653847.0
"A set containing a full helm, platebody, legs and kiteshield.",13036,False,32000.0,8.0,80000.0,48000.0,Gilded armour set (lg).png,Gilded armour set (lg),30000000.0,1789639656.0,29306000.0,1789638463.0
"A set containing a full helm, platebody, skirt and kiteshield.",13038,False,32000.0,8.0,80000.0,48000.0,Gilded armour set (sk).png,Gilded armour set (sk),24400000.0,1789595808.0,24251000.0,1789598667.0
A powerful axe.,23279,False,14000.0,4.0,35000.0,21000.0,Gilded axe.png,Gilded axe,4385000.0,1789653341.0,4300001.0,1789654341.0
How does it all fit in there?,8574,True,4.0,500.0,10.0,6.0,Gilded bench (flatpack).png,Gilded bench (flatpack),382000.0,1788897743.0,569174.0,1786637950.0
Rune boots with gold plate.,12391,True,5000.0,8.0,12500.0,7500.0,Gilded boots.png,Gilded boots,942000.0,1789651707.0,901000.0,1789652019.0
How does it all fit in there?,9846,True,4.0,500.0,10.0,6.0,Gilded cape rack (flatpack).png,Gilded cape rack (flatpack),380000.0,1789439095.0,150000.0,1789511556.0
A series of connected metal rings plated in gold.,20149,False,20000.0,70.0,50000.0,30000.0,Gilded chainbody.png,Gilded chainbody,2038870.0,1789646926.0,1928245.0,1789651877.0
How does it all fit in there?,8594,True,4.0,500.0,10.0,6.0,Gilded clock (flatpack).png,Gilded clock (flatpack),154545.0,1787809042.0,500000.0,1786857606.0
Made with 100% golden dragonhide.,23258,True,800.0,8.0,2000.0,1200.0,Gilded coif.png,Gilded coif,447048.0,1789643289.0,402591.0,1789651944.0
Made with 100% golden dragonhide.,23264,False,20000.0,8.0,50000.0,30000.0,Gilded d'hide body.png,Gilded d'hide body,1655165.0,1789648506.0,1618792.0,1789643301.0
Made with 100% golden dragonhide.,23267,False,16000.0,8.0,40000.0,24000.0,Gilded d'hide chaps.png,Gilded d'hide chaps,5418692.0,1789653736.0,5269382.0,1789651873.0
Made with 100% golden dragonhide.,23261,False,16000.0,8.0,40000.0,24000.0,Gilded d'hide vambraces.png,Gilded d'hide vambraces,4106571.0,1789648524.0,3952500.0,1789653817.0
"A set containing a gilded dragonhide body, chaps and vambraces.",23124,False,5000.0,8.0,12500.0,7500.0,Gilded dragonhide set.png,Gilded dragonhide set,12026626.0,1789605082.0,11948876.0,1789650128.0
How does it all fit in there?,8608,True,4.0,500.0,10.0,6.0,Gilded dresser (flatpack).png,Gilded dresser (flatpack),130000.0,1782233746.0,140000.0,1782001560.0
How does it all fit in there?,8588,True,4.0,500.0,10.0,6.0,Gilded four-poster (flatpack).png,Gilded four-poster (flatpack),121778.0,1787455044.0,96999.0,1772497967.0
Rune full helmet with gold plate.,3486,False,14080.0,8.0,35200.0,21120.0,Gilded full helm.png,Gilded full helm,7798048.0,1789643680.0,7500000.0,1789632706.0
"A rune-tipped, one-handed hasta, with gold plate.",20161,True,8320.0,70.0,20800.0,12480.0,Gilded hasta.png,Gilded hasta,700000.0,1789642805.0,652755.0,1789512424.0
Rune kiteshield with gold plate.,3488,False,21760.0,8.0,54400.0,32640.0,Gilded kiteshield.png,Gilded kiteshield,6668732.0,1789599036.0,6425000.0,1789651863.0
Gilded mahogany magic wardrobe.,9857,True,4.0,500.0,10.0,6.0,Gilded magic wardrobe (flatpack).png,Gilded magic wardrobe (flatpack),390000.0,1789612662.0,120000.0,1788620510.0
A medium sized helmet with gold plate.,20146,False,7680.0,70.0,19200.0,11520.0,Gilded med helm.png,Gilded med helm,1658376.0,1789653353.0,1594274.0,1789612817.0
Used for mining and very stylish.,23276,False,20000.0,4.0,50000.0,30000.0,Gilded pickaxe.png,Gilded pickaxe,3496385.0,1789648208.0,3337572.0,1789651347.0
Rune platebody with gold plate.,3481,False,26000.0,8.0,65000.0,39000.0,Gilded platebody.png,Gilded platebody,9000000.0,1789653323.0,8572332.0,1789654335.0
Rune platelegs with gold plate.,3483,False,25600.0,8.0,64000.0,38400.0,Gilded platelegs.png,Gilded platelegs,6244471.0,1789611414.0,6058748.0,1789650768.0
Rune plateskirt with gold plate.,3485,False,25600.0,8.0,64000.0,38400.0,Gilded plateskirt.png,Gilded plateskirt,910000.0,1789636640.0,888888.0,1789640742.0
Rune scimitar with gold plate.,12389,False,10240.0,8.0,25600.0,15360.0,Gilded scimitar.png,Gilded scimitar,11923377.0,1789654242.0,11566288.0,1789654337.0
"Oh, I'm a gold digger?",23282,False,400.0,4.0,1000.0,600.0,Gilded spade.png,Gilded spade,3020000.0,1789653277.0,2824861.0,1789628879.0
A rune tipped spear with gold plate.,20158,True,8320.0,70.0,20800.0,12480.0,Gilded spear.png,Gilded spear,820072.0,1789642816.0,781000.0,1789638782.0
A medium square shield in gold plate.,20152,False,15360.0,70.0,38400.0,23040.0,Gilded sq shield.png,Gilded sq shield,1271127.0,1789642774.0,1210768.0,1789646532.0
How does it all fit in there?,8622,True,4.0,500.0,10.0,6.0,Gilded wardrobe (flatpack).png,Gilded wardrobe (flatpack),850000.0,1789493488.0,140000.0,1789511545.0
A strong spirit that tastes of Juniper.,2019,True,2.0,13000.0,5.0,3.0,Gin.png,Gin,274.0,1789637102.0,250.0,1789653189.0
It's clobbering time.,29889,True,33200.0,15.0,83000.0,49800.0,Glacial temotli.png,Glacial temotli,71564.0,1789652470.0,71564.0,1789654380.0
Used to form molten glass into useful items.,1785,True,1.0,40.0,2.0,1.0,Glassblowing pipe.png,Glassblowing pipe,55.0,1789654307.0,55.0,1789653439.0
A dark power is woven into these gloves.,20134,True,4000.0,70.0,10000.0,6000.0,Gloves of darkness.png,Gloves of darkness,8423.0,1789635137.0,5400.0,1789653381.0
"Made from dark kebbit fur, these are perfect for tasks of a stealthier nature.",10075,True,240.0,8000.0,600.0,360.0,Gloves of silence.png,Gloves of silence,2050.0,1789653769.0,1887.0,1789621884.0
Tally Ho!,9472,True,400.0,4.0,1000.0,600.0,Gnome goggles.png,Gnome goggles,35000.0,1789637648.0,25000.0,1789630176.0
A scarf. You feel your upper lip stiffening.,9470,True,400.0,4.0,1000.0,600.0,Gnome scarf.png,Gnome scarf,839817.0,1789653566.0,828062.0,1789650591.0
It's Aluft Gianne's secret mix of spices.,2169,True,1.0,13000.0,2.0,1.0,Gnome spice.png,Gnome spice,275.0,1789650918.0,40.0,1789652891.0
A ball used in Gnomeball.,751,True,1.0,150.0,1.0,1.0,Gnomeball.png,Gnomeball,28000.0,1789634457.0,27555.0,1789648958.0
A large ovenproof bowl.,2166,True,4.0,40.0,10.0,6.0,Gnomebowl mould.png,Gnomebowl mould,4000.0,1789651819.0,4734.0,1789647565.0
Fill it with firelighters to make pretty fire.,20275,True,400.0,40.0,1000.0,600.0,Gnomish firelighter.png,Gnomish firelighter,2709.0,1789652417.0,2512.0,1789649471.0
1 dose of Goading potion.,30146,True,60.0,,150.0,90.0,Goading potion(1).png,Goading potion(1),18000.0,1789650045.0,14757.0,1789652577.0
2 doses of Goading potion.,30143,True,80.0,,200.0,120.0,Goading potion(2).png,Goading potion(2),45000.0,1789645101.0,33467.0,1789651098.0
3 doses of Goading potion.,30140,True,100.0,,250.0,150.0,Goading potion(3).png,Goading potion(3),46000.0,1789652009.0,43001.0,1789654401.0
4 doses of Goading potion.,30137,True,120.0,2000.0,300.0,180.0,Goading potion(4).png,Goading potion(4),61000.0,1789654212.0,60050.0,1789654396.0
Not much good for blowing.,9735,True,4.0,13000.0,12.0,7.0,Goat horn.png,Goat horn,47.0,1789642239.0,54.0,1789654315.0
Finely ground goat horn.,9736,True,4.0,13000.0,12.0,7.0,Goat horn dust.png,Goat horn dust,147.0,1789654255.0,88.0,1789653813.0
A tattered goblin holy book.,10999,True,1.0,15.0,1.0,1.0,Goblin book.png,Goblin book,325.0,1789646310.0,525.0,1789650145.0
Some brown armour designed to fit goblins.,288,False,16.0,15.0,40.0,24.0,Goblin mail.png,Goblin mail,220.0,1789653643.0,200.0,1789653644.0
Let's start a flash mob!,12251,True,800.0,4.0,2000.0,1200.0,Goblin mask.png,Goblin mask,60000.0,1789609047.0,40736.0,1789651327.0
The blade for the ultimate weapon.,11798,True,300000.0,10000.0,750000.0,450000.0,Godsword blade.png,Godsword blade,470608.0,1789651392.0,465831.0,1789638916.0
A part of the Godsword blade.,11818,True,100000.0,11000.0,250000.0,150000.0,Godsword shard 1.png,Godsword shard 1,150659.0,1789638842.0,150250.0,1789652950.0
A part of the Godsword blade.,11820,True,100000.0,11000.0,250000.0,150000.0,Godsword shard 2.png,Godsword shard 2,151646.0,1789638874.0,149900.0,1789652265.0
A part of the Godsword blade.,11822,True,100000.0,11000.0,250000.0,150000.0,Godsword shard 3.png,Godsword shard 3,155990.0,1789638862.0,155601.0,1789653671.0
A plain gold amulet.,1692,False,140.0,18000.0,350.0,210.0,Gold amulet.png,Gold amulet,137.0,1789653848.0,133.0,1789654073.0
It needs a string so I can wear it.,1673,False,140.0,18000.0,350.0,210.0,Gold amulet (u).png,Gold amulet (u),142.0,1789653198.0,136.0,1789652246.0
It's a bar of gold.,2357,False,120.0,10000.0,300.0,180.0,Gold bar.png,Gold bar,70.0,1789654433.0,65.0,1789654423.0
I wonder if this is valuable.,11069,True,220.0,18000.0,550.0,330.0,Gold bracelet.png,Gold bracelet,230.0,1789652802.0,193.0,1789651043.0
A well made elegant ladies' gold blouse.,12343,True,800.0,4.0,2000.0,1200.0,Gold elegant blouse.png,Gold elegant blouse,709.0,1789619399.0,707.0,1789648265.0
A rather elegant pair of men's gold pantaloons.,12349,True,800.0,4.0,2000.0,1200.0,Gold elegant legs.png,Gold elegant legs,500.0,1789650440.0,500.0,1789653686.0
A well made elegant men's gold shirt.,12347,True,800.0,4.0,2000.0,1200.0,Gold elegant shirt.png,Gold elegant shirt,2707.0,1789597703.0,1546.0,1789651117.0
A rather elegant gold skirt.,12345,True,800.0,4.0,2000.0,1200.0,Gold elegant skirt.png,Gold elegant skirt,767.0,1789613955.0,736.0,1789647558.0
A minimalist's hat.,12303,True,16.0,4.0,40.0,24.0,Gold headband.png,Gold headband,5000.0,1789653344.0,1000.0,1789650508.0
A very delicate sheet of gold.,8784,True,40000.0,11000.0,100000.0,60000.0,Gold leaf.png,Gold leaf,137690.0,1789654434.0,133454.0,1789654246.0
Perhaps someone can do something with this.,25454,True,12800.0,8.0,32000.0,19200.0,Gold locks.png,Gold locks,18999.0,1789652759.0,18161.0,1789652880.0
I wonder if this is valuable.,1654,False,180.0,18000.0,450.0,270.0,Gold necklace.png,Gold necklace,159.0,1789654037.0,156.0,1789654419.0
This needs refining.,444,False,60.0,30000.0,150.0,90.0,Gold ore.png,Gold ore,155.0,1789654413.0,155.0,1789654417.0
A valuable ring.,1635,False,140.0,18000.0,350.0,210.0,Gold ring.png,Gold ring,135.0,1789654306.0,129.0,1789654406.0
A seal. It's gold.,9040,True,12.0,13000.0,30.0,18.0,Gold seal.png,Gold seal,849.0,1789653258.0,750.0,1789654341.0
Makes me feel like a wealthy Princess.,26788,True,40.0,10000.0,100.0,60.0,Gold tiara.png,Gold tiara,45.0,1789654410.0,42.0,1789647311.0
An astonishingly gold apron.,20208,False,1.0,4.0,2.0,1.0,Golden apron.png,Golden apron,157491.0,1789630038.0,160155.0,1789631948.0
What a perfectly reasonable hat.,20205,False,1.0,4.0,2.0,1.0,Golden chef's hat.png,Golden chef's hat,360000.0,1789635088.0,348601.0,1789651170.0
Little ornament in the shape of a scarab.,9028,True,12.0,13000.0,30.0,18.0,Golden scarab.png,Golden scarab,1000.0,1789654413.0,997.0,1789654309.0
A small golden statuette.,9034,True,12.0,13000.0,30.0,18.0,Golden statuette.png,Golden statuette,1281.0,1789653545.0,1250.0,1789654344.0
The top of a Golovanova fruit - edible once cooked and full of Vitamin G.,19653,True,1.0,100.0,3.0,1.0,Golovanova fruit top.png,Golovanova fruit top,788.0,1789594746.0,824.0,1789649044.0
A gourmet impling in a jar.,11242,True,20.0,18000.0,50.0,30.0,Gourmet impling jar.png,Gourmet impling jar,4938.0,1789654302.0,4875.0,1789654118.0
Plant this in a herb patch to grow Goutweed.,6311,True,80.0,5.0,200.0,120.0,Gout tuber.png,Gout tuber,423985.0,1789654428.0,412232.0,1789643398.0
It's a perfect-looking graahk fur.,10099,True,48.0,10000.0,120.0,72.0,Graahk fur.png,Graahk fur,999.0,1789654420.0,469.0,1789653108.0
This should make me harder to spot in desert areas.,10051,True,300.0,150.0,750.0,450.0,Graahk headdress.png,Graahk headdress,727.0,1789650752.0,1033.0,1789194482.0
These should make me harder to spot in desert areas.,10047,True,60.0,150.0,150.0,90.0,Graahk legs.png,Graahk legs,9999.0,1789648968.0,1141.0,1789536880.0
This should make me harder to spot in desert areas.,10049,True,60.0,150.0,150.0,90.0,Graahk top.png,Graahk top,893.0,1789650774.0,860.0,1789653620.0
Some wheat heads.,1947,False,1.0,13000.0,2.0,1.0,Grain.png,Grain,8.0,1789654391.0,7.0,1789654254.0
A seed pod of the Grand Tree.,9469,True,100.0,15.0,250.0,150.0,Grand seed pod.png,Grand seed pod,185886.0,1789654127.0,178950.0,1789647181.0
A small chunk of granite.,6981,True,1.0,100.0,1.0,1.0,Granite (2kg).png,Granite (2kg),69.0,1789654290.0,7.0,1789654394.0
A tiny chunk of granite.,6979,True,1.0,100.0,1.0,1.0,Granite (500g).png,Granite (500g),28.0,1789653849.0,10.0,1789654382.0
A medium-sized chunk of granite.,6983,True,1.0,100.0,1.0,1.0,Granite (5kg).png,Granite (5kg),588.0,1789651887.0,101.0,1789650507.0
Provides excellent protection.,10564,True,32000.0,70.0,80000.0,48000.0,Granite body.png,Granite body,50598.0,1789653561.0,49652.0,1789653537.0
"These will protect my feet, but are a bit heavy.",21643,True,5000.0,70.0,12500.0,7500.0,Granite boots.png,Granite boots,343274.0,1789653773.0,327935.0,1789653793.0
"A strong clamp, used for hardening granite maul blocks.",12849,True,2000.0,50.0,5000.0,3000.0,Granite clamp.png,Granite clamp,1300000.0,1789653235.0,1166991.0,1789634128.0
Never take these for granite.,21736,True,13600.0,8.0,34000.0,20400.0,Granite gloves.png,Granite gloves,44500.0,1789653122.0,25199.0,1789654431.0
Hammer time.,21742,True,25600.0,8.0,64000.0,38400.0,Granite hammer.png,Granite hammer,6840637.0,1789654334.0,6752773.0,1789653814.0
A stone helmet.,10589,True,18400.0,70.0,46000.0,27600.0,Granite helm.png,Granite helm,89960.0,1789653543.0,45000.0,1789653626.0
These look pretty heavy.,6809,True,26400.0,70.0,66000.0,39600.0,Granite legs.png,Granite legs,49257.0,1789653577.0,43493.0,1789653541.0
A razor sharp longsword made of stone.,21646,True,12800.0,70.0,32000.0,19200.0,Granite longsword.png,Granite longsword,24900.0,1789653885.0,21500.0,1789653571.0
Simplicity is the best weapon.,4153,True,20000.0,70.0,50000.0,30000.0,Granite maul.png,Granite maul,109213.0,1789651595.0,111136.0,1789654434.0
A solid ring.,21739,True,6000.0,70.0,15000.0,9000.0,Granite ring.png,Granite ring,23260.0,1789653652.0,21231.0,1789653771.0
A solid stone shield.,3122,True,22400.0,70.0,56000.0,33600.0,Granite shield.png,Granite shield,37053.0,1789654161.0,35506.0,1789653978.0
A grape seed for growing in a vinery.,13657,True,29.0,200.0,74.0,44.0,Grape seed 5.png,Grape seed,4644.0,1789644697.0,2996.0,1789639744.0
Good grapes for wine making.,1987,False,1.0,20000.0,1.0,1.0,Grapes.png,Grapes,78.0,1789654419.0,73.0,1789653969.0
Evil.,20023,True,1600.0,4.0,4000.0,2400.0,Greater demon mask.png,Greater demon mask,9888.0,1789612740.0,3500.0,1789648692.0
A descendant of the salamander family.,22835,True,1.0,13000.0,3.0,1.0,Greater siren.png,Greater siren,250.0,1789616629.0,255.0,1789654380.0
Stylish!,7323,True,90.0,4.0,225.0,135.0,Green boater.png,Green boater,7616.0,1789595619.0,7250.0,1789649256.0
"They're soft, silky and green.",628,True,80.0,150.0,200.0,120.0,Green boots.png,Green boots,4000.0,1789654219.0,247.0,1789653021.0
A thick green cape.,1027,False,12.0,150.0,32.0,19.0,Green cape.png,Green cape,2499.0,1789653966.0,656.0,1789652386.0
Made from 100% real dragonhide.,1135,False,3120.0,125.0,7800.0,4680.0,Green d'hide body.png,Green d'hide body,4463.0,1789654292.0,4400.0,1789654428.0
Made from 100% real dragonhide. With colourful trim!,7370,False,3120.0,8.0,7800.0,4680.0,Green d'hide body (g).png,Green d'hide body (g),4785.0,1789652043.0,4500.0,1789653453.0
Made from 100% real dragonhide. With colourful trim!,7372,False,3120.0,8.0,7800.0,4680.0,Green d'hide body (t).png,Green d'hide body (t),5500.0,1789616875.0,4328.0,1789649520.0
Made from 100% real dragonhide.,1099,False,1560.0,125.0,3900.0,2340.0,Green d'hide chaps.png,Green d'hide chaps,2120.0,1789653765.0,2115.0,1789654071.0
Made from 100% real dragonhide. With colourful trim!,7378,False,1560.0,8.0,3900.0,2340.0,Green d'hide chaps (g).png,Green d'hide chaps (g),47290.0,1789647652.0,43712.0,1789653016.0
Made from 100% real dragonhide. With colourful trim!,7380,False,1560.0,8.0,3900.0,2340.0,Green d'hide chaps (t).png,Green d'hide chaps (t),8019.0,1789652855.0,8001.0,1789650582.0
A solid maple shield covered in green dragon leather.,22275,True,2200.0,125.0,5500.0,3300.0,Green d'hide shield.png,Green d'hide shield,4500.0,1789654383.0,4035.0,1789651546.0
Vambraces made from 100% real dragonhide.,1065,False,1000.0,125.0,2500.0,1500.0,Green d'hide vambraces.png,Green d'hide vambraces,1300.0,1789654214.0,1277.0,1789654117.0
Paints things green!,12759,True,1.0,4.0,1.0,1.0,Green dark bow paint.png,Green dark bow paint,289990.0,1789608653.0,216865.0,1789602627.0
It's a piece of prepared green dragonhide.,1745,True,20.0,13000.0,50.0,30.0,Green dragon leather.png,Green dragon leather,1950.0,1789654244.0,1885.0,1789654386.0
Do I look scary?,12518,True,4000.0,4.0,10000.0,6000.0,Green dragon mask.png,Green dragon mask,5568.0,1789652655.0,7000.0,1789652956.0
The scaly rough hide from a Green Dragon.,1753,True,54.0,13000.0,135.0,81.0,Green dragonhide.png,Green dragonhide,1622.0,1789654432.0,1622.0,1789654372.0
"A set containing a green dragonhide body, chaps and vambraces.",12865,False,2000.0,125.0,5000.0,3000.0,Green dragonhide set.png,Green dragonhide set,8554.0,1789652820.0,7544.0,1789652842.0
A little bottle of green dye.,1771,False,2.0,150.0,5.0,3.0,Green dye.png,Green dye,799.0,1789654241.0,300.0,1789643211.0
A well made elegant ladies' green blouse.,10432,True,800.0,4.0,2000.0,1200.0,Green elegant blouse.png,Green elegant blouse,25532.0,1789626337.0,14000.0,1789642142.0
A rather elegant pair of men's green pantaloons.,10414,True,800.0,4.0,2000.0,1200.0,Green elegant legs.png,Green elegant legs,289799.0,1789577376.0,7777.0,1789650240.0
A well made elegant men's green shirt.,10412,True,800.0,4.0,2000.0,1200.0,Green elegant shirt.png,Green elegant shirt,5000.0,1789650489.0,5000.0,1789623262.0
A rather elegant green skirt.,10434,True,800.0,4.0,2000.0,1200.0,Green elegant skirt.png,Green elegant skirt,9797.0,1789575656.0,6589.0,1789616438.0
Makes firelighting a lot easier.,7330,True,6.0,250.0,15.0,9.0,Green firelighter.png,Green firelighter,75.0,1789653952.0,75.0,1789653905.0
Aaaarrrghhh ... I'm a monster.,1053,False,6.0,5.0,15.0,9.0,Green halloween mask.png,Green halloween mask,8147.0,1789653407.0,8147.0,1789652307.0
A silly green pointed hat.,658,True,64.0,150.0,160.0,96.0,Green hat.png,Green hat,1104.0,1789654355.0,999.0,1789652417.0
A minimalist's hat.,12307,True,16.0,4.0,40.0,24.0,Green headband.png,Green headband,690.0,1789626070.0,1000.0,1789643590.0
A nice hat from a cracker.,1044,False,1.0,5.0,1.0,1.0,Green partyhat.png,Green partyhat,17999.0,1789653633.0,12005.0,1789654113.0
Made by Tree Gnomes with a thing for green.,648,True,72.0,150.0,180.0,108.0,Green robe bottoms.png,Green robe bottoms,4037.0,1789654249.0,4037.0,1789654114.0
"The ultimate in gnome design, now in green!",638,True,72.0,150.0,180.0,108.0,Green robe top.png,Green robe top,1531.0,1789654286.0,1382.0,1789646203.0
Vambraces made from 100% real dragonhide. Now with added spikiness.,10079,True,1000.0,125.0,2500.0,1500.0,Green spiky vambraces.png,Green spiky vambraces,1063.0,1789616902.0,885.0,1789608569.0
A mountable carving of a woodland spirit.,31024,True,3698.0,,9245.0,5547.0,Greenman carving.png,Greenman carving,52933.0,1789600637.0,1101.0,1789638363.0
Makes you feel at one with nature.,31034,True,1.0,4.0,1.0,1.0,Greenman mask.png,Greenman mask,22000.0,1789641488.0,17770.0,1789637569.0
A garden statue of a woodland spirit.,31027,True,3698.0,,9245.0,5547.0,Greenman statue.png,Greenman statue,99000.0,1789640357.0,37000.0,1789623545.0
A glass of frothy ale.,1909,True,1.0,2000.0,2.0,1.0,Greenman's ale.png,Greenman's ale,258.0,1789654358.0,250.0,1789651555.0
How does it all fit in there?,8522,True,4.0,500.0,10.0,6.0,Greenman's ale (flatpack).png,Greenman's ale (flatpack),16063.0,1789611063.0,10500.0,1789574765.0
This looks a good deal stronger than normal Greenman's Ale.,5743,True,1.0,2000.0,2.0,1.0,Greenman's ale(m).png,Greenman's ale(m),90000.0,1789653493.0,34368.0,1789652117.0
This keg contains 4 pints of Greenmans Ale.,5793,True,1.0,2000.0,1.0,1.0,Greenmans ale(4).png,Greenmans ale(4),22788.0,1789650892.0,26379.0,1789604109.0
This keg contains 4 pints of mature Greenmans Ale.,5873,True,1.0,2000.0,1.0,1.0,Greenmans ale(m4).png,Greenmans ale(m4),175000.0,1789623180.0,130000.0,1789491239.0
Very stylish!,2894,False,200.0,150.0,500.0,300.0,Grey boots.png,Grey boots,2500.0,1789650422.0,2018.0,1789653369.0
These will keep my hands warm!,2902,False,200.0,150.0,500.0,300.0,Grey gloves.png,Grey gloves,2710.0,1789652618.0,1364.0,1789648657.0
A silly pointed hat.,2900,True,200.0,150.0,500.0,300.0,Grey hat.png,Grey hat,2189.0,1789650473.0,1185.0,1789652356.0
Made by werewolves for werewolves.,2898,True,200.0,150.0,500.0,300.0,Grey robe bottoms.png,Grey robe bottoms,853.0,1789597729.0,897.0,1789277473.0
Some fine werewolf clothing.,2896,True,200.0,150.0,500.0,300.0,Grey robe top.png,Grey robe top,4000.0,1789577746.0,873.0,1789592881.0
A grey toy horse.,2526,False,40.0,150.0,100.0,60.0,Grey toy horsey.png,Grey toy horsey,314.0,1789637359.0,318.0,1789654425.0
This would make warm clothing.,958,True,20.0,18000.0,50.0,30.0,Grey wolf fur.png,Grey wolf fur,15.0,1789653433.0,10.0,1789653473.0
Used to construct an icon to the iconic entrance into the world of Gielinor inside your Player owned house.,31205,True,,,2500000.0,,Grid master altar icon scroll.png,Grid master altar icon scroll,200000.0,1789639323.0,73443.0,1789628499.0
A symbol of grid mastery,31181,True,,,100000.0,,Grid master tabard.png,Grid master tabard,31005.0,1789511948.0,41650.0,1789598715.0
A symbol of grid mastery,31184,True,,,100000.0,,Grid master tabard (b).png,Grid master tabard (b),93702.0,1789551686.0,10000.0,1789598808.0
A symbol of grid mastery,31190,True,,,100000.0,,Grid master tabard (g).png,Grid master tabard (g),90000.0,1789385550.0,36428.0,1789585136.0
A symbol of grid mastery,31187,True,,,100000.0,,Grid master tabard (p).png,Grid master tabard (p),10000.0,1789538960.0,51109.0,1788923191.0
Used on a marble incense burner inside your Player owned house to change them to the Flames of Lloigh-enn.,31208,True,,,2500000.0,,Grid master torch scroll.png,Grid master torch scroll,101517.0,1789639308.0,78526.0,1789598777.0
It needs cleaning.,211,True,7.0,13000.0,18.0,10.0,Grimy avantoe.png,Grimy avantoe,1767.0,1789654420.0,1767.0,1789654426.0
It needs cleaning.,215,True,8.0,11000.0,22.0,13.0,Grimy cadantine.png,Grimy cadantine,2098.0,1789654399.0,2098.0,1789654434.0
It needs cleaning.,217,True,9.0,11000.0,24.0,14.0,Grimy dwarf weed.png,Grimy dwarf weed,1343.0,1789654352.0,1343.0,1789654431.0
It needs cleaning.,199,True,5.0,13000.0,13.0,7.0,Grimy guam leaf.png,Grimy guam leaf,260.0,1789654215.0,250.0,1789654308.0
It needs cleaning.,205,True,6.0,13000.0,16.0,9.0,Grimy harralander.png,Grimy harralander,352.0,1789653137.0,352.0,1789654417.0
It needs cleaning.,30094,True,10.0,,25.0,15.0,Grimy huasca.png,Grimy huasca,7602.0,1789653119.0,7306.0,1789653931.0
It needs cleaning.,209,True,6.0,13000.0,17.0,10.0,Grimy irit leaf.png,Grimy irit leaf,1322.0,1789654194.0,1302.0,1789654434.0
It needs cleaning.,213,True,8.0,13000.0,20.0,12.0,Grimy kwuarm.png,Grimy kwuarm,2164.0,1789654160.0,2127.0,1789654392.0
It needs cleaning.,2485,True,9.0,11000.0,23.0,13.0,Grimy lantadyme.png,Grimy lantadyme,1244.0,1789654375.0,1244.0,1789654427.0
It needs cleaning.,201,True,5.0,13000.0,14.0,8.0,Grimy marrentill.png,Grimy marrentill,239.0,1789653270.0,243.0,1789654401.0
It needs cleaning.,207,True,12.0,11000.0,30.0,18.0,Grimy ranarr weed.png,Grimy ranarr weed,5700.0,1789654343.0,5646.0,1789654429.0
It needs cleaning.,3051,True,8.0,11000.0,21.0,12.0,Grimy snapdragon.png,Grimy snapdragon,7394.0,1789654239.0,7355.0,1789654430.0
It needs cleaning.,203,True,6.0,13000.0,15.0,9.0,Grimy tarromin.png,Grimy tarromin,202.0,1789654313.0,202.0,1789654220.0
It needs cleaning.,3049,True,7.0,13000.0,19.0,11.0,Grimy toadflax.png,Grimy toadflax,2265.0,1789653552.0,2211.0,1789654434.0
It needs cleaning.,219,True,10.0,11000.0,25.0,15.0,Grimy torstol.png,Grimy torstol,3572.0,1789653537.0,3570.0,1789654419.0
A murky glass of some sort of drink.,1915,True,1.0,2000.0,3.0,1.0,Grog.png,Grog,301.0,1789605878.0,266.0,1789653909.0
One of the ingredients for making fish food.,6681,True,1.0,100.0,2.0,1.0,Ground guam.png,Ground guam,45.0,1789619913.0,10.0,1789407293.0
It looks like the key to a chest (Used to open the grubby chest in Forthos Dungeon).,23499,True,12.0,11000.0,32.0,19.0,Grubby key.png,Grubby key,32971.0,1789643658.0,32001.0,1789654259.0
A feather from a gryphon.,31235,True,6.0,11000.0,15.0,9.0,Gryphon feather.png,Gryphon feather,22.0,1789654020.0,22.0,1789653212.0
A bitter green herb.,249,True,1.0,13000.0,3.0,1.0,Guam leaf.png,Guam leaf,438.0,1789654307.0,412.0,1789654405.0
I need another ingredient to finish this Guam potion.,91,True,1.0,10000.0,3.0,1.0,Guam potion (unf).png,Guam potion (unf),324.0,1789654376.0,315.0,1789654125.0
A guam seed - plant in a herb patch.,5291,True,1.0,600.0,1.0,1.0,Guam seed 5.png,Guam seed,23.0,1789653397.0,10.0,1789654073.0
"A thick, foul-smelling, tar-like substance with a green tinge.",10142,True,1.0,7000.0,3.0,1.0,Guam tar.png,Guam tar,13.0,1789651916.0,11.0,1789648373.0
"Some sturdy Bandos boots, made sturdier with the blackened tourmaline core of the Grotesque Guardians.",21733,True,122000.0,8.0,305000.0,183000.0,Guardian boots.png,Guardian boots,1412028.0,1789653344.0,1376952.0,1789654418.0
"A set containing a Guthan's helm, chainskirt, platebody and warspear.",12873,True,160000.0,8.0,400000.0,240000.0,Guthan's armour set.png,Guthan's armour set,769826.0,1789653634.0,727755.0,1789653511.0
Guthan the Infested's chainskirt.,4730,True,110000.0,15.0,275000.0,165000.0,Guthan's chainskirt.png,Guthan's chainskirt,187544.0,1789652742.0,178188.0,1789653819.0
Guthan the Infested's chainskirt.,4926,True,110000.0,15.0,275000.0,165000.0,Guthan's chainskirt 0.png,Guthan's chainskirt 0,164184.0,1789635396.0,164184.0,1789652651.0
Guthan the Infested's helm.,4724,True,41200.0,15.0,103000.0,61800.0,Guthan's helm.png,Guthan's helm,251698.0,1789650246.0,225651.0,1789650477.0
Guthan the Infested's helm.,4908,True,41200.0,15.0,103000.0,61800.0,Guthan's helm 0.png,Guthan's helm 0,134881.0,1789585655.0,141000.0,1789652653.0
Guthan the Infested's platebody armour.,4728,True,112000.0,15.0,280000.0,168000.0,Guthan's platebody.png,Guthan's platebody,225194.0,1789652435.0,195187.0,1789653815.0
Guthan the Infested's platebody armour.,4920,True,112000.0,15.0,280000.0,168000.0,Guthan's platebody 0.png,Guthan's platebody 0,166903.0,1789642325.0,166903.0,1789652649.0
Guthan the Infested's warspear.,4726,True,40000.0,15.0,100000.0,60000.0,Guthan's warspear.png,Guthan's warspear,85435.0,1789650127.0,80001.0,1789654379.0
Guthan the Infested's warspear.,4914,True,40000.0,15.0,100000.0,60000.0,Guthan's warspear 0.png,Guthan's warspear 0,59059.0,1789635409.0,59127.0,1789652680.0
"A set containing a full helm, platebody, legs and kiteshield.",13048,False,32000.0,8.0,80000.0,48000.0,Guthix armour set (lg).png,Guthix armour set (lg),150000.0,1789642651.0,152880.0,1789654103.0
"A set containing a full helm, platebody, skirt and kiteshield.",13050,False,32000.0,8.0,80000.0,48000.0,Guthix armour set (sk).png,Guthix armour set (sk),155000.0,1789654258.0,105213.0,1789472765.0
"A potion of harralander, red spiders eggs, garlic and silver dust.",7666,True,80.0,2000.0,200.0,120.0,Guthix balance(1).png,Guthix balance(1),255.0,1788497722.0,3252.0,1788703070.0
"A potion of harralander, red spiders eggs, garlic and silver dust.",7664,True,80.0,2000.0,200.0,120.0,Guthix balance(2).png,Guthix balance(2),9797.0,1789609757.0,522.0,1789609721.0
"A potion of harralander, red spiders eggs, garlic and silver dust.",7662,True,80.0,2000.0,200.0,120.0,Guthix balance(3).png,Guthix balance(3),266.0,1789434290.0,257.0,1789647176.0
"A potion of harralander, red spiders eggs, garlic and silver dust.",7660,True,80.0,2000.0,200.0,120.0,Guthix balance(4).png,Guthix balance(4),2000.0,1789650697.0,1330.0,1789651450.0
Guthix blessed dragonhide vambraces.,10376,True,2400.0,8.0,6000.0,3600.0,Guthix bracers.png,Guthix bracers,16000.0,1789652564.0,10379.0,1789653370.0
Guthix blessed dragonhide chaps.,10380,True,2400.0,8.0,6000.0,3600.0,Guthix chaps.png,Guthix chaps,121188.0,1789651994.0,115736.0,1789654169.0
A Guthix cloak.,10448,True,800.0,8.0,2000.0,1200.0,Guthix cloak.png,Guthix cloak,13089.0,1789653140.0,8615.0,1789652828.0
Guthix blessed dragonhide coif.,10382,True,800.0,8.0,2000.0,1200.0,Guthix coif.png,Guthix coif,38208.0,1789652426.0,40418.0,1789653522.0
A Guthix crozier.,10442,True,2000.0,8.0,5000.0,3000.0,Guthix crozier.png,Guthix crozier,3577.0,1789653162.0,3560.0,1789653728.0
Guthix blessed dragonhide body armour.,10378,True,5200.0,8.0,13000.0,7800.0,Guthix d'hide body.png,Guthix d'hide body,100320.0,1789654371.0,93856.0,1789654167.0
Guthix blessed dragonhide boots.,19927,True,3720.0,8.0,9300.0,5580.0,Guthix d'hide boots.png,Guthix d'hide boots,107422.0,1789654408.0,93478.0,1789654245.0
Guthix blessed wooden shield covered in dragon leather.,23188,True,11333.0,8.0,28334.0,17000.0,Guthix d'hide shield.png,Guthix d'hide shield,188699.0,1789653883.0,141001.0,1789649402.0
"A set containing a Guthix dragonhide coif, body, chaps and vambraces.",13165,True,3600.0,8.0,9000.0,5400.0,Guthix dragonhide set.png,Guthix dragonhide set,294998.0,1789644995.0,274279.0,1789643220.0
A rune full face helmet in the colours of Guthix.,2673,False,14080.0,8.0,35200.0,21120.0,Guthix full helm.png,Guthix full helm,27000.0,1789653786.0,26000.0,1789653650.0
Rune kiteshield in the colours of Guthix.,2675,False,21760.0,8.0,54400.0,32640.0,Guthix kiteshield.png,Guthix kiteshield,35545.0,1789629194.0,34000.0,1789653647.0
A Guthix mitre.,10454,True,2000.0,8.0,5000.0,3000.0,Guthix mitre.png,Guthix mitre,15555.0,1789653169.0,10000.0,1789646906.0
A Guthix Mjolnir.,6760,True,250.0,8.0,625.0,375.0,Guthix mjolnir.png,Guthix mjolnir,7557.0,1789615192.0,7932.0,1789645614.0
This seems to have been torn from a book...,3835,True,80.0,5.0,200.0,120.0,Guthix page 1.png,Guthix page 1,821.0,1789654229.0,406.0,1789654103.0
This seems to have been torn from a book...,3836,True,80.0,5.0,200.0,120.0,Guthix page 2.png,Guthix page 2,3249.0,1789653926.0,2000.0,1789653988.0
This seems to have been torn from a book...,3837,True,80.0,5.0,200.0,120.0,Guthix page 3.png,Guthix page 3,19600.0,1789654066.0,1333.0,1789653416.0
This seems to have been torn from a book...,3838,True,80.0,5.0,200.0,120.0,Guthix page 4.png,Guthix page 4,35000.0,1789654095.0,1500.0,1789653689.0
Rune platebody in the colours of Guthix.,2669,False,26000.0,8.0,65000.0,39000.0,Guthix platebody.png,Guthix platebody,38661.0,1789634459.0,39666.0,1789653669.0
Rune plate legs in the colours of Guthix.,2671,False,25600.0,8.0,64000.0,38400.0,Guthix platelegs.png,Guthix platelegs,59295.0,1789612208.0,38666.0,1789649415.0
Rune plateskirt in the colours of Guthix.,3480,False,25600.0,8.0,64000.0,38400.0,Guthix plateskirt.png,Guthix plateskirt,39577.0,1789653766.0,37502.0,1789653643.0
A cup of Guthix Rest.,4423,True,20.0,2000.0,50.0,30.0,Guthix rest(1).png,Guthix rest(1),1082.0,1789638732.0,649.0,1789619771.0
A cup of Guthix Rest.,4421,True,20.0,2000.0,50.0,30.0,Guthix rest(2).png,Guthix rest(2),4500.0,1789638717.0,1249.0,1789654247.0
A cup of Guthix Rest.,4419,True,20.0,2000.0,50.0,30.0,Guthix rest(3).png,Guthix rest(3),2198.0,1789638701.0,2021.0,1789654300.0
A cup of Guthix Rest.,4417,True,20.0,2000.0,50.0,30.0,Guthix rest(4).png,Guthix rest(4),2989.0,1789654387.0,2811.0,1789649085.0
Leggings from the Guthix Vestments.,10466,True,2800.0,8.0,7000.0,4200.0,Guthix robe legs.png,Guthix robe legs,16807.0,1789653149.0,14000.0,1789649076.0
Guthix Vestments.,10462,True,2800.0,8.0,7000.0,4200.0,Guthix robe top.png,Guthix robe top,60000.0,1789653130.0,34135.0,1789653452.0
A Guthix stole.,10472,True,1000.0,8.0,2500.0,1500.0,Guthix stole.png,Guthix stole,2759.0,1789649667.0,1001.0,1789652637.0
Teleports you to the Ancient Guthixian Temple.,29684,True,4.0,,10.0,6.0,Guthixian temple teleport.png,Guthixian temple teleport,17500.0,1789652540.0,16750.0,1789654190.0
Some nicely cooked haddock.,32320,True,68.0,,170.0,102.0,Haddock.png,Haddock,577.0,1789653606.0,471.0,1789619034.0
I wonder what this tastes like.,32357,True,1.0,,3.0,1.0,Haddock eye.png,Haddock eye,917.0,1789637316.0,271.0,1789617517.0
1 application of haemostatic dressing.,31599,True,100.0,,250.0,150.0,Haemostatic dressing (1).png,Haemostatic dressing (1),1200.0,1789588148.0,1200.0,1789623540.0
3 applications of haemostatic dressing.,31596,True,100.0,,250.0,150.0,Haemostatic dressing (2).png,Haemostatic dressing (2),1000.0,1789546768.0,2400.0,1789616311.0
3 applications of haemostatic dressing.,31593,True,100.0,,250.0,150.0,Haemostatic dressing (3).png,Haemostatic dressing (3),2750.0,1789645945.0,2900.0,1789645964.0
4 applications of haemostatic dressing.,31590,True,100.0,2000.0,250.0,150.0,Haemostatic dressing (4).png,Haemostatic dressing (4),4289.0,1789654310.0,4008.0,1789633037.0
"A healing poultice, can be applied to cotton yarn to create a haemostatic dressing.",31587,True,68.0,2000.0,170.0,102.0,Haemostatic poultice.png,Haemostatic poultice,2000.0,1789635567.0,2000.0,1789631573.0
I can spin this into rope.,10814,True,1.0,13000.0,2.0,1.0,Hair.png,Hair,170.0,1789621036.0,72.0,1789623702.0
An optimist would say it's half full.,1989,False,1.0,50.0,1.0,1.0,Half full wine jug.png,Half full wine jug,9098.0,1789637285.0,9090.0,1789653754.0
The two halfs would surely make a full moon?,20053,True,7780.0,4.0,19450.0,11670.0,Half moon spectacles.png,Half moon spectacles,23000.0,1789646909.0,19091.0,1789652203.0
Some nicely cooked halibut.,32336,True,68.0,10000.0,170.0,102.0,Halibut.png,Halibut,2400.0,1789654263.0,2400.0,1789653405.0
"A set containing red, green and blue Halloween masks.",13175,False,3.0,5.0,8.0,4.0,Halloween mask set.png,Halloween mask set,28044.0,1789652311.0,26000.0,1789650192.0
This really fells my hallow.,34027,True,500000.0,100.0,1250000.0,750000.0,Hallowfell.png,Hallowfell,1840000.0,1789654369.0,1790946.0,1789654273.0
HAM boots as worn by the Humans Against Monsters group.,4310,True,30.0,15.0,75.0,45.0,Ham boots.png,Ham boots,2697.0,1789654207.0,2560.0,1789652283.0
A HAM cape.,4304,True,30.0,15.0,75.0,45.0,Ham cloak.png,Ham cloak,2553.0,1789653943.0,1601.0,1789650581.0
HAM gloves as worn by the Humans Against Monsters group.,4308,True,30.0,15.0,75.0,45.0,Ham gloves.png,Ham gloves,2086.0,1789653913.0,2086.0,1789653661.0
Light-weight head protection and eye shield.,4302,True,30.0,15.0,75.0,45.0,Ham hood.png,Ham hood,800.0,1789654226.0,387.0,1789653389.0
A delicious joint of ham.,23360,False,600.0,100.0,1500.0,900.0,Ham joint.png,Ham joint,1336990.0,1789650186.0,1248092.0,1789642677.0
A badge for the HAM cult.,4306,True,30.0,15.0,75.0,45.0,Ham logo.png,Ham logo,1249.0,1789654298.0,1175.0,1789650570.0
"The label says 'Vivid Crimson', but it looks pink to me!",4300,True,30.0,15.0,75.0,45.0,Ham robe.png,Ham robe,624.0,1789653746.0,569.0,1789652571.0
"The label says 'Vivid Crimson', but it looks pink to me!",4298,True,30.0,15.0,75.0,45.0,Ham shirt.png,Ham shirt,2000.0,1789654244.0,501.0,1789653791.0
Good for hitting things!,2347,False,1.0,40.0,1.0,1.0,Hammer.png,Hammer,101.0,1789654271.0,81.0,1789652793.0
A handful of Hammerstone Hops.,5994,True,1.0,11000.0,4.0,2.0,Hammerstone hops.png,Hammerstone hops,406.0,1789646395.0,390.0,1789512312.0
A Hammerstone hop seed - plant in a hops patch.,5307,True,1.0,2000.0,2.0,1.0,Hammerstone seed 5.png,Hammerstone seed,6.0,1789653458.0,10.0,1789651624.0
It's a piece of hard leather.,1743,False,1.0,13000.0,1.0,1.0,Hard leather.png,Hard leather,182.0,1789654427.0,176.0,1789654269.0
A solid oaken shield covered in hard leather.,22269,True,200.0,125.0,500.0,300.0,Hard leather shield.png,Hard leather shield,90.0,1789646182.0,10.0,1789585489.0
Harder than normal leather.,1131,False,68.0,125.0,170.0,102.0,Hardleather body.png,Hardleather body,9.0,1789654406.0,5.0,1789654429.0
"An ancient magical orb, corrupted by darkness.",24511,True,1600000.0,8.0,4000000.0,2400000.0,Harmonised orb.png,Harmonised orb,465298987.0,1789652819.0,459911000.0,1789650381.0
A teleport to Harmony Island.,19625,True,1.0,10000.0,1.0,1.0,Harmony island teleport (tablet).png,Harmony island teleport (tablet),3500.0,1789654221.0,2317.0,1789653643.0
Useful for catching really big fish.,311,False,2.0,40.0,5.0,3.0,Harpoon.png,Harpoon,370.0,1789654401.0,155.0,1789654256.0
A useful herb.,255,True,8.0,13000.0,20.0,12.0,Harralander.png,Harralander,436.0,1789654330.0,434.0,1789654408.0
I need another ingredient to finish this Harralander potion.,97,True,8.0,10000.0,20.0,12.0,Harralander potion (unf).png,Harralander potion (unf),639.0,1789654249.0,635.0,1789654098.0
A harralander seed - plant in a herb patch.,5294,True,1.0,600.0,4.0,2.0,Harralander seed 5.png,Harralander seed,29.0,1789653573.0,29.0,1789654263.0
"A dark, thick, foul-smelling, tar-like substance.",10145,True,1.0,11000.0,1.0,1.0,Harralander tar.png,Harralander tar,3.0,1789654269.0,3.0,1789653698.0
Essential pirate wear.,8928,True,40.0,150.0,100.0,60.0,Hat eyepatch.png,Hat eyepatch,59788.0,1789613739.0,57932.0,1789557127.0
A wooden arrow shaft with flights attached.,53,True,1.0,11000.0,1.0,1.0,Headless arrow.png,Headless arrow,12.0,1789654301.0,12.0,1789654299.0
An atlatl dart shaft with flights attached.,31010,True,98.0,11000.0,245.0,147.0,Headless atlatl dart 5.png,Headless atlatl dart,47.0,1789651220.0,39.0,1789651294.0
A powerful weapon forged from the wreckage of an airship.,19481,True,380000.0,8.0,950000.0,570000.0,Heavy ballista.png,Heavy ballista,992400.0,1789654391.0,970108.0,1789653588.0
A heavy wooden frame.,19589,True,20000.0,8.0,50000.0,30000.0,Heavy frame.png,Heavy frame,384117.0,1789623365.0,377000.0,1789650669.0
A gift from Neitiznot's Burgher.,10828,True,20000.0,70.0,50000.0,30000.0,Helm of Neitiznot.png,Helm of Neitiznot,49013.0,1789653643.0,47258.0,1789654362.0
I should use this with a spinning wheel.,31457,True,12.0,13000.0,30.0,18.0,Hemp.png,Hemp,987.0,1789652930.0,950.0,1789654214.0
A hemp plant seed - plant in a hops patch.,31543,True,2.0,2000.0,5.0,3.0,Hemp seed 5.png,Hemp seed,868.0,1789653797.0,850.0,1789654267.0
Spun from hemp.,31466,True,14.0,13000.0,35.0,21.0,Hemp yarn.png,Hemp yarn,715.0,1789652599.0,700.0,1789653865.0
Some nicely cooked herring.,347,False,4.0,6000.0,10.0,6.0,Herring.png,Herring,1.0,1789650657.0,1.0,1789653860.0
Your money or your life!,2631,True,16.0,4.0,40.0,24.0,Highwayman mask.png,Highwayman mask,80000.0,1789625249.0,57415.0,1789649082.0
A brutal weapon popular among giants.,20756,False,24000.0,125.0,60000.0,36000.0,Hill giant club.png,Hill giant club,1107761.0,1789653928.0,1102965.0,1789647779.0
The path of the righteous man is beset on all sides by the inequities of the selfish and the tyranny of evil men.,20220,True,32.0,5.0,80.0,48.0,Holy blessing.png,Holy blessing,3059.0,1789654290.0,1000.0,1789653589.0
A set containing the four pages of Saradomin's Holy Book.,13149,True,2800.0,5.0,7000.0,4200.0,Holy book page set.png,Holy book page set,12839.0,1789653484.0,11776.0,1789625312.0
A bottle of holy elixir.,12833,True,300000.0,5.0,750000.0,450000.0,Holy elixir.png,Holy elixir,907011.0,1789636728.0,875006.0,1789651710.0
Used to make holy symbols of Saradomin.,1599,False,2.0,40.0,5.0,3.0,Holy mould.png,Holy mould,300.0,1789630162.0,35.0,1789647996.0
Holy footwear!,12598,True,800.0,4.0,2000.0,1200.0,Holy sandals.png,Holy sandals,874000.0,1789653182.0,817918.0,1789652329.0
A blessed holy symbol of Saradomin.,1718,False,120.0,125.0,300.0,180.0,Holy symbol.png,Holy symbol,263.0,1789654085.0,261.0,1789654336.0
Holy handwear!,19997,True,3840.0,4.0,9600.0,5760.0,Holy wraps.png,Holy wraps,509076.0,1789653947.0,516002.0,1789652343.0
Law is not law if it violates the principles of eternal justice.,20229,True,32.0,5.0,80.0,48.0,Honourable blessing.png,Honourable blessing,4887.0,1789654225.0,2073.0,1789652914.0
A dark power is woven into this hood.,20128,True,4000.0,70.0,10000.0,6000.0,Hood of darkness.png,Hood of darkness,7362.0,1789637934.0,7000.0,1789649334.0
Sound the horn for a better hunt.,31243,True,8000.0,15.0,20000.0,12000.0,Horn of Plenty (empty).png,Horn of Plenty (empty),508430.0,1789648283.0,500000.0,1789650136.0
A banner made of redwood baring the sigil of House Hosidius.,20254,True,28.0,4.0,70.0,42.0,Hosidius banner.png,Hosidius banner,1001.0,1789623021.0,1033.0,1789651848.0
A rare hood from Hosidius.,20116,True,1.0,4.0,1.0,1.0,Hosidius hood.png,Hosidius hood,2124.0,1789626470.0,2000.0,1789652326.0
A green scarf adorned with an ornamental leaf.,19946,True,4000.0,4.0,10000.0,6000.0,Hosidius scarf.png,Hosidius scarf,6762.0,1789653568.0,7300.0,1789649141.0
A powerful herb.,30097,True,30.0,,75.0,45.0,Huasca.png,Huasca,7500.0,1789650448.0,7305.0,1789653771.0
I need another ingredient to finish this Huasca potion.,30100,True,10.0,10000.0,25.0,15.0,Huasca potion (unf).png,Huasca potion (unf),8123.0,1789652903.0,8040.0,1789652549.0
A huasca seed - plant in a herb patch.,30088,True,28.0,200.0,70.0,42.0,Huasca seed 5.png,Huasca seed,40443.0,1789653368.0,40443.0,1789654392.0
Quite mesmerising to look at.,30085,True,44.0,,110.0,66.0,Hueycoatl hide.png,Hueycoatl hide,508248.0,1789644615.0,505802.0,1789653996.0
"A set containing a Hueycoatl hide coif, Hueycoatl hide body, Hueycoatl hide chaps and Hueycoatl hide vambraces.",31169,True,58000.0,,145000.0,87000.0,Hueycoatl hide armour set.png,Hueycoatl hide armour set,4268000.0,1789653293.0,4165543.0,1789633013.0
Made from real Huey hide!,30076,True,5392.0,,13480.0,8088.0,Hueycoatl hide body.png,Hueycoatl hide body,1527130.0,1789654188.0,1490899.0,1789654260.0
Made from real Huey hide!,30079,True,2488.0,,6220.0,3732.0,Hueycoatl hide chaps.png,Hueycoatl hide chaps,1000000.0,1789654200.0,987420.0,1789654297.0
Made from real Huey hide!,30073,True,800.0,,2000.0,1200.0,Hueycoatl hide coif.png,Hueycoatl hide coif,1067059.0,1789654038.0,994073.0,1789652332.0
Made from real Huey hide!,30082,True,1728.0,,4320.0,2592.0,Hueycoatl hide vambraces.png,Hueycoatl hide vambraces,507621.0,1789652853.0,500000.0,1789653302.0
1 dose of Hunter potion.,10004,True,2.0,2000.0,6.0,3.0,Hunter potion(1).png,Hunter potion(1),67.0,1789647006.0,60.0,1789647352.0
2 doses of Hunter potion.,10002,True,3.0,2000.0,9.0,5.0,Hunter potion(2).png,Hunter potion(2),300.0,1789652507.0,111.0,1789572940.0
3 doses of Hunter potion.,10000,True,4.0,2000.0,12.0,7.0,Hunter potion(3).png,Hunter potion(3),429.0,1789633049.0,411.0,1789619968.0
4 doses of Hunter potion.,9998,True,6.0,2000.0,15.0,9.0,Hunter potion(4).png,Hunter potion(4),627.0,1789654265.0,599.0,1789644859.0
I can make some spears with these.,29311,True,2.0,10000.0,6.0,3.0,Hunter spear tips 5.png,Hunter spear tips,3.0,1789654235.0,3.0,1789654041.0
Throw it... Or don't.,29305,True,140.0,,350.0,210.0,Hunter's spear.png,Hunter's spear,746.0,1789654146.0,541.0,1789625721.0
A weapon made of bone and wood.,10156,True,520.0,70.0,1300.0,780.0,Hunters' crossbow.png,Hunters' crossbow,1693.0,1789654136.0,1518.0,1789649234.0
A weapon made of horn and bone.,28869,True,520.0,70.0,1300.0,780.0,Hunters' sunlight crossbow.png,Hunters' sunlight crossbow,6164.0,1789654160.0,4500.0,1789653345.0
One dose of fishy Hunter potion.,11519,True,2.0,2000.0,6.0,3.0,Hunting mix(1).png,Hunting mix(1),1.0,1789546514.0,1.0,1789609782.0
Two doses of fishy Hunter potion.,11517,True,3.0,2000.0,9.0,5.0,Hunting mix(2).png,Hunting mix(2),134.0,1789589560.0,13.0,1789571716.0
The bones of a hydra.,22786,True,64.0,7500.0,160.0,96.0,Hydra bones.png,Hydra bones,8299.0,1789653310.0,8230.0,1789654406.0
Hide from a ferocious Hydra. It looks pretty tough.,22983,True,40000.0,15.0,100000.0,60000.0,Hydra leather.png,Hydra leather,9199999.0,1789654260.0,9049080.0,1789654012.0
"Tail of a hydra, can be attached to a bonecrusher.",22988,True,40000.0,15.0,100000.0,60000.0,Hydra tail.png,Hydra tail,92395.0,1789654096.0,82362.0,1789654252.0
The claw of a ferocious hydra.,22966,True,60000.0,15.0,150000.0,90000.0,Hydra's claw.png,Hydra's claw,42999998.0,1789648635.0,42722123.0,1789653869.0
A missing piece from a magical staff.,30628,True,4000.0,8.0,10000.0,6000.0,Ice element staff crown.png,Ice element staff crown,4441733.0,1789637697.0,4300000.0,1789653131.0
A teleport to the Ice Plateau in level 53 Wilderness.,24963,True,1.0,10000.0,1.0,1.0,Ice plateau teleport (tablet).png,Ice plateau teleport (tablet),1484.0,1789654174.0,1284.0,1789654206.0
The crushed rock seems to glow and is cold to the touch.,22599,True,36.0,10000.0,90.0,54.0,Icy basalt.png,Icy basalt,1328.0,1789654338.0,1274.0,1789653747.0
This heart holds a magical power within.,20724,True,200000.0,8.0,500000.0,300000.0,Imbued heart.png,Imbued heart,72742432.0,1789654319.0,73000000.0,1789649269.0
A little too small to stuff full of tar.,28831,True,80.0,,200.0,120.0,Immature tecu salamander.png,Immature tecu salamander,146.0,1789641593.0,150.0,1789649748.0
What mischief can I get up to with this?,12249,True,800.0,4.0,2000.0,1200.0,Imp mask.png,Imp mask,3636.0,1789611507.0,3500.0,1789653522.0
A complex and herby Tempestus Rosé that's famously served at the College of Bards.,29966,True,160.0,,400.0,240.0,Imperial rosé.png,Imperial rosé,438.0,1789324276.0,201.0,1789591788.0
Can be read to unlock a new home teleport animation.,33359,True,,,25000.0,,Impish ritual scroll.png,Impish ritual scroll,490000.0,1789653690.0,320001.0,1789629503.0
Used to unlock the Impish overrides for your Arceuus thralls.,33365,True,,,25000.0,,Impish whistle.png,Impish whistle,2138949.0,1789653611.0,2001667.0,1789652820.0
It's got little holes in the top.,11260,True,1.0,13000.0,1.0,1.0,Impling jar.png,Impling jar,330.0,1789654248.0,320.0,1789654012.0
The limbs have been attached to the frame.,19598,True,20000.0,8.0,50000.0,30000.0,Incomplete heavy ballista.png,Incomplete heavy ballista,400000.0,1788229720.0,333006.0,1789387605.0
The limbs have been attached to the frame.,19595,True,20000.0,8.0,50000.0,30000.0,Incomplete light ballista.png,Incomplete light ballista,57094.0,1789630134.0,37000.0,1789601462.0
A heap of ashes.,25778,True,1.0,7500.0,1.0,1.0,Infernal ashes.png,Infernal ashes,3814.0,1789650716.0,3751.0,1789654391.0
"Metal from infernus, waiting to be shaped at an anvil.",30864,True,8.0,,20.0,12.0,Infernal plate 1.png,Infernal plate,9399999.0,1789528909.0,9000001.0,1789602834.0
Mystical boots.,6920,True,4800.0,125.0,12000.0,7200.0,Infinity boots.png,Infinity boots,920727.0,1789654351.0,901299.0,1789654037.0
Mystical robes.,6924,True,36000.0,125.0,90000.0,54000.0,Infinity bottoms.png,Infinity bottoms,1816000.0,1789652169.0,1718942.0,1789653386.0
Mystical gloves.,6922,True,4800.0,125.0,12000.0,7200.0,Infinity gloves.png,Infinity gloves,975405.0,1789652891.0,914082.0,1789654040.0
A mystic hat.,6918,True,6800.0,125.0,17000.0,10200.0,Infinity hat.png,Infinity hat,2426754.0,1789652165.0,2327502.0,1789653379.0
Mystical robes.,6916,True,56000.0,125.0,140000.0,84000.0,Infinity top.png,Infinity top,1680000.0,1789652160.0,1598062.0,1789653399.0
An initiate Temple Knight's leg armour.,5576,True,3200.0,125.0,8000.0,4800.0,Initiate cuisse.png,Initiate cuisse,6298.0,1789651849.0,3885.0,1789654218.0
Initiate level armour pack.,9668,True,8000.0,70.0,20000.0,12000.0,Initiate harness m.png,Initiate harness m,23129.0,1789646902.0,23129.0,1789583715.0
An initiate Temple Knight's Armour.,5575,True,4000.0,125.0,10000.0,6000.0,Initiate hauberk.png,Initiate hauberk,7500.0,1789651860.0,5600.0,1789654193.0
An initiate Temple Knight's helm.,5574,True,2400.0,125.0,6000.0,3600.0,Initiate sallet.png,Initiate sallet,3216.0,1789653539.0,3140.0,1789654205.0
An inky black paint. This might look good on a boat.,32093,True,1.0,5.0,1.0,1.0,Inky paint.png,Inky paint,758134.0,1789653905.0,750000.0,1789643911.0
It eases diseases!,11088,True,1024.0,10000.0,2560.0,1536.0,Inoculation bracelet.png,Inoculation bracelet,1556.0,1789653447.0,1250.0,1789653225.0
"A set containing an Inquisitor's great helm, Inquisitor's hauberk and Inquisitor's plateskirt.",24488,True,200000.0,,500000.0,300000.0,Inquisitor's armour set.png,Inquisitor's armour set,310579046.0,1789649945.0,303303303.0,1789653890.0
The great helmet of the turncloak Justiciar.,24419,True,200000.0,8.0,500000.0,300000.0,Inquisitor's great helm.png,Inquisitor's great helm,79750750.0,1789653104.0,78205000.0,1789653766.0
The hauberk of the turncloak Justiciar.,24420,True,400000.0,8.0,1000000.0,600000.0,Inquisitor's hauberk.png,Inquisitor's hauberk,118250000.0,1789653609.0,116751000.0,1789653826.0
A powerful mace once wielded by the turncloak Justiciar.,24417,True,2000000.0,8.0,5000000.0,3000000.0,Inquisitor's mace.png,Inquisitor's mace,303754679.0,1789654076.0,302000000.0,1789653057.0
The plateskirt of the turncloak Justiciar.,24421,True,300000.0,8.0,750000.0,450000.0,Inquisitor's plateskirt.png,Inquisitor's plateskirt,108309008.0,1789649959.0,108233003.0,1789653830.0
Drives away all known 6 legged creatures.,28,True,1.0,15.0,3.0,1.0,Insect repellent.png,Insect repellent,301.0,1789651389.0,150.0,1789653899.0
They're heavily insulated wellies.,7159,True,80.0,70.0,200.0,120.0,Insulated boots.png,Insulated boots,1000.0,1789654041.0,548.0,1789653972.0
Teleports you to the Iorwerth Camp.,12410,True,4.0,10000.0,10.0,6.0,Iorwerth camp teleport.png,Iorwerth camp teleport,7399.0,1789654221.0,7312.0,1789653952.0
A useful herb.,259,True,16.0,13000.0,40.0,24.0,Irit leaf.png,Irit leaf,1460.0,1789653409.0,1461.0,1789654427.0
I need another ingredient to finish this Irit potion.,101,True,16.0,10000.0,40.0,24.0,Irit potion (unf).png,Irit potion (unf),1720.0,1789654420.0,1664.0,1789653772.0
An irit seed - plant in a herb patch.,5297,True,2.0,600.0,5.0,3.0,Irit seed 5.png,Irit seed,40.0,1789653579.0,40.0,1789654192.0
"A dark, thick, foul-smelling, tar-like substance.",28837,True,1.0,11000.0,1.0,1.0,Irit tar.png,Irit tar,29.0,1789654288.0,31.0,1789653379.0
A two handed sword.,1309,False,112.0,125.0,280.0,168.0,Iron 2h sword.png,Iron 2h sword,99.0,1789653643.0,60.0,1789653769.0
Arrows with iron heads.,884,False,1.0,7000.0,3.0,1.0,Iron arrow 5.png,Iron arrow,4.0,1789653863.0,6.0,1789654413.0
Venomous-looking arrows.,885,True,1.0,7000.0,3.0,1.0,Iron arrow(p) 5.png,Iron arrow(p),4900.0,1788132475.0,385.0,1789174472.0
Venomous-looking arrows.,5617,True,1.0,7000.0,3.0,1.0,Iron arrow(p+) 5.png,Iron arrow(p+),24.0,1785162893.0,30.0,1783343332.0
Venomous-looking arrows.,5623,True,1.0,7000.0,3.0,1.0,Iron arrow(p++) 5.png,Iron arrow(p++),2000.0,1788917635.0,200.0,1789580341.0
I can make some arrows with these.,40,True,1.0,10000.0,2.0,1.0,Iron arrowtips.png,Iron arrowtips,12.0,1789653172.0,6.0,1789651557.0
A woodcutter's axe.,1349,False,22.0,40.0,56.0,33.0,Iron axe.png,Iron axe,124.0,1789652933.0,123.0,1789653807.0
It's a bar of iron.,2351,False,11.0,10000.0,28.0,16.0,Iron bar.png,Iron bar,194.0,1789654293.0,185.0,1789654145.0
A vicious looking axe.,1363,False,72.0,125.0,182.0,109.0,Iron battleaxe.png,Iron battleaxe,133.0,1789652837.0,30.0,1789650367.0
Iron crossbow bolts.,9140,True,1.0,7000.0,2.0,1.0,Iron bolts 5.png,Iron bolts,21.0,1789652967.0,21.0,1789651490.0
Some poisoned iron bolts.,9287,True,1.0,11000.0,2.0,1.0,Iron bolts (p) 5.png,Iron bolts (p),241.0,1789573259.0,503.0,1789349887.0
Some poisoned iron bolts.,9294,True,1.0,11000.0,2.0,1.0,Iron bolts (p+) 5.png,Iron bolts (p+),282.0,1788624092.0,362.0,1783480410.0
Super poisoned iron bolts.,9301,True,1.0,11000.0,2.0,1.0,Iron bolts (p++) 5.png,Iron bolts (p++),520.0,1789265956.0,1082.0,1785401181.0
Unfeathered iron crossbow bolts.,9377,True,1.0,13000.0,1.0,1.0,Iron bolts (unf) 5.png,Iron bolts (unf),19.0,1789647707.0,17.0,1789648621.0
These will protect my feet.,4121,True,33.0,125.0,84.0,50.0,Iron boots.png,Iron boots,6598.0,1789654322.0,6424.0,1789652049.0
Blunt iron arrow... ouch.,4778,True,4.0,11000.0,10.0,6.0,Iron brutal 5.png,Iron brutal,192.0,1789647407.0,52.0,1789648848.0
Ammo suited for a boat's cannon.,31908,True,1.0,11000.0,4.0,2.0,Iron cannonball.png,Iron cannonball,14.0,1789654120.0,14.0,1789654043.0
A series of connected metal rings.,1101,False,84.0,125.0,210.0,126.0,Iron chainbody.png,Iron chainbody,492.0,1789654410.0,80.0,1789653813.0
Ammo suited for a boat's cannon.,31920,True,3.0,,8.0,4.0,Iron chainshot cannonball.png,Iron chainshot cannonball,500.0,1788807193.0,1296.0,1789437546.0
A set of fighting claws.,3096,True,20.0,125.0,50.0,30.0,Iron claws.png,Iron claws,157.0,1789577571.0,157.0,1789619320.0
An iron crossbow.,9177,True,62.0,125.0,157.0,94.0,Iron crossbow.png,Iron crossbow,800.0,1789647529.0,335.0,1789651052.0
An unstrung iron crossbow.,9457,True,49.0,10000.0,123.0,73.0,Iron crossbow (u).png,Iron crossbow (u),78.0,1789530507.0,111.0,1788837769.0
Short but pointy.,1203,False,14.0,125.0,35.0,21.0,Iron dagger.png,Iron dagger,37.0,1789654419.0,50.0,1789651501.0
The blade is covered with poison.,1219,True,14.0,125.0,35.0,21.0,Iron dagger(p).png,Iron dagger(p),5.0,1789275397.0,1.0,1787284348.0
The blade is covered with poison.,5668,True,14.0,125.0,35.0,21.0,Iron dagger(p+).png,Iron dagger(p+),1.0,1788974273.0,1.0,1787293780.0
Short but pointy.,5686,True,14.0,125.0,35.0,21.0,Iron dagger(p++).png,Iron dagger(p++),5000.0,1789653669.0,6854.0,1789558514.0
A deadly throwing dart with an iron tip.,807,True,1.0,7000.0,2.0,1.0,Iron dart.png,Iron dart,10.0,1789654411.0,6.0,1789654217.0
A deadly poisoned dart with an iron tip.,813,True,1.0,7000.0,2.0,1.0,Iron dart (p).png,Iron dart (p),70000.0,1788132412.0,55.0,1787074585.0
A deadly looking dart tip made of iron - needs feathers for flight.,820,True,1.0,13000.0,3.0,1.0,Iron dart tip.png,Iron dart tip,49.0,1789654168.0,49.0,1789652082.0
A deadly poisoned dart with an iron tip.,5629,True,1.0,7000.0,2.0,1.0,Iron dart(p+).png,Iron dart(p+),40.0,1788896318.0,100.0,1788154600.0
A deadly poisoned dart with an iron tip.,5636,True,1.0,7000.0,2.0,1.0,Iron dart(p++).png,Iron dart(p++),39998.0,1789172700.0,202.0,1789173306.0
Do I look scary?,12365,True,4000.0,4.0,10000.0,6000.0,Iron dragon mask.png,Iron dragon mask,4060.0,1789444375.0,5555.0,1789652114.0
A woodcutter's axe.,28199,True,22.0,,56.0,33.0,Iron felling axe.png,Iron felling axe,1199995.0,1789110661.0,805555.0,1789560664.0
A full face helmet.,1153,False,61.0,125.0,154.0,92.0,Iron full helm.png,Iron full helm,61.0,1789654362.0,61.0,1789654416.0
Iron full helm with gold trim.,12241,False,64.0,4.0,160.0,96.0,Iron full helm (g).png,Iron full helm (g),109608.0,1789650026.0,109796.0,1789652296.0
Iron full helm with trim.,12231,False,64.0,4.0,160.0,96.0,Iron full helm (t).png,Iron full helm (t),30000.0,1789653602.0,25700.0,1789652755.0
"A set containing a full helm, platebody, legs and kiteshield.",12980,False,360.0,8.0,900.0,540.0,Iron gold-trimmed set (lg).png,Iron gold-trimmed set (lg),376000.0,1789654317.0,346048.0,1789592016.0
"A set containing a full helm, platebody, skirt and kiteshield.",12982,False,360.0,8.0,900.0,540.0,Iron gold-trimmed set (sk).png,Iron gold-trimmed set (sk),327000.0,1789643276.0,230000.0,1789397504.0
An iron halberd.,3192,True,112.0,125.0,280.0,168.0,Iron halberd.png,Iron halberd,921.0,1789589968.0,14433.0,1788851436.0
"An iron-tipped, one-handed hasta.",11369,True,36.0,125.0,91.0,54.0,Iron hasta.png,Iron hasta,9999.0,1788972937.0,300.0,1789648989.0
"A poison-tipped, one-handed iron hasta.",11386,True,36.0,125.0,91.0,54.0,Iron hasta(p).png,Iron hasta(p),500.0,1788504587.0,495000.0,1780622113.0
"A poison-tipped, one-handed iron hasta.",11389,True,36.0,125.0,91.0,54.0,Iron hasta(p+).png,Iron hasta(p+),2289.0,1789248105.0,12.0,1782851498.0
"A poison-tipped, one-handed iron hasta.",11391,True,36.0,125.0,91.0,54.0,Iron hasta(p++).png,Iron hasta(p++),1000.0,1789331021.0,58.0,1782481150.0
Ammo suited for a boat's cannon.,31934,True,3.0,,8.0,4.0,Iron incendiary cannonball.png,Iron incendiary cannonball,550.0,1789345937.0,102.0,1789445511.0
An iron tipped javelin.,826,True,2.0,7000.0,6.0,3.0,Iron javelin.png,Iron javelin,3.0,1789645314.0,3.0,1789637920.0
Needs a shaft.,19572,True,14.0,10000.0,35.0,21.0,Iron javelin tips 5.png,Iron javelin tips,228.0,1789607792.0,69.0,1789585822.0
An iron tipped javelin.,832,True,2.0,7000.0,6.0,3.0,Iron javelin(p).png,Iron javelin(p),50000.0,1789171005.0,2.0,1786968879.0
An iron tipped javelin.,5643,True,2.0,7000.0,6.0,3.0,Iron javelin(p+).png,Iron javelin(p+),115105.0,1788132743.0,50000.0,1789141945.0
An iron tipped javelin.,5649,True,2.0,7000.0,6.0,3.0,Iron javelin(p++).png,Iron javelin(p++),9888.0,1785725287.0,10000.0,1774815009.0
Parts for creating an iron keel for a boat.,32002,True,50.0,100.0,125.0,75.0,Iron keel parts.png,Iron keel parts,989.0,1789653937.0,802.0,1789649222.0
A large metal shield.,1191,False,95.0,125.0,238.0,142.0,Iron kiteshield.png,Iron kiteshield,47.0,1789654265.0,42.0,1789653511.0
Iron kiteshield with gold trim.,12243,False,96.0,4.0,240.0,144.0,Iron kiteshield (g).png,Iron kiteshield (g),38745.0,1789651720.0,37555.0,1789652404.0
Iron kiteshield with trim.,12233,False,96.0,4.0,240.0,144.0,Iron kiteshield (t).png,Iron kiteshield (t),15000.0,1789606886.0,10000.0,1789652934.0
A finely balanced throwing knife.,863,True,1.0,7000.0,3.0,1.0,Iron knife.png,Iron knife,39.0,1789652567.0,39.0,1789654120.0
A finely balanced throwing knife.,871,True,1.0,7000.0,3.0,1.0,Iron knife(p).png,Iron knife(p),190.0,1788458494.0,317.0,1782630760.0
A finely balanced throwing knife.,5655,True,1.0,7000.0,3.0,1.0,Iron knife(p+).png,Iron knife(p+),344.0,1789197925.0,1.0,1789001080.0
A finely balanced throwing knife.,5662,True,1.0,7000.0,3.0,1.0,Iron knife(p++).png,Iron knife(p++),1362.0,1789526339.0,1375.0,1789573643.0
A pair of iron crossbow limbs.,9423,True,28.0,10000.0,70.0,42.0,Iron limbs.png,Iron limbs,100.0,1786731374.0,101.0,1789629001.0
A razor sharp longsword.,1293,False,56.0,125.0,140.0,84.0,Iron longsword.png,Iron longsword,33.0,1789650520.0,33.0,1789653948.0
A spiky mace.,1420,False,25.0,125.0,63.0,37.0,Iron mace.png,Iron mace,32.0,1789632499.0,50.0,1789653437.0
A medium sized helmet.,1137,False,33.0,125.0,84.0,50.0,Iron med helm.png,Iron med helm,70.0,1789654268.0,55.0,1789651721.0
Keeps things in place fairly permanently.,4820,True,1.0,13000.0,4.0,2.0,Iron nails.png,Iron nails,7.0,1789654378.0,5.0,1789653936.0
This needs refining.,440,False,6.0,13000.0,17.0,10.0,Iron ore.png,Iron ore,73.0,1789654421.0,73.0,1789654431.0
Used for mining.,1267,False,56.0,40.0,140.0,84.0,Iron pickaxe.png,Iron pickaxe,200.0,1789654383.0,190.0,1789654265.0
Provides excellent protection.,1115,False,224.0,125.0,560.0,336.0,Iron platebody.png,Iron platebody,78.0,1789653825.0,60.0,1789654182.0
Iron platebody with gold trim.,12235,False,224.0,4.0,560.0,336.0,Iron platebody (g).png,Iron platebody (g),113915.0,1789650022.0,113555.0,1789652302.0
Iron platebody with trim.,12225,False,224.0,4.0,560.0,336.0,Iron platebody (t).png,Iron platebody (t),35000.0,1789653542.0,26000.0,1789646417.0
These look pretty heavy.,1067,False,112.0,125.0,280.0,168.0,Iron platelegs.png,Iron platelegs,80.0,1789654215.0,62.0,1789652730.0
Iron platelegs with gold trim.,12237,False,112.0,4.0,280.0,168.0,Iron platelegs (g).png,Iron platelegs (g),66000.0,1789644223.0,44903.0,1789653427.0
Iron platelegs with trim.,12227,False,112.0,4.0,280.0,168.0,Iron platelegs (t).png,Iron platelegs (t),18888.0,1789653568.0,5941.0,1789646431.0
Designer leg protection.,1081,False,112.0,125.0,280.0,168.0,Iron plateskirt.png,Iron plateskirt,125.0,1789653861.0,33.0,1789652570.0
Iron plateskirt with gold trim.,12239,False,112.0,4.0,280.0,168.0,Iron plateskirt (g).png,Iron plateskirt (g),4477.0,1789622284.0,3543.0,1789653300.0
Iron plateskirt with trim.,12229,False,112.0,4.0,280.0,168.0,Iron plateskirt (t).png,Iron plateskirt (t),1199.0,1789613452.0,1250.0,1789629377.0
"A vicious, curved sword.",1323,False,44.0,125.0,112.0,67.0,Iron scimitar.png,Iron scimitar,48.0,1789653514.0,46.0,1789654282.0
"A set containing a full helm, platebody, legs and kiteshield.",12972,False,360.0,8.0,900.0,540.0,Iron set (lg).png,Iron set (lg),500.0,1789654146.0,478.0,1789644781.0
"A set containing a full helm, platebody, skirt and kiteshield.",12974,False,360.0,8.0,900.0,540.0,Iron set (sk).png,Iron set (sk),500.0,1789652766.0,250.0,1789623258.0
An iron tipped spear.,1239,True,36.0,125.0,91.0,54.0,Iron spear.png,Iron spear,377.0,1789654175.0,110.0,1789643524.0
A poisoned iron tipped spear.,1253,True,36.0,125.0,91.0,54.0,Iron spear(p).png,Iron spear(p),155.0,1789572681.0,399.0,1783458366.0
A poisoned iron tipped spear.,5706,True,36.0,125.0,91.0,54.0,Iron spear(p+).png,Iron spear(p+),386438.0,1787750933.0,120.0,1789119010.0
A poisoned iron tipped spear.,5720,True,36.0,125.0,91.0,54.0,Iron spear(p++).png,Iron spear(p++),1.0,1789608060.0,100000.0,1789445888.0
An iron spit.,7225,True,25.0,11000.0,64.0,38.0,Iron spit.png,Iron spit,342.0,1789653913.0,215.0,1789650637.0
A medium square shield.,1175,False,67.0,125.0,168.0,100.0,Iron sq shield.png,Iron sq shield,35.0,1789612940.0,35.0,1789652256.0
A razor sharp sword.,1279,False,36.0,125.0,91.0,54.0,Iron sword.png,Iron sword,105.0,1789651854.0,100.0,1789654114.0
A finely balanced throwing axe.,801,True,2.0,7000.0,7.0,4.0,Iron thrownaxe.png,Iron thrownaxe,29.0,1789341459.0,2.0,1788708933.0
"A set containing a full helm, platebody, legs and kiteshield.",12976,False,360.0,8.0,900.0,540.0,Iron trimmed set (lg).png,Iron trimmed set (lg),83211.0,1789653844.0,82000.0,1789598813.0
"A set containing a full helm, platebody, skirt and kiteshield.",12978,False,360.0,8.0,900.0,540.0,Iron trimmed set (sk).png,Iron trimmed set (sk),97000.0,1789608217.0,96235.0,1787489457.0
I don't think it's intended for joinery.,1335,False,69.0,125.0,173.0,103.0,Iron warhammer.png,Iron warhammer,48.0,1789654415.0,23.0,1789650820.0
Breath powered dart delivering system with a hint of ironwood.,31581,True,1440.0,8.0,3600.0,2160.0,Ironwood blowpipe (empty).png,Ironwood blowpipe (empty),1123967.0,1789654380.0,1101281.0,1789649974.0
Parts for creating an ironwood hull for a boat.,32056,True,5000.0,100.0,12500.0,7500.0,Ironwood hull parts.png,Ironwood hull parts,9603.0,1789653232.0,9989.0,1789643672.0
Logs cut from an ironwood tree.,32907,True,144.0,12000.0,360.0,216.0,Ironwood logs.png,Ironwood logs,106.0,1789654342.0,102.0,1789654375.0
A plank of robust ironwood.,31435,True,600.0,13000.0,1500.0,900.0,Ironwood plank.png,Ironwood plank,4397.0,1789654395.0,4190.0,1789654282.0
Ironwood logs prepared with sacred oil for a funeral pyre.,31386,True,288.0,,720.0,432.0,Ironwood pyre logs.png,Ironwood pyre logs,4925.0,1789649774.0,3587.0,1789640118.0
An excellent boat repair kit made from ironwood.,31979,True,1600.0,13000.0,4000.0,2400.0,Ironwood repair kit.png,Ironwood repair kit,2113.0,1789654215.0,2010.0,1789653519.0
This sapling is ready to be replanted in a tree patch.,31505,True,1.0,,1.0,1.0,Ironwood sapling.png,Ironwood sapling,40239.0,1789654126.0,40001.0,1789653039.0
Plant this in a plantpot of soil to grow a sapling.,31549,True,28.0,200.0,72.0,43.0,Ironwood seed 5.png,Ironwood seed,37919.0,1789653790.0,37568.0,1789654201.0
Gets knots and kinks out of your hair.,9026,True,4.0,13000.0,10.0,6.0,Ivory comb.png,Ivory comb,1630.0,1789647743.0,2077.0,1789592855.0
A crisp and citrusy Aldarin White that's popular for all occasions.,29952,True,40.0,,100.0,60.0,Ixcoztic white.png,Ixcoztic white,193.0,1789410935.0,215.0,1789443217.0
A semi precious stone.,1611,True,60.0,13000.0,150.0,90.0,Jade.png,Jade,255.0,1789654408.0,251.0,1789653638.0
I wonder if I can get this enchanted.,21111,True,420.0,10000.0,1050.0,630.0,Jade amulet.png,Jade amulet,1151.0,1789648503.0,1152.0,1789649724.0
It needs a string so I can wear it.,21102,True,420.0,10000.0,1050.0,630.0,Jade amulet (u).png,Jade amulet (u),1002.0,1789649213.0,1000.0,1789653318.0
Jade bolt tips.,9187,True,4.0,11000.0,10.0,6.0,Jade bolt tips 5.png,Jade bolt tips,8.0,1789653476.0,8.0,1789651339.0
I wonder if this is valuable.,21120,True,520.0,10000.0,1300.0,780.0,Jade bracelet.png,Jade bracelet,591.0,1789603835.0,427.0,1789607451.0
"Dragon crossbow bolts, tipped with jade.",21957,True,240.0,11000.0,600.0,360.0,Jade dragon bolts 5.png,Jade dragon bolts,2271.0,1789623390.0,1496.0,1789486474.0
"Enchanted Dragon crossbow bolts, tipped with jade.",21934,True,252.0,11000.0,630.0,378.0,Jade dragon bolts (e) 5.png,Jade dragon bolts (e),947.0,1789653696.0,761.0,1789639687.0
A jungle specific slashing device.,6315,True,400.0,15.0,1000.0,600.0,Jade machete.png,Jade machete,11090.0,1789650240.0,7000.0,1789581885.0
I wonder if this is valuable.,21093,True,510.0,10000.0,1275.0,765.0,Jade necklace.png,Jade necklace,719.0,1789652953.0,630.0,1789653340.0
A valuable ring.,21084,True,510.0,10000.0,1275.0,765.0,Jade ring.png,Jade ring,632.0,1789630427.0,699.0,1789630505.0
This would make nice clothing.,29218,True,32.0,10000.0,80.0,48.0,Jaguar fur.png,Jaguar fur,4500.0,1789653597.0,4500.0,1789650732.0
They don't look very ripe.,247,True,1.0,13000.0,1.0,1.0,Jangerberries.png,Jangerberries,680.0,1789654369.0,455.0,1789653626.0
A jangerberry bush seed - plant in a bush patch.,5104,True,24.0,200.0,60.0,36.0,Jangerberry seed 5.png,Jangerberry seed,6.0,1789653769.0,9.0,1789654262.0
Looks unstable.,23064,True,1.0,4.0,1.0,1.0,Jar of Chemicals.png,Jar of Chemicals,82343.0,1789644488.0,80000.0,1789649156.0
It smells like it's been where the sun doesn't shine.,19701,True,1.0,4.0,1.0,1.0,Jar of Darkness.png,Jar of Darkness,350000.0,1789644515.0,230680.0,1789652558.0
Very healthy.,22106,True,1.0,4.0,1.0,1.0,Jar of Decay.png,Jar of Decay,85000.0,1789644524.0,57000.0,1789634816.0
It's just a jar of dirt.,12007,True,1.0,4.0,1.0,1.0,Jar of Dirt.png,Jar of Dirt,54999.0,1789637202.0,42500.0,1789654030.0
"With this jar, your dreams can come true!",24495,True,1.0,4.0,1.0,1.0,Jar of Dreams.png,Jar of Dreams,1199000.0,1789635337.0,1000000.0,1789647351.0
Stop staring!,23525,True,1.0,4.0,1.0,1.0,Jar of Eyes.png,Jar of Eyes,36000.0,1789637418.0,34915.0,1789644733.0
It smells abysmal.,13277,True,1.0,4.0,1.0,1.0,Jar of Miasma.png,Jar of Miasma,400000.0,1789616656.0,43000.0,1789653179.0
It's just a jar of sand.,12885,True,1.0,5.0,1.0,1.0,Jar of Sand.png,Jar of Sand,720000.0,1789637134.0,500000.0,1789591955.0
Don't breath in.,25524,True,1.0,4.0,1.0,1.0,Jar of Smoke.png,Jar of Smoke,87899.0,1789637481.0,65000.0,1789654316.0
This may be of use for a certain person.,13245,True,1.0,4.0,1.0,1.0,Jar of Souls.png,Jar of Souls,45636.0,1789637288.0,41000.0,1789639766.0
How does someone jar this?,25521,True,1.0,4.0,1.0,1.0,Jar of Spirits.png,Jar of Spirits,131000.0,1789652381.0,99738.0,1789653052.0
Stones aren't very useful in this capacity.,21745,True,1.0,4.0,1.0,1.0,Jar of Stone.png,Jar of Stone,1140596.0,1789652280.0,1140596.0,1789591943.0
This is my Swamp!,12936,True,1.0,4.0,1.0,1.0,Jar of Swamp.png,Jar of Swamp,69696.0,1789637225.0,42000.0,1789645389.0
"It's not very strong, but it could be pointy if you put a pointy tip on it.",19584,True,1.0,7000.0,1.0,1.0,Javelin shaft 5.png,Javelin shaft,1.0,1789653939.0,1.0,1789653939.0
The long tail of an embertailed jerboa.,29166,True,1.0,18000.0,1.0,1.0,Jerboa tail.png,Jerboa tail,281.0,1789654075.0,261.0,1789653024.0
A jester cape.,23297,False,400.0,4.0,1000.0,600.0,Jester cape.png,Jester cape,19038.0,1789650686.0,14010.0,1789650156.0
Fairly big bones which smell distinctly of Jogre.,3125,True,1.0,3000.0,1.0,1.0,Jogre bones.png,Jogre bones,989.0,1789653418.0,618.0,1789654139.0
This jug is empty.,1935,False,1.0,13000.0,1.0,1.0,Jug.png,Jug,2.0,1789653600.0,2.0,1789654230.0
It's full of water.,1937,False,1.0,13000.0,1.0,1.0,Jug of water.png,Jug of water,15.0,1789654398.0,14.0,1789653892.0
It's full of wine.,1993,False,1.0,6000.0,1.0,1.0,Jug of wine.png,Jug of wine,4.0,1789654412.0,3.0,1789654080.0
"Doesn't look too appetising, but looks can be deceiving.",31564,True,64.0,,160.0,96.0,Jumbo squid.png,Jumbo squid,702.0,1789557864.0,300.0,1789588809.0
These should make me harder to spot in jungle areas.,10059,True,8.0,,20.0,12.0,Jungle camo legs.png,Jungle camo legs,715.0,1789634910.0,1436.0,1789578958.0
This should make me harder to spot in jungle areas.,10057,True,8.0,,20.0,12.0,Jungle camo top.png,Jungle camo top,2004.0,1789645316.0,401.0,1789594913.0
A mask resembling a visage of a Greater Jungle demon.,20032,True,1600.0,4.0,4000.0,2400.0,Jungle demon mask.png,Jungle demon mask,8020.0,1789618968.0,12401.0,1789652749.0
"A set containing a Justiciar faceguard, Justiciar chestguard and Justiciar legguards.",22438,True,58000.0,5.0,145000.0,87000.0,Justiciar armour set.png,Justiciar armour set,31774898.0,1789653731.0,30789756.0,1789654088.0
"A Justiciar's chestguard. They once roamed the land casting judgements on wrongdoers, their decisions were never questioned.",22327,True,2400000.0,8.0,6000000.0,3600000.0,Justiciar chestguard.png,Justiciar chestguard,10589829.0,1789653994.0,10532000.0,1789654426.0
"A helm that once belonged to a Justiciar, a loyal zealot of Saradomin.",22326,True,800000.0,8.0,2000000.0,1200000.0,Justiciar faceguard.png,Justiciar faceguard,11265052.0,1789643406.0,11120064.0,1789654117.0
A Justiciar's platelegs. Their once bright colours have since faded.,22328,True,1800000.0,8.0,4500000.0,2700000.0,Justiciar legguards.png,Justiciar legguards,9555156.0,1789653986.0,9502182.0,1789654427.0
I can weave this to make sacks.,5931,True,2.0,13000.0,6.0,3.0,Jute fibre.png,Jute fibre,688.0,1789654355.0,688.0,1789652456.0
A jute plant seed - plant in a hops patch.,5306,True,2.0,2000.0,5.0,3.0,Jute seed 5.png,Jute seed,4.0,1789653197.0,3.0,1789653972.0
"A wide bodied and thin necked vessel, encrusted with sea salt.",3157,True,2.0,15.0,5.0,3.0,Karambwan vessel.png,Karambwan vessel,1000.0,1789654419.0,2948.0,1789600279.0
This Karambwan Vessel is loaded with Karambwanji.,3159,True,16.0,15.0,40.0,24.0,Karambwan vessel (baited).png,Karambwan vessel (baited),3000.0,1789654248.0,2189.0,1789635569.0
"A set containing a Karil's coif, leatherskirt, leathertop and crossbow.",12883,True,80000.0,8.0,200000.0,120000.0,Karil's armour set.png,Karil's armour set,1500000.0,1789654362.0,1423889.0,1789653759.0
Karil the Tainted's coif.,4732,True,5200.0,15.0,13000.0,7800.0,Karil's coif.png,Karil's coif,53695.0,1789654202.0,50066.0,1789654079.0
Karil the Tainted's coif.,4932,True,5200.0,15.0,13000.0,7800.0,Karil's coif 0.png,Karil's coif 0,15066.0,1789568460.0,16335.0,1789654231.0
Karil the Tainted's repeating crossbow.,4734,True,64000.0,15.0,160000.0,96000.0,Karil's crossbow.png,Karil's crossbow,98000.0,1789651525.0,99284.0,1789654236.0
Karil the Tainted's repeating crossbow.,4938,True,64000.0,15.0,160000.0,96000.0,Karil's crossbow 0.png,Karil's crossbow 0,95185.0,1789512361.0,95150.0,1789654223.0
Karil the Tainted's leather skirt.,4738,True,18800.0,15.0,47000.0,28200.0,Karil's leatherskirt.png,Karil's leatherskirt,403196.0,1789654212.0,393971.0,1789654101.0
Karil the Tainted's leather skirt.,4950,True,18800.0,15.0,47000.0,28200.0,Karil's leatherskirt 0.png,Karil's leatherskirt 0,342847.0,1789652104.0,342847.0,1789654064.0
Karil the Tainted's leather body armour.,4736,True,20000.0,15.0,50000.0,30000.0,Karil's leathertop.png,Karil's leathertop,882563.0,1789654153.0,861829.0,1789654231.0
Karil the Tainted's leather body armour.,4944,True,20000.0,15.0,50000.0,30000.0,Karil's leathertop 0.png,Karil's leathertop 0,758205.0,1789527061.0,784225.0,1789651954.0
Created by Hattori Hanzo in the Eastern Lands.,12357,True,9600.0,8.0,24000.0,14400.0,Katana.png,Katana,88736.0,1789650592.0,65011.0,1789653148.0
A meaty kebab.,1971,False,1.0,6000.0,3.0,1.0,Kebab.png,Kebab,60.0,1789654403.0,52.0,1789654209.0
"A mixture of chopped tomatoes, onions and ugthanki meat in a bowl.",1881,True,3.0,11000.0,9.0,5.0,Kebab mix.png,Kebab mix,3886.0,1787372213.0,1197.0,1789628989.0
Bolts made from the spikes of a prickly kebbit.,10158,True,7.0,11000.0,18.0,10.0,Kebbit bolts.png,Kebbit bolts,107.0,1789645158.0,100.0,1789651675.0
More menacing when attached to the owner.,10113,True,17.0,10000.0,43.0,25.0,Kebbit claws.png,Kebbit claws,7501.0,1789437516.0,208.0,1789618901.0
These bone spikes are both very tough and very sharp.,10105,True,36.0,10000.0,90.0,54.0,Kebbit spike.png,Kebbit spike,943.0,1789639437.0,931.0,1789650863.0
A kebbit-sized set of dentures.,10109,True,64.0,10000.0,160.0,96.0,Kebbit teeth.png,Kebbit teeth,481.0,1789647574.0,481.0,1789654062.0
Previously a kebbit-sized set of dentures.,10111,True,64.0,10000.0,160.0,96.0,Kebbit teeth dust.png,Kebbit teeth dust,655.0,1789644550.0,740.0,1789591352.0
A lot of beer in a barrel.,3801,True,100.0,2000.0,250.0,150.0,Keg of beer.png,Keg of beer,655.0,1789654199.0,496.0,1789648841.0
Teleports you to the Key Master.,13249,True,4.0,,10.0,6.0,Key master teleport.png,Key master teleport,25100.0,1789653314.0,25076.0,1789653863.0
Wear it on your head.,4591,True,1.0,15.0,1.0,1.0,Kharidian headpiece.png,Kharidian headpiece,2.0,1789652927.0,365.0,1785943562.0
A teleport to Kharyrll.,12779,True,1.0,10000.0,1.0,1.0,Kharyrll teleport (tablet).png,Kharyrll teleport (tablet),2051.0,1789654216.0,1999.0,1789654195.0
A teleport to Port Khazard.,24957,True,1.0,10000.0,1.0,1.0,Khazard teleport (tablet).png,Khazard teleport (tablet),970.0,1789654429.0,937.0,1789653157.0
They're a gnome delicacy apparently.,2162,True,1.0,13000.0,2.0,1.0,King worm.png,King worm,466.0,1789653491.0,465.0,1789652161.0
"A sharp, dependable knife, for filleting meat.",7447,True,3200.0,50.0,8000.0,4800.0,Kitchen knife.png,Kitchen knife,43917.0,1789619132.0,9384.0,1789311315.0
How does it all fit in there?,8528,True,4.0,500.0,10.0,6.0,Kitchen table (flatpack).png,Kitchen table (flatpack),3.0,1786692283.0,15.0,1789240289.0
A dangerous looking knife.,946,False,2.0,40.0,6.0,3.0,Knife.png,Knife,73.0,1789654371.0,49.0,1789651173.0
"An insignia representing Kodai, Xeric's fearsome wizards.",21043,True,60000.0,8.0,150000.0,90000.0,Kodai insignia.png,Kodai insignia,48000000.0,1789652996.0,47800000.0,1789645951.0
A wand of an ancient Kodai mage.,21006,True,60000.0,8.0,150000.0,90000.0,Kodai wand.png,Kodai wand,56666997.0,1789654414.0,55299271.0,1789653865.0
A teleport to Kourend Castle.,28790,True,1.0,,1.0,1.0,Kourend castle teleport (tablet).png,Kourend castle teleport (tablet),565.0,1789654416.0,561.0,1789653494.0
Only Kovac knows what's gone into this.,27014,True,2.0,,5.0,3.0,Kovac's grog.png,Kovac's grog,77649.0,1789654389.0,79597.0,1789653348.0
"Coconut milk, pineapple and... kraken ink?",31258,True,8.0,,20.0,12.0,Kraken colada.png,Kraken colada,7920.0,1788465440.0,55.0,1789504356.0
Ewwww... it's still sucky.,12004,True,33336.0,70.0,83340.0,50004.0,Kraken tentacle.png,Kraken tentacle,251441.0,1789653600.0,247863.0,1789654064.0
A handful of Krandorian Hops.,6000,True,4.0,11000.0,10.0,6.0,Krandorian hops.png,Krandorian hops,296.0,1789491878.0,127.0,1789647079.0
A Krandorian hop seed - plant in a hops patch.,5310,True,3.0,2000.0,8.0,4.0,Krandorian seed 5.png,Krandorian seed,6.0,1789652654.0,6.0,1789653900.0
A powerful herb.,263,True,21.0,13000.0,54.0,32.0,Kwuarm.png,Kwuarm,2388.0,1789654168.0,2331.0,1789654417.0
I need another ingredient to finish this Kwuarm potion.,105,True,21.0,10000.0,54.0,32.0,Kwuarm potion (unf).png,Kwuarm potion (unf),2619.0,1789653956.0,2618.0,1789654239.0
A kwuarm seed - plant in a herb patch.,5299,True,4.0,200.0,11.0,6.0,Kwuarm seed 5.png,Kwuarm seed,1426.0,1789654401.0,1300.0,1789654416.0
It's a perfect-looking kyatt fur.,10103,True,64.0,10000.0,160.0,96.0,Kyatt fur.png,Kyatt fur,793.0,1789653329.0,357.0,1789654019.0
This should make me harder to spot in polar areas.,10039,True,400.0,150.0,1000.0,600.0,Kyatt hat.png,Kyatt hat,18499.0,1789650228.0,2742.0,1789606032.0
These should make me harder to spot in polar areas.,10035,True,80.0,150.0,200.0,120.0,Kyatt legs.png,Kyatt legs,785.0,1789650866.0,761.0,1789540326.0
This should make me harder to spot in polar areas.,10037,True,80.0,150.0,200.0,120.0,Kyatt top.png,Kyatt top,9999.0,1789650169.0,5.0,1789653672.0
A powerful herb.,2481,True,27.0,11000.0,68.0,40.0,Lantadyme.png,Lantadyme,1431.0,1789653032.0,1367.0,1789654303.0
I need another ingredient to finish this Lantadyme potion.,2483,True,27.0,10000.0,68.0,40.0,Lantadyme potion (unf).png,Lantadyme potion (unf),1633.0,1789653723.0,1633.0,1789652296.0
A lantadyme seed - plant in a herb patch.,5302,True,3.0,200.0,9.0,5.0,Lantadyme seed 5.png,Lantadyme seed,204.0,1789653695.0,224.0,1789654412.0
A roughly circular disc of glass.,4542,True,28.0,10000.0,70.0,42.0,Lantern lens.png,Lantern lens,6.0,1789654397.0,6.0,1789653967.0
Parts for creating an adamant keel for larger boats.,32032,True,6250.0,100.0,15625.0,9375.0,Large adamant keel parts.png,Large adamant keel parts,41780.0,1789654407.0,38972.0,1789653456.0
Parts for creating a bronze keel for larger boats.,32020,True,70.0,100.0,175.0,105.0,Large bronze keel parts.png,Large bronze keel parts,5732.0,1789610717.0,5800.0,1789629520.0
Parts for creating a camphor hull for larger boats.,32074,True,12500.0,100.0,31250.0,18750.0,Large camphor hull parts.png,Large camphor hull parts,48642.0,1789654134.0,48645.0,1789654189.0
Parts for creating a dragon keel for larger boats.,32038,True,75000.0,100.0,187500.0,112500.0,Large dragon keel parts.png,Large dragon keel parts,599667.0,1789652205.0,562326.0,1789653873.0
Parts for creating an iron keel for larger boats.,32023,True,250.0,100.0,625.0,375.0,Large iron keel parts.png,Large iron keel parts,3900.0,1789651292.0,3000.0,1789608814.0
Parts for creating an ironwood hull for a boat.,32077,True,25000.0,100.0,62500.0,37500.0,Large ironwood hull parts.png,Large ironwood hull parts,53465.0,1789653911.0,52000.0,1789630141.0
Parts for creating a mahogany hull for larger boats.,32071,True,7500.0,100.0,18750.0,11250.0,Large mahogany hull parts.png,Large mahogany hull parts,34000.0,1789654206.0,32000.0,1789652360.0
Parts for creating a mithril keel for larger boats.,32029,True,2500.0,100.0,6250.0,3750.0,Large mithril keel parts.png,Large mithril keel parts,15853.0,1789653788.0,11123.0,1789651314.0
How does it all fit in there?,8580,True,4.0,500.0,10.0,6.0,Large oak bed (flatpack).png,Large oak bed (flatpack),790.0,1788313157.0,592.0,1787892859.0
Parts for creating an oak hull for larger boats.,32065,True,1250.0,,3125.0,1875.0,Large oak hull parts.png,Large oak hull parts,6516.0,1789642066.0,2391.0,1789653669.0
Parts for creating a rosewood hull for a boat.,32080,True,37500.0,100.0,93750.0,56250.0,Large rosewood hull parts.png,Large rosewood hull parts,67000.0,1789650455.0,60303.0,1789650461.0
Parts for creating a runite keel for larger boats.,32035,True,40000.0,100.0,100000.0,60000.0,Large rune keel parts.png,Large rune keel parts,295603.0,1789645983.0,262910.0,1789595052.0
Parts for creating a steel keel for larger boats.,32026,True,1000.0,100.0,2500.0,1500.0,Large steel keel parts.png,Large steel keel parts,19235.0,1789651744.0,16231.0,1789652181.0
How does it all fit in there?,8584,True,4.0,500.0,10.0,6.0,Large teak bed (flatpack).png,Large teak bed (flatpack),3434.0,1789263181.0,4214.0,1782085710.0
Parts for creating a teak hull for larger boats.,32068,True,2500.0,100.0,6250.0,3750.0,Large teak hull parts.png,Large teak hull parts,10990.0,1789653979.0,10990.0,1789652552.0
Parts for creating a wooden hull for larger boats.,32062,True,500.0,100.0,1250.0,750.0,Large wooden hull parts.png,Large wooden hull parts,156.0,1789621438.0,156.0,1789649397.0
Opens Larran's chests in the Wilderness.,23490,True,36.0,250.0,90.0,54.0,Larran's key 5.png,Larran's key,121297.0,1789651690.0,120000.0,1789654350.0
It's a perfect-looking larupia fur.,10095,True,32.0,10000.0,80.0,48.0,Larupia fur.png,Larupia fur,375.0,1789654368.0,25.0,1789651584.0
This should make me harder to spot in woodland and jungle areas.,10045,True,200.0,150.0,500.0,300.0,Larupia hat.png,Larupia hat,802.0,1789641985.0,1128.0,1789486795.0
These should make me harder to spot in woodland and jungle areas.,10041,True,40.0,150.0,100.0,60.0,Larupia legs.png,Larupia legs,330.0,1789652922.0,1.0,1789368515.0
This should make me harder to spot in woodland and jungle areas.,10043,True,40.0,150.0,100.0,60.0,Larupia top.png,Larupia top,1354.0,1789652944.0,543.0,1789593380.0
A teleport to Lassar.,12780,True,1.0,10000.0,1.0,1.0,Lassar teleport (tablet).png,Lassar teleport (tablet),1720.0,1789654367.0,1573.0,1789654227.0
It's a slightly magical stick.,3053,True,6800.0,8.0,17000.0,10200.0,Lava battlestaff.png,Lava battlestaff,9799.0,1789654297.0,9357.0,1789654427.0
Bones of a lava dragon.,11943,True,60.0,7500.0,150.0,90.0,Lava dragon bones.png,Lava dragon bones,5750.0,1789654063.0,5542.0,1789654284.0
Do I look scary?,12371,True,4000.0,4.0,10000.0,6000.0,Lava dragon mask.png,Lava dragon mask,1839000.0,1789625905.0,1212000.0,1789634694.0
A combined Earth and Fire Rune.,4699,True,8.0,18000.0,20.0,12.0,Lava rune.png,Lava rune,34.0,1789654304.0,31.0,1789654131.0
A scale from the hide of a lava dragon.,11992,True,20.0,11000.0,50.0,30.0,Lava scale.png,Lava scale,381.0,1789654292.0,381.0,1789652789.0
Ground-up lava dragon scale.,11994,True,8.0,11000.0,20.0,12.0,Lava scale shard 5.png,Lava scale shard,78.0,1789648168.0,59.0,1789649567.0
Makes a lava battlestaff or mystic lava staff more beautiful.,21202,True,600.0,50.0,1500.0,900.0,Lava staff upgrade kit.png,Lava staff upgrade kit,488612.0,1789638715.0,487391.0,1789646812.0
Used for teleport spells.,563,False,96.0,18000.0,240.0,144.0,Law rune.png,Law rune,123.0,1789654368.0,121.0,1789654419.0
It's a bar of lead.,32889,True,11.0,10000.0,28.0,16.0,Lead bar.png,Lead bar,1617.0,1789654414.0,1592.0,1789654384.0
This needs refining.,31716,True,14.0,,35.0,21.0,Lead ore.png,Lead ore,613.0,1789646432.0,541.0,1789652616.0
A razor-sharp battleaxe.,20727,True,38400.0,70.0,96000.0,57600.0,Leaf-bladed battleaxe.png,Leaf-bladed battleaxe,64120.0,1789653430.0,67494.0,1789654119.0
A razor-sharp sword.,11902,True,27200.0,70.0,68000.0,40800.0,Leaf-bladed sword.png,Leaf-bladed sword,45991.0,1789648839.0,39776.0,1789653931.0
"The lean, slimy corpse of a deceased giant snail.",3365,True,4.0,13000.0,10.0,6.0,Lean snail.png,Lean snail,5750.0,1789654233.0,2497.0,1789593550.0
A succulently slimy slice of sumptuous snail.,3371,True,8.0,6000.0,20.0,12.0,Lean snail meat.png,Lean snail meat,1925.0,1789648904.0,1478.0,1789543091.0
Some non-tasty salmon.,11330,True,1.0,13000.0,3.0,1.0,Leaping salmon.png,Leaping salmon,5.0,1789653144.0,5.0,1789651544.0
A bloated sturgeon.,11332,True,1.0,13000.0,4.0,2.0,Leaping sturgeon.png,Leaping sturgeon,9.0,1789653188.0,15.0,1789652097.0
A sad-looking trout.,11328,True,1.0,13000.0,2.0,1.0,Leaping trout.png,Leaping trout,4.0,1789653156.0,4.0,1789654208.0
It's a piece of leather.,1741,False,1.0,13000.0,1.0,1.0,Leather.png,Leather,199.0,1789654338.0,182.0,1789654285.0
Better than no armour!,1129,False,8.0,125.0,21.0,12.0,Leather body.png,Leather body,35.0,1789654325.0,14.0,1789654424.0
Better than no armour! Nice trim too!,23381,False,340.0,8.0,850.0,510.0,Leather body (g).png,Leather body (g),48589.0,1789653783.0,51146.0,1789647609.0
Comfortable leather boots.,1061,False,2.0,125.0,6.0,3.0,Leather boots.png,Leather boots,65.0,1789654046.0,50.0,1789654268.0
Better than no armour!,1095,False,8.0,125.0,20.0,12.0,Leather chaps.png,Leather chaps,3.0,1789654384.0,19.0,1789653227.0
Better than no armour! Nice trim too!,23384,False,340.0,8.0,850.0,510.0,Leather chaps (g).png,Leather chaps (g),14861.0,1789624278.0,12505.0,1789629213.0
Better than no armour!,1167,False,9.0,125.0,24.0,14.0,Leather cowl.png,Leather cowl,5.0,1789653659.0,5.0,1789653431.0
These will keep my hands warm!,1059,False,2.0,125.0,6.0,3.0,Leather gloves.png,Leather gloves,13.0,1789654080.0,13.0,1789653753.0
Better than no armour!,1063,False,7.0,125.0,18.0,10.0,Leather vambraces.png,Leather vambraces,35.0,1789652926.0,11.0,1789654381.0
A pile of leaves.,6020,True,1.0,13000.0,1.0,1.0,Leaves.png,Leaves,50.0,1789647206.0,50.0,1789651238.0
A black piece of cloth on a string.,19724,True,1.0,4.0,2.0,1.0,Left eye patch.png,Left eye patch,1747.0,1789653104.0,1700.0,1789644759.0
A fresh lemon.,2102,True,1.0,13000.0,2.0,1.0,Lemon.png,Lemon,140.0,1789653904.0,139.0,1789653836.0
Fresh chunks of lemon.,2104,True,1.0,13000.0,2.0,1.0,Lemon chunks.png,Lemon chunks,500.0,1789595043.0,150.0,1789493277.0
Fresh lemon slices.,2106,True,1.0,13000.0,2.0,1.0,Lemon slices.png,Lemon slices,114.0,1789653149.0,140.0,1789604053.0
Top o' the morning!,12359,True,400.0,4.0,1000.0,600.0,Leprechaun hat.png,Leprechaun hat,13866.0,1789643131.0,5896.0,1789650832.0
Evil.,20020,True,1600.0,4.0,4000.0,2400.0,Lesser demon mask.png,Lesser demon mask,7999.0,1789646013.0,4498.0,1789651419.0
Let 'em what?,33625,True,96.0,,240.0,144.0,Letvek.png,Letvek,1949.0,1789650561.0,1800.0,1789654339.0
A weapon forged from the wreckage of an airship.,19478,True,50000.0,8.0,125000.0,75000.0,Light ballista.png,Light ballista,570742.0,1789652544.0,534371.0,1789654365.0
Bow ties are cool.,19985,True,2000.0,4.0,5000.0,3000.0,Light bow tie.png,Light bow tie,229909.0,1789614760.0,156407.0,1789605289.0
A light wooden frame.,19586,True,20000.0,8.0,50000.0,30000.0,Light frame.png,Light frame,28509.0,1789494785.0,28706.0,1789654425.0
Use on infinity pieces to recolour them!,12530,True,2000.0,4.0,5000.0,3000.0,Light infinity colour kit.png,Light infinity colour kit,3661.0,1789652974.0,6255.0,1789653273.0
A component of cave goblin Magic.,10973,True,140.0,10000.0,350.0,210.0,Light orb.png,Light orb,304.0,1789654153.0,212.0,1789654222.0
Light tuxedo trousers with matching stockings.,19979,True,2400.0,4.0,6000.0,3600.0,Light trousers.png,Light trousers,487997.0,1789585747.0,240000.0,1789618005.0
Linked tuxedo cuffs with a gold trim.,19976,True,1200.0,4.0,3000.0,1800.0,Light tuxedo cuffs.png,Light tuxedo cuffs,196352.0,1789648831.0,206686.0,1789606948.0
A light tuxedo jacket with a matching shirt.,19973,True,4000.0,4.0,10000.0,6000.0,Light tuxedo jacket.png,Light tuxedo jacket,969735.0,1789635992.0,1052343.0,1789648824.0
Light shoes to match your light tuxedo.,19982,True,1200.0,4.0,3000.0,1800.0,Light tuxedo shoes.png,Light tuxedo shoes,547275.0,1789648836.0,449136.0,1789649609.0
A heavy ring that glimmers with a strange power.,25975,True,400000.0,8.0,1000000.0,600000.0,Lightbearer.png,Lightbearer,4769389.0,1789653895.0,4651270.0,1789653910.0
A beautiful lily.,27272,True,80.0,13000.0,200.0,120.0,Lily of the Sands.png,Lily of the Sands,1959.0,1789643230.0,2056.0,1789654405.0
A fresh lime.,2120,True,1.0,13000.0,2.0,1.0,Lime.png,Lime,135.0,1789649283.0,115.0,1789653840.0
Fresh chunks of lime.,2122,True,1.0,13000.0,1.0,1.0,Lime chunks.png,Lime chunks,555.0,1789649458.0,250.0,1789463839.0
Fresh lime slices.,2124,True,1.0,13000.0,2.0,1.0,Lime slices.png,Lime slices,325.0,1789602053.0,182.0,1789595133.0
Some limestone.,3211,True,4.0,13000.0,10.0,6.0,Limestone.png,Limestone,255.0,1789654357.0,150.0,1789654238.0
A well carved limestone brick.,3420,True,8.0,10000.0,20.0,12.0,Limestone brick.png,Limestone brick,309.0,1789654434.0,229.0,1789654125.0
The root of a limpwurt plant.,225,False,2.0,13000.0,7.0,4.0,Limpwurt root.png,Limpwurt root,223.0,1789654373.0,220.0,1789654433.0
A limpwurt seed - plant in a flower patch.,5100,True,4.0,600.0,12.0,7.0,Limpwurt seed 5.png,Limpwurt seed,26.0,1789653884.0,19.0,1789654246.0
One sheet of mummy wrap.,4684,True,12.0,15.0,30.0,18.0,Linen (Icthlarin's Little Helper).png,Linen (Icthlarin's Little Helper),1330.0,1789653502.0,432.0,1789563352.0
Spun from flax.,31463,True,2.0,13000.0,6.0,3.0,Linen yarn.png,Linen yarn,190.0,1789652827.0,78.0,1789651251.0
A viscous bright-green ale. Smells like a herpetarium.,25826,True,2.0,,6.0,3.0,Lizardkicker.png,Lizardkicker,8000.0,1789627212.0,338.0,1789464882.0
Ripped from the maw of a dying lizardman of Kourend.,13391,True,24.0,13000.0,60.0,36.0,Lizardman fang.png,Lizardman fang,10.0,1789654301.0,8.0,1789653904.0
The remains of a deadly shade.,3396,True,1.0,7500.0,1.0,1.0,Loar remains.png,Loar remains,213.0,1789646636.0,210.0,1789652276.0
This looks tricky to eat.,379,False,28.0,6000.0,70.0,42.0,Lobster.png,Lobster,98.0,1789654413.0,97.0,1789654316.0
Useful for catching lobsters.,301,False,8.0,40.0,20.0,12.0,Lobster pot.png,Lobster pot,91.0,1789654318.0,100.0,1789651035.0
For picking tough locks.,1523,True,8.0,250.0,20.0,12.0,Lockpick.png,Lockpick,373.0,1789654419.0,332.0,1789653397.0
"Delicious and nutritious. Well, nutritious anyway.",9052,True,1.0,6000.0,1.0,1.0,Locust meat.png,Locust meat,1000.0,1788566140.0,3600.0,1789502357.0
"With some rope, adamantite bars and steel nails, I can create a sturdy harness.",28146,True,1200.0,40.0,3000.0,1800.0,Log brace.png,Log brace,680417.0,1789645797.0,640001.0,1789647721.0
A number of wooden logs.,1511,False,1.0,15000.0,4.0,2.0,Logs.png,Logs,25.0,1789654410.0,25.0,1789654406.0
Bolts made from the spikes of a razor-backed kebbit.,10159,True,12.0,11000.0,31.0,18.0,Long kebbit bolts.png,Long kebbit bolts,13.0,1789652294.0,7.0,1789651631.0
These bone spikes are both very tough and very sharp.,10107,True,60.0,10000.0,150.0,90.0,Long kebbit spike.png,Long kebbit spike,80.0,1789492573.0,95.0,1789652750.0
A nice sturdy bow.,839,False,32.0,18000.0,80.0,48.0,Longbow.png,Longbow,91.0,1789651108.0,35.0,1789654261.0
I need to find a string for this.,48,True,24.0,10000.0,60.0,36.0,Longbow (u).png,Longbow (u),2.0,1789654102.0,1.0,1789644288.0
The loop end of the mysterious Crystal Key. Can you find the other half?,987,True,40.0,11000.0,100.0,60.0,Loop half of key.png,Loop half of key,9950.0,1789653232.0,9879.0,1789654415.0
A note that may be exchanged at a bank for a Looting Bag.,24585,True,36.0,40.0,90.0,54.0,Looting bag note.png,Looting bag note,44155.0,1789654308.0,43046.0,1789654387.0
A lovakite banner baring the sigil of house Lovakengj.,20257,True,28.0,4.0,70.0,42.0,Lovakengj banner.png,Lovakengj banner,2634.0,1789614120.0,1500.0,1789650275.0
A rare hood from Lovakengj .,20119,True,1.0,4.0,1.0,1.0,Lovakengj hood.png,Lovakengj hood,5428.0,1789643591.0,2666.0,1789654127.0
A yellow scarf adorned with an ornamental anvil.,19949,True,4000.0,4.0,10000.0,6000.0,Lovakengj scarf.png,Lovakengj scarf,75000.0,1789637209.0,10000.0,1789652433.0
Teleports you to the Lumberyard.,12642,True,4.0,15000.0,10.0,6.0,Lumberyard teleport.png,Lumberyard teleport,3369.0,1789654201.0,3287.0,1789654187.0
A teleport to Lumbridge.,8008,True,1.0,10000.0,1.0,1.0,Lumbridge teleport (tablet).png,Lumbridge teleport (tablet),584.0,1789654397.0,582.0,1789654093.0
Teleports you to Lunar isle.,12405,True,4.0,10000.0,10.0,6.0,Lunar isle teleport.png,Lunar isle teleport,2706.0,1789654079.0,2483.0,1789654194.0
Mahogany treasure chest.,9864,True,4.0,500.0,10.0,6.0,M. treasure chest (flatpack).png,M. treasure chest (flatpack),1758.0,1789631772.0,10000.0,1788147718.0
A jungle specific slashing device.,975,True,16.0,15.0,40.0,24.0,Machete.png,Machete,999.0,1789654057.0,418.0,1789654133.0
Some nicely cooked mackerel.,355,True,6.0,6000.0,15.0,9.0,Mackerel.png,Mackerel,54.0,1789644753.0,33.0,1789650760.0
The magical book of the Mage.,6889,True,200.0,15.0,500.0,300.0,Mage's book.png,Mage's book,4748099.0,1789653958.0,4647000.0,1789653995.0
Feed and catch the birds by placing this in the right spot.,22201,True,2.0,250.0,5.0,3.0,Magic bird house.png,Magic bird house,1765.0,1789654200.0,1732.0,1789642107.0
A magical catching box.,10025,True,240.0,250.0,600.0,360.0,Magic box.png,Magic box,799.0,1789640027.0,555.0,1789652463.0
How does it all fit in there?,9848,True,4.0,500.0,10.0,6.0,Magic cape rack (flatpack).png,Magic cape rack (flatpack),1099895.0,1789415773.0,1076147.0,1789403737.0
A powerful bow made from magic wood.,10284,True,1000.0,8.0,2500.0,1500.0,Magic comp bow.png,Magic comp bow,1221.0,1789651665.0,1111.0,1789653160.0
One dose of fishy Magic essence.,11491,True,52.0,2000.0,130.0,78.0,Magic essence mix(1).png,Magic essence mix(1),10.0,1786784450.0,10.0,1787086845.0
Two doses of fishy Magic essence.,11489,True,72.0,2000.0,180.0,108.0,Magic essence mix(2).png,Magic essence mix(2),2157.0,1789652199.0,34.0,1789621971.0
This can be attached to a Staff of the Dead or a Trident of the Seas.,12932,True,40800.0,5.0,102000.0,61200.0,Magic fang.png,Magic fang,3351289.0,1789654392.0,3060000.0,1789652740.0
A pile of Magic tree leaves.,6030,True,1.0,,1.0,1.0,Magic leaves.png,Magic leaves,651.0,1789652172.0,603.0,1789653508.0
Logs cut from a magic tree.,1513,True,128.0,12000.0,320.0,192.0,Magic logs.png,Magic logs,730.0,1789654276.0,697.0,1789654223.0
A nice sturdy magical bow.,859,True,1024.0,18000.0,2560.0,1536.0,Magic longbow.png,Magic longbow,1228.0,1789654089.0,1189.0,1789654332.0
An unstrung magic longbow; I need a bowstring for this.,70,True,512.0,10000.0,1280.0,768.0,Magic longbow (u).png,Magic longbow (u),738.0,1789654434.0,732.0,1789654433.0
One dose of fishy Magic potion.,11515,True,60.0,2000.0,150.0,90.0,Magic mix(1).png,Magic mix(1),190.0,1789433966.0,15.0,1789516916.0
Two doses of fishy Magic potion.,11513,True,80.0,2000.0,200.0,120.0,Magic mix(2).png,Magic mix(2),82.0,1789598126.0,45.0,1789602849.0
1 dose of Magic potion.,3046,True,60.0,2000.0,150.0,90.0,Magic potion(1).png,Magic potion(1),50.0,1789643822.0,20.0,1789647611.0
2 doses of Magic potion.,3044,True,80.0,2000.0,200.0,120.0,Magic potion(2).png,Magic potion(2),64.0,1789608437.0,41.0,1789637189.0
3 doses of Magic potion.,3042,True,100.0,2000.0,250.0,150.0,Magic potion(3).png,Magic potion(3),114.0,1789646949.0,81.0,1789653173.0
4 doses of Magic potion.,3040,True,120.0,2000.0,300.0,180.0,Magic potion(4).png,Magic potion(4),138.0,1789654277.0,135.0,1789653413.0
Magic logs prepared with sacred oil for a funeral pyre.,3448,True,256.0,11000.0,640.0,384.0,Magic pyre logs.png,Magic pyre logs,6170.0,1789654421.0,5173.0,1789653006.0
The roots of the Magic tree.,6051,True,1.0,11000.0,1.0,1.0,Magic roots.png,Magic roots,7340.0,1789648414.0,7021.0,1789653992.0
This sapling is ready to be replanted in a tree patch.,5374,True,1.0,200.0,1.0,1.0,Magic sapling.png,Magic sapling,75759.0,1789654355.0,74382.0,1789652752.0
Plant this in a plantpot of soil to grow a sapling.,5316,True,168.0,200.0,422.0,253.0,Magic seed 5.png,Magic seed,71803.0,1789654111.0,71553.0,1789654413.0
A solid magic wood shield.,22263,True,512.0,18000.0,1280.0,768.0,Magic shield.png,Magic shield,590.0,1789654418.0,458.0,1789648156.0
"Short and magical, but still effective.",861,True,640.0,18000.0,1600.0,960.0,Magic shortbow.png,Magic shortbow,754.0,1789654330.0,729.0,1789654283.0
An unstrung magic shortbow; I need a bowstring for this.,72,True,320.0,10000.0,800.0,480.0,Magic shortbow (u).png,Magic shortbow (u),536.0,1789654019.0,533.0,1789654392.0
Use on a Magic shortbow to imbue the bow.,12786,True,2000.0,10000.0,5000.0,3000.0,Magic shortbow scroll.png,Magic shortbow scroll,45934.0,1789654331.0,44425.0,1789654308.0
A Magical staff.,1389,False,80.0,125.0,200.0,120.0,Magic staff.png,Magic staff,380.0,1789653467.0,350.0,1789653446.0
A magic crossbow stock.,21952,True,112.0,10000.0,280.0,168.0,Magic stock.png,Magic stock,300.0,1789651976.0,10.0,1789627874.0
A magic stone to make high-level furniture.,8788,True,300000.0,11000.0,750000.0,450000.0,Magic stone.png,Magic stone,1002761.0,1789654340.0,1002761.0,1789654409.0
I could use this to make jewellery.,6038,True,1.0,11000.0,1.0,1.0,Magic string.png,Magic string,923.0,1789653472.0,890.0,1789648138.0
Magpie impling in a jar.,11252,True,20.0,18000.0,50.0,30.0,Magpie impling jar.png,Magpie impling jar,24226.0,1789653238.0,23538.0,1789654302.0
An occult ring that grants immense magical power.,28313,True,56000.0,,140000.0,84000.0,Magus ring.png,Magus ring,23671484.0,1789653870.0,23073605.0,1789654311.0
How does it all fit in there?,8508,True,4.0,500.0,10.0,6.0,Mahogany armchair (flatpack).png,Mahogany armchair (flatpack),50000.0,1789551269.0,309.0,1789633589.0
Mahogany armour case.,9861,True,4.0,500.0,10.0,6.0,Mahogany armour case (flatpack).png,Mahogany armour case (flatpack),3900.0,1789637888.0,4672.0,1788379896.0
How does it all fit in there?,8572,True,4.0,500.0,10.0,6.0,Mahogany bench (flatpack).png,Mahogany bench (flatpack),1.0,1789344739.0,63.0,1787886838.0
Feed and catch the birds by placing this in the right spot.,22195,True,2.0,250.0,5.0,3.0,Mahogany bird house.png,Mahogany bird house,1368.0,1789654428.0,1024.0,1789642113.0
How does it all fit in there?,8514,True,4.0,500.0,10.0,6.0,Mahogany bookcase (flatpack).png,Mahogany bookcase (flatpack),16.0,1789621293.0,26.0,1787668557.0
How does it all fit in there?,9845,True,4.0,500.0,10.0,6.0,Mahogany cape rack (flatpack).png,Mahogany cape rack (flatpack),6610.0,1789486688.0,1389.0,1788728899.0
How does it all fit in there?,8606,True,4.0,500.0,10.0,6.0,Mahogany dresser (flatpack).png,Mahogany dresser (flatpack),3168.0,1783401787.0,50000.0,1787893530.0
Mahogany fancy dress box.,9867,True,4.0,500.0,10.0,6.0,Mahogany fancy dress box (flatpack).png,Mahogany fancy dress box (flatpack),3000.0,1789626134.0,4601.0,1788477329.0
Parts for creating a mahogany hull for a boat.,32050,True,1500.0,100.0,3750.0,2250.0,Mahogany hull parts.png,Mahogany hull parts,5223.0,1789654164.0,5223.0,1789653145.0
Some well-cut mahogany logs.,6332,True,20.0,11000.0,50.0,30.0,Mahogany logs.png,Mahogany logs,148.0,1789654428.0,144.0,1789654419.0
Mahogany magic wardrobe.,9856,True,4.0,500.0,10.0,6.0,Mahogany magic wardrobe (flatpack).png,Mahogany magic wardrobe (flatpack),1540.0,1789612686.0,1465.0,1789512836.0
A plank of expensive mahogany.,8782,True,600.0,13000.0,1500.0,900.0,Mahogany plank.png,Mahogany plank,2170.0,1789654361.0,2120.0,1789654234.0
Mahogany logs prepared with sacred oil for a funeral pyre.,6213,True,80.0,11000.0,200.0,120.0,Mahogany pyre logs.png,Mahogany pyre logs,3476.0,1789651552.0,1415.0,1789604386.0
A strong boat repair kit made from mahogany.,31973,True,1000.0,13000.0,2500.0,1500.0,Mahogany repair kit.png,Mahogany repair kit,1124.0,1789654376.0,1096.0,1789654212.0
This sapling is ready to be replanted in a tree patch.,21480,True,1.0,200.0,1.0,1.0,Mahogany sapling.png,Mahogany sapling,888.0,1789654041.0,589.0,1789654157.0
Plant this in a plantpot of soil to grow a sapling.,21488,True,19.0,200.0,48.0,28.0,Mahogany seed 5.png,Mahogany seed,248.0,1789653830.0,188.0,1789654224.0
A mahogany crossbow stock.,9450,True,53.0,10000.0,133.0,79.0,Mahogany stock.png,Mahogany stock,2.0,1789595592.0,2.0,1789646848.0
How does it all fit in there?,8558,True,4.0,500.0,10.0,6.0,Mahogany table (flatpack).png,Mahogany table (flatpack),10.0,1789639577.0,10.0,1789532870.0
How does it all fit in there?,9851,True,4.0,500.0,10.0,6.0,Mahogany toy box (flatpack).png,Mahogany toy box (flatpack),10.0,1789477998.0,100000.0,1789490481.0
How does it all fit in there?,8620,True,4.0,500.0,10.0,6.0,Mahogany wardrobe (flatpack).png,Mahogany wardrobe (flatpack),1257.0,1789637909.0,1257.0,1789375716.0
A broken shield piece.,11931,True,12400.0,10000.0,31000.0,18600.0,Malediction shard 1.png,Malediction shard 1,1109564.0,1789353129.0,1151119.0,1789649130.0
A broken shield piece.,11932,True,12400.0,10000.0,31000.0,18600.0,Malediction shard 2.png,Malediction shard 2,415000.0,1789644540.0,406800.0,1789653311.0
A broken shield piece.,11933,True,12400.0,10000.0,31000.0,18600.0,Malediction shard 3.png,Malediction shard 3,300000.0,1789611159.0,320000.0,1789654417.0
"An ancient, evil shield forged by Volcanic heat.",11924,True,18000.0,8.0,45000.0,27000.0,Malediction ward.png,Malediction ward,2138074.0,1789653586.0,2075063.0,1789653080.0
A heap of ashes.,25772,True,1.0,,1.0,1.0,Malicious ashes.png,Malicious ashes,1130.0,1789648103.0,1130.0,1789654385.0
A rare catch.,391,True,80.0,10000.0,200.0,120.0,Manta ray.png,Manta ray,1388.0,1789654359.0,1355.0,1789654420.0
Feed and catch the birds by placing this in the right spot.,22192,True,2.0,250.0,5.0,3.0,Maple bird house.png,Maple bird house,1196.0,1789646690.0,901.0,1789630269.0
A solid bit of maple.,6416,True,480.0,125.0,1200.0,720.0,Maple blackjack.png,Maple blackjack,4982.0,1789653781.0,1400.0,1789617610.0
A defensive blackjack.,6420,True,640.0,125.0,1600.0,960.0,Maple blackjack(d).png,Maple blackjack(d),5000.0,1789624277.0,650.0,1789638349.0
An offensive blackjack.,6418,True,640.0,125.0,1600.0,960.0,Maple blackjack(o).png,Maple blackjack(o),3962.0,1789652286.0,700.0,1789622877.0
A pile of Maple tree leaves.,6028,True,1.0,,1.0,1.0,Maple leaves.png,Maple leaves,319.0,1789605491.0,325.0,1789653487.0
Logs cut from a maple tree.,1517,False,32.0,15000.0,80.0,48.0,Maple logs.png,Maple logs,11.0,1789654423.0,11.0,1789654209.0
A nice sturdy bow made out of Maple.,851,False,256.0,18000.0,640.0,384.0,Maple longbow.png,Maple longbow,282.0,1789653067.0,282.0,1789654350.0
An unstrung maple longbow; I need a bowstring for this.,62,True,128.0,10000.0,320.0,192.0,Maple longbow (u).png,Maple longbow (u),63.0,1789654429.0,61.0,1789654296.0
Maple logs prepared with sacred oil for a funeral pyre.,3444,True,64.0,11000.0,160.0,96.0,Maple pyre logs.png,Maple pyre logs,25000.0,1789614555.0,3136.0,1789595471.0
The roots of the Maple tree.,6047,True,1.0,11000.0,1.0,1.0,Maple roots.png,Maple roots,20.0,1789653110.0,20.0,1789653010.0
This sapling is ready to be replanted in a tree patch.,5372,True,1.0,200.0,1.0,1.0,Maple sapling.png,Maple sapling,4112.0,1789654339.0,4100.0,1789654339.0
Plant this in a plantpot of soil to grow a sapling.,5314,True,19.0,200.0,48.0,28.0,Maple seed 5.png,Maple seed,3203.0,1789654001.0,3201.0,1789654379.0
A solid maple shield.,22257,True,128.0,18000.0,320.0,192.0,Maple shield.png,Maple shield,55.0,1789652135.0,55.0,1789654394.0
"A shortbow made out of Maple, still effective.",853,False,160.0,18000.0,400.0,240.0,Maple shortbow.png,Maple shortbow,166.0,1789654432.0,166.0,1789653859.0
An unstrung maple shortbow; I need a bowstring for this.,64,True,80.0,10000.0,200.0,120.0,Maple shortbow (u).png,Maple shortbow (u),39.0,1789653174.0,24.0,1789652881.0
A maple crossbow stock.,9448,True,40.0,10000.0,100.0,60.0,Maple stock.png,Maple stock,14.0,1789520014.0,14.0,1789517569.0
A beautifully carved marble block.,8786,True,100000.0,11000.0,250000.0,150000.0,Marble block.png,Marble block,337413.0,1789654381.0,337413.0,1789653295.0
How does it all fit in there?,9847,True,4.0,500.0,10.0,6.0,Marble cape rack (flatpack).png,Marble cape rack (flatpack),369979.0,1789490430.0,225505.0,1789418964.0
Marble magic wardrobe.,9858,True,4.0,500.0,10.0,6.0,Marble magic wardrobe (flatpack).png,Marble magic wardrobe (flatpack),369979.0,1789604516.0,225000.0,1789418998.0
A marigold seed - plant in a flower patch.,5096,True,1.0,600.0,2.0,1.0,Marigold seed 5.png,Marigold seed,30.0,1789653966.0,30.0,1789654419.0
A bunch of marigolds.,6010,True,1.0,600.0,1.0,1.0,Marigolds.png,Marigolds,43.0,1789651842.0,4.0,1789654327.0
Some nicely cooked marlin.,32352,True,68.0,10000.0,170.0,102.0,Marlin.png,Marlin,3828.0,1789653428.0,3762.0,1789652928.0
Small shiny scales.,32362,True,20.0,11000.0,50.0,30.0,Marlin scales.png,Marlin scales,1137.0,1789654316.0,1131.0,1789631597.0
A herb used in poison cures.,251,True,2.0,13000.0,5.0,3.0,Marrentill.png,Marrentill,385.0,1789654414.0,331.0,1789654101.0
I need another ingredient to finish this Marrentill potion.,93,True,2.0,10000.0,5.0,3.0,Marrentill potion (unf).png,Marrentill potion (unf),264.0,1789654430.0,277.0,1789653691.0
A marrentill seed - plant in a herb patch.,5292,True,1.0,600.0,2.0,1.0,Marrentill seed 5.png,Marrentill seed,74.0,1789654029.0,50.0,1789654259.0
"A thick, foul-smelling, tar-like substance with an orange tinge.",10143,True,1.0,7000.0,1.0,1.0,Marrentill tar.png,Marrentill tar,3.0,1789653725.0,2.0,1789641349.0
A creepy mask worn during a blood moon.,23522,True,2000.0,70.0,5000.0,3000.0,Mask of Ranul.png,Mask of Ranul,23115.0,1789626237.0,9247.0,1789644882.0
"A set containing a Masori mask (f), Masori body (f), Masori chaps (f)",27355,True,58000.0,5.0,145000.0,87000.0,Masori armour set (f).png,Masori armour set (f),152129994.0,1789652862.0,151000000.0,1789644811.0
Ancient armour once worn by a powerful ranger.,27229,True,480000.0,8.0,1200000.0,720000.0,Masori body.png,Masori body,41873581.0,1789654018.0,40803156.0,1789654286.0
Fortified armour once worn by a powerful ranger.,27238,True,640000.0,8.0,1600000.0,960000.0,Masori body (f).png,Masori body (f),78179557.0,1789654367.0,76555011.0,1789653970.0
Ancient armour once worn by a powerful ranger.,27232,True,400000.0,8.0,1000000.0,600000.0,Masori chaps.png,Masori chaps,27365936.0,1789653223.0,27148373.0,1789654285.0
Fortified armour once worn by a powerful ranger.,27241,True,520000.0,8.0,1300000.0,780000.0,Masori chaps (f).png,Masori chaps (f),54956621.0,1789654378.0,53924453.0,1789654277.0
An ancient mask once worn by a powerful ranger.,27226,True,320000.0,8.0,800000.0,480000.0,Masori mask.png,Masori mask,9251362.0,1789654154.0,9007944.0,1789654288.0
A fortified mask once worn by a powerful ranger.,27235,True,360000.0,8.0,900000.0,540000.0,Masori mask (f).png,Masori mask (f),18061723.0,1789654234.0,17667778.0,1789654271.0
I can store my teleport scrolls in this.,21387,True,2000.0,100.0,5000.0,3000.0,Master scroll book (empty).png,Master scroll book (empty),68478.0,1789649969.0,56148.0,1789653732.0
A master level wand.,6914,True,40000.0,70.0,100001.0,60000.0,Master wand.png,Master wand,6999998.0,1789653006.0,6848893.0,1789653505.0
This looks a good deal stronger than normal cider.,5765,True,1.0,2000.0,2.0,1.0,Mature cider.png,Mature cider,134000.0,1789585185.0,130001.0,1789512819.0
This looks a good deal stronger than normal Wizards Mind Bomb.,5741,True,1.0,2000.0,2.0,1.0,Mature wmb.png,Mature wmb,53000.0,1789601340.0,50000.0,1789217582.0
Not for vegetarians.,2327,False,6.0,10000.0,15.0,9.0,Meat pie.png,Meat pie,52.0,1789653233.0,52.0,1789654174.0
A pizza with bits of meat on it.,2293,False,20.0,10000.0,50.0,30.0,Meat pizza.png,Meat pizza,336.0,1789653886.0,324.0,1789652922.0
Often used to soften tough meat up.,7449,True,16600.0,50.0,41500.0,24900.0,Meat tenderiser.png,Meat tenderiser,24515.0,1789255533.0,19033.0,1789649855.0
Good for keeping the sun off my neck.,6392,True,14.0,150.0,35.0,21.0,Menaphite purple hat.png,Menaphite purple hat,3000.0,1789651566.0,250.0,1789635610.0
Look at those nobbily knees.,6398,True,8.0,150.0,20.0,12.0,Menaphite purple kilt.png,Menaphite purple kilt,9227.0,1789649821.0,50.0,1789642134.0
A cool light Menaphite robe.,6396,True,16.0,150.0,40.0,24.0,Menaphite purple robe.png,Menaphite purple robe,811.0,1789651573.0,359.0,1789640553.0
Colourful.,6394,True,8.0,150.0,20.0,12.0,Menaphite purple top.png,Menaphite purple top,612.0,1789652504.0,300.0,1789640558.0
Good for keeping the sun off my neck.,6400,True,14.0,150.0,35.0,21.0,Menaphite red hat.png,Menaphite red hat,856.0,1789648201.0,946.0,1789572616.0
Look at those nobbily knees.,6406,True,8.0,150.0,20.0,12.0,Menaphite red kilt.png,Menaphite red kilt,235.0,1789648210.0,100.0,1789571608.0
A cool light Menaphite robe.,6404,True,16.0,150.0,40.0,24.0,Menaphite red robe.png,Menaphite red robe,20000.0,1789592120.0,20000.0,1789569898.0
Colourful.,6402,True,8.0,150.0,20.0,12.0,Menaphite red top.png,Menaphite red top,9784.0,1789648244.0,1000.0,1789447956.0
1 dose of Menaphite remedy.,27211,True,44.0,,110.0,66.0,Menaphite remedy(1).png,Menaphite remedy(1),565.0,1789653361.0,351.0,1789652144.0
2 doses of Menaphite remedy.,27208,True,44.0,,110.0,66.0,Menaphite remedy(2).png,Menaphite remedy(2),2978.0,1789624328.0,979.0,1789647778.0
3 doses of Menaphite remedy.,27205,True,44.0,,110.0,66.0,Menaphite remedy(3).png,Menaphite remedy(3),1307.0,1789626861.0,1374.0,1789652332.0
4 doses of Menaphite remedy.,27202,True,44.0,2000.0,110.0,66.0,Menaphite remedy(4).png,Menaphite remedy(4),2100.0,1789654423.0,2020.0,1789653254.0
A vibrant gold paint. This might look good on a boat.,32110,True,1.0,,1.0,1.0,Merchant's paint.png,Merchant's paint,10959999.0,1789602610.0,10060001.0,1789653418.0
An iron tipped trident.,21649,True,160.0,125.0,400.0,240.0,Merfolk trident.png,Merfolk trident,1097211.0,1789648048.0,952000.0,1789633331.0
A light and refreshing Aldarin White that's favoured on warm summer days.,29955,True,200.0,,500.0,300.0,Metztonalli white.png,Metztonalli white,677.0,1789649203.0,1000.0,1789638613.0
A bowl of finely minced meat.,7070,True,3.0,13000.0,8.0,4.0,Minced meat.png,Minced meat,5000.0,1789394658.0,5000.0,1789181433.0
A teleport to the Mind Altar.,19617,True,1.0,10000.0,1.0,1.0,Mind altar teleport (tablet).png,Mind altar teleport (tablet),2597.0,1789654161.0,2419.0,1789651839.0
This keg contains 4 pints of Wizards Mind Bomb.,5801,True,1.0,2000.0,1.0,1.0,Mind bomb(4).png,Mind bomb(4),55555.0,1789612517.0,55555.0,1789641845.0
This keg contains 4 pints of mature Wizards Mind Bomb.,5881,True,1.0,2000.0,1.0,1.0,Mind bomb(m4).png,Mind bomb(m4),250000.0,1789612967.0,250000.0,1789616362.0
A magic helmet.,9733,True,1200.0,70.0,3000.0,1800.0,Mind helmet.png,Mind helmet,1320.0,1789622463.0,1320.0,1789653976.0
Used for basic level missile spells.,558,False,1.0,18000.0,3.0,1.0,Mind rune.png,Mind rune,4.0,1789654410.0,2.0,1789654397.0
A magic shield.,9731,True,1200.0,70.0,3000.0,1800.0,Mind shield.png,Mind shield,39275.0,1789654309.0,34001.0,1789651811.0
A mysterious power emanates from the talisman...,1448,False,1.0,11000.0,4.0,2.0,Mind talisman.png,Mind talisman,1372.0,1789654328.0,1361.0,1789654337.0
A tiara infused with the properties of the mind.,5529,False,40.0,40.0,100.0,60.0,Mind tiara.png,Mind tiara,6.0,1789653928.0,5.0,1789653954.0
A helmet with an unlit lamp on it.,5014,True,240.0,4.0,600.0,360.0,Mining helmet.png,Mining helmet,7300.0,1789654212.0,5000.0,1789652685.0
It looks very minty.,9475,True,100.0,10000.0,250.0,150.0,Mint cake.png,Mint cake,88151.0,1789623395.0,104834.0,1789648296.0
I can just about see things in this shield's reflection.,4156,True,2000.0,40.0,5000.0,3000.0,Mirror shield.png,Mirror shield,5078.0,1789652678.0,6369.0,1789654334.0
It's a slightly magical stick.,20730,True,6200.0,8.0,15500.0,9300.0,Mist battlestaff.png,Mist battlestaff,52139.0,1789650509.0,31273.0,1789654424.0
A combined Air and Water Rune.,4695,True,8.0,18000.0,20.0,12.0,Mist rune.png,Mist rune,87.0,1789654309.0,87.0,1789654416.0
A mithril grapple tipped bolt - needs a rope.,9419,True,1.0,11000.0,1.0,1.0,Mith grapple.png,Mith grapple,2000.0,1789654322.0,1777.0,1789652644.0
A mithril grapple tipped bolt - needs a rope.,9418,True,19.0,11000.0,48.0,28.0,Mith grapple (unf).png,Mith grapple (unf),603.0,1789653492.0,2.0,1789574939.0
A mithril grapple tip.,9416,True,12.0,11000.0,30.0,18.0,Mith grapple tip.png,Mith grapple tip,5000.0,1789595218.0,750.0,1789636346.0
A two handed sword.,1315,False,1040.0,125.0,2600.0,1560.0,Mithril 2h sword.png,Mithril 2h sword,1240.0,1789654430.0,1212.0,1789654412.0
Arrows with mithril heads.,888,False,12.0,7000.0,32.0,19.0,Mithril arrow 5.png,Mithril arrow,5.0,1789654379.0,5.0,1789654384.0
Venomous-looking arrows.,889,True,12.0,7000.0,32.0,19.0,Mithril arrow(p) 5.png,Mithril arrow(p),2.0,1789604002.0,16.0,1789581142.0
Venomous-looking arrows.,5619,True,12.0,7000.0,32.0,19.0,Mithril arrow(p+) 5.png,Mithril arrow(p+),125.0,1789313554.0,51.0,1789634121.0
Venomous-looking arrows.,5625,True,12.0,7000.0,32.0,19.0,Mithril arrow(p++) 5.png,Mithril arrow(p++),101.0,1789323421.0,150.0,1788944770.0
I can make some arrows with these.,42,True,6.0,10000.0,16.0,9.0,Mithril arrowtips.png,Mithril arrowtips,52.0,1789652275.0,53.0,1789654348.0
A powerful axe.,1355,False,208.0,40.0,520.0,312.0,Mithril axe.png,Mithril axe,248.0,1789654060.0,207.0,1789654415.0
It's a bar of mithril.,2359,False,120.0,10000.0,300.0,180.0,Mithril bar.png,Mithril bar,965.0,1789654404.0,950.0,1789654390.0
A vicious looking axe.,1369,False,676.0,125.0,1690.0,1014.0,Mithril battleaxe.png,Mithril battleaxe,1005.0,1789644161.0,942.0,1789652245.0
Mithril crossbow bolts.,9142,True,8.0,7000.0,20.0,12.0,Mithril bolts 5.png,Mithril bolts,28.0,1789652151.0,22.0,1789653939.0
Some poisoned mithril bolts.,9289,True,8.0,11000.0,20.0,12.0,Mithril bolts (p) 5.png,Mithril bolts (p),228.0,1789653228.0,291.0,1788888040.0
Some poisoned mithril bolts.,9296,True,8.0,11000.0,20.0,12.0,Mithril bolts (p+) 5.png,Mithril bolts (p+),494.0,1789513233.0,501.0,1789189507.0
Super poisoned mithril bolts.,9303,True,8.0,11000.0,20.0,12.0,Mithril bolts (p++) 5.png,Mithril bolts (p++),949.0,1789461663.0,201.0,1789516131.0
Unfeathered mithril crossbow bolts.,9379,True,1.0,13000.0,1.0,1.0,Mithril bolts (unf) 5.png,Mithril bolts (unf),67.0,1789654166.0,53.0,1789646958.0
These will protect my feet.,4127,True,312.0,125.0,780.0,468.0,Mithril boots.png,Mithril boots,549.0,1789653194.0,135.0,1789646737.0
Blunt mithril arrow... ouch.,4793,True,20.0,11000.0,50.0,30.0,Mithril brutal 5.png,Mithril brutal,205.0,1789654226.0,201.0,1789650661.0
Ammo suited for a boat's cannon.,31910,True,24.0,11000.0,60.0,36.0,Mithril cannonball.png,Mithril cannonball,157.0,1789654311.0,150.0,1789654268.0
A series of connected metal rings.,1109,False,780.0,125.0,1950.0,1170.0,Mithril chainbody.png,Mithril chainbody,907.0,1789651318.0,889.0,1789654174.0
Ammo suited for a boat's cannon.,31924,True,48.0,,120.0,72.0,Mithril chainshot cannonball.png,Mithril chainshot cannonball,587.0,1789603441.0,302.0,1789575486.0
A set of fighting claws.,3099,True,190.0,125.0,475.0,285.0,Mithril claws.png,Mithril claws,2000.0,1789649401.0,1670.0,1789646306.0
A mithril crossbow.,9181,True,313.0,125.0,783.0,469.0,Mithril crossbow.png,Mithril crossbow,1998.0,1789652117.0,526.0,1789653913.0
An unstrung mithril crossbow.,9461,True,300.0,10000.0,750.0,450.0,Mithril crossbow (u).png,Mithril crossbow (u),1.0,1789550328.0,1.0,1789413497.0
A dangerous dagger.,1209,False,130.0,125.0,325.0,195.0,Mithril dagger.png,Mithril dagger,136.0,1789651218.0,123.0,1789653678.0
A poisoned Mithril dagger.,1225,True,130.0,125.0,325.0,195.0,Mithril dagger(p).png,Mithril dagger(p),52.0,1789612157.0,20.0,1789652300.0
A poisoned Mithril dagger.,5674,True,130.0,125.0,325.0,195.0,Mithril dagger(p+).png,Mithril dagger(p+),800.0,1788803085.0,5.0,1789435592.0
A poisoned Mithril dagger.,5692,True,130.0,125.0,325.0,195.0,Mithril dagger(p++).png,Mithril dagger(p++),2963.0,1789645971.0,3417.0,1789634623.0
A deadly throwing dart with a mithril tip.,809,True,10.0,7000.0,25.0,15.0,Mithril dart.png,Mithril dart,11.0,1789654430.0,9.0,1789654414.0
A deadly looking dart tip made of mithril - needs feathers for flight.,822,True,4.0,20000.0,12.0,7.0,Mithril dart tip.png,Mithril dart tip,106.0,1789654426.0,101.0,1789653882.0
A deadly poisoned dart with a mithril tip.,815,True,10.0,7000.0,25.0,15.0,Mithril dart(p).png,Mithril dart(p),158.0,1789610552.0,166.0,1789248203.0
A deadly poisoned dart with a mithril tip.,5632,True,10.0,7000.0,25.0,15.0,Mithril dart(p+).png,Mithril dart(p+),10000.0,1789253224.0,535.0,1789136386.0
A deadly poisoned dart with a mithril tip.,5639,True,10.0,7000.0,25.0,15.0,Mithril dart(p++).png,Mithril dart(p++),320.0,1789589887.0,80.0,1789589986.0
Do I look scary?,12369,True,4000.0,4.0,10000.0,6000.0,Mithril dragon mask.png,Mithril dragon mask,5179.0,1789650635.0,5451.0,1789648978.0
A woodcutter's axe.,28208,True,208.0,,520.0,312.0,Mithril felling axe.png,Mithril felling axe,1700000.0,1789527707.0,1550000.0,1789609652.0
A full face helmet.,1159,False,572.0,125.0,1430.0,858.0,Mithril full helm.png,Mithril full helm,602.0,1789654313.0,602.0,1789654183.0
Mithril full helm with gold trim.,12283,False,572.0,8.0,1430.0,858.0,Mithril full helm (g).png,Mithril full helm (g),9846.0,1789632162.0,4750.0,1789652986.0
Mithril full helm with trim.,12293,False,572.0,8.0,1430.0,858.0,Mithril full helm (t).png,Mithril full helm (t),4282.0,1789620098.0,4299.0,1789653946.0
"A set containing a full helm, platebody, legs and kiteshield.",13008,False,2000.0,8.0,5000.0,3000.0,Mithril gold-trimmed set (lg).png,Mithril gold-trimmed set (lg),40269.0,1789647607.0,40000.0,1789640223.0
"A set containing a full helm, platebody, skirt and kiteshield.",13010,False,2000.0,8.0,5000.0,3000.0,Mithril gold-trimmed set (sk).png,Mithril gold-trimmed set (sk),33769.0,1789621906.0,25001.0,1789617051.0
A mithril halberd.,3198,True,1040.0,125.0,2600.0,1560.0,Mithril halberd.png,Mithril halberd,16177.0,1789573170.0,6041.0,1789342747.0
"A mithril-tipped, one-handed hasta.",11373,True,338.0,125.0,845.0,507.0,Mithril hasta.png,Mithril hasta,180.0,1789645629.0,120.0,1789634781.0
"A poison-tipped, one-handed mithril hasta.",11400,True,338.0,125.0,845.0,507.0,Mithril hasta(p).png,Mithril hasta(p),790.0,1787270590.0,20.0,1781897296.0
"A poison-tipped, one-handed mithril hasta.",11403,True,338.0,125.0,845.0,507.0,Mithril hasta(p+).png,Mithril hasta(p+),7028.0,1787773322.0,23.0,1786553096.0
"A poison-tipped, one-handed mithril hasta.",11405,True,338.0,125.0,845.0,507.0,Mithril hasta(p++).png,Mithril hasta(p++),7637.0,1788315300.0,20.0,1783870497.0
Ammo suited for a boat's cannon.,31938,True,48.0,,120.0,72.0,Mithril incendiary cannonball.png,Mithril incendiary cannonball,1095.0,1789630801.0,900.0,1789649874.0
A mithril tipped javelin.,828,True,25.0,7000.0,64.0,38.0,Mithril javelin.png,Mithril javelin,7.0,1789652354.0,7.0,1789654383.0
Needs a shaft.,19576,True,66.0,10000.0,165.0,99.0,Mithril javelin tips 5.png,Mithril javelin tips,383.0,1789612829.0,165.0,1789613423.0
A mithril tipped javelin.,834,True,25.0,7000.0,64.0,38.0,Mithril javelin(p).png,Mithril javelin(p),25.0,1788133592.0,50001.0,1788823636.0
A mithril tipped javelin.,5645,True,25.0,7000.0,64.0,38.0,Mithril javelin(p+).png,Mithril javelin(p+),99000.0,1788132764.0,150000.0,1784326246.0
A mithril tipped javelin.,5651,True,25.0,7000.0,64.0,38.0,Mithril javelin(p++).png,Mithril javelin(p++),2.0,1786317417.0,2.0,1786524356.0
Parts for creating a mithril keel for a boat.,32008,True,500.0,100.0,1250.0,750.0,Mithril keel parts.png,Mithril keel parts,2446.0,1789654395.0,2084.0,1789654072.0
A large metal shield.,1197,False,884.0,125.0,2210.0,1326.0,Mithril kiteshield.png,Mithril kiteshield,998.0,1789652743.0,1078.0,1789653475.0
Mithril kiteshield with gold trim.,12281,False,884.0,8.0,2210.0,1326.0,Mithril kiteshield (g).png,Mithril kiteshield (g),4411.0,1789644513.0,2000.0,1789649934.0
Mithril kiteshield with trim.,12291,False,884.0,8.0,2210.0,1326.0,Mithril kiteshield (t).png,Mithril kiteshield (t),4555.0,1789634289.0,4688.0,1789652212.0
A finely balanced throwing knife.,866,True,10.0,7000.0,27.0,16.0,Mithril knife.png,Mithril knife,188.0,1789653484.0,180.0,1789653572.0
A finely balanced throwing knife.,873,True,10.0,7000.0,27.0,16.0,Mithril knife(p).png,Mithril knife(p),274.0,1789229850.0,500.0,1788662707.0
A finely balanced throwing knife.,5657,True,10.0,7000.0,27.0,16.0,Mithril knife(p+).png,Mithril knife(p+),443.0,1789170852.0,190.0,1788447066.0
A finely balanced throwing knife.,5664,True,10.0,7000.0,27.0,16.0,Mithril knife(p++).png,Mithril knife(p++),3022.0,1789260283.0,100.0,1786037093.0
A pair of mithril crossbow limbs.,9427,True,260.0,10000.0,650.0,390.0,Mithril limbs.png,Mithril limbs,516.0,1789547908.0,2.0,1789317698.0
A razor sharp longsword.,1299,False,520.0,125.0,1300.0,780.0,Mithril longsword.png,Mithril longsword,414.0,1789654248.0,413.0,1789654184.0
A spiky mace.,1428,False,234.0,125.0,585.0,351.0,Mithril mace.png,Mithril mace,99.0,1789602670.0,135.0,1789653784.0
A medium sized helmet.,1143,False,312.0,125.0,780.0,468.0,Mithril med helm.png,Mithril med helm,451.0,1789654062.0,250.0,1789651275.0
Keeps things in place fairly permanently.,4822,True,7.0,13000.0,18.0,10.0,Mithril nails.png,Mithril nails,70.0,1789654430.0,69.0,1789654227.0
This needs refining.,447,False,64.0,13000.0,162.0,97.0,Mithril ore.png,Mithril ore,158.0,1789654403.0,155.0,1789654404.0
Used for mining.,1273,False,520.0,40.0,1300.0,780.0,Mithril pickaxe.png,Mithril pickaxe,579.0,1789654162.0,461.0,1789654413.0
Provides excellent protection.,1121,False,2080.0,125.0,5200.0,3120.0,Mithril platebody.png,Mithril platebody,2900.0,1789653829.0,2890.0,1789654326.0
Mithril platebody with gold trim.,12277,False,2080.0,8.0,5200.0,3120.0,Mithril platebody (g).png,Mithril platebody (g),11999.0,1789632141.0,4669.0,1789648252.0
Mithril platebody with trim.,12287,False,2080.0,8.0,5200.0,3120.0,Mithril platebody (t).png,Mithril platebody (t),6708.0,1789621289.0,6800.0,1789654331.0
These look pretty heavy.,1071,False,1040.0,125.0,2600.0,1560.0,Mithril platelegs.png,Mithril platelegs,1119.0,1789654345.0,1111.0,1789654401.0
Mithril platelegs with gold trim.,12279,False,1040.0,8.0,2600.0,1560.0,Mithril platelegs (g).png,Mithril platelegs (g),2527.0,1789653242.0,2528.0,1789650281.0
Mithril platelegs with trim.,12289,False,1040.0,8.0,2600.0,1560.0,Mithril platelegs (t).png,Mithril platelegs (t),8247.0,1789618915.0,2342.0,1789647437.0
Designer leg protection.,1085,False,1040.0,125.0,2600.0,1560.0,Mithril plateskirt.png,Mithril plateskirt,1299.0,1789654352.0,1160.0,1789654173.0
Mithril plateskirt with gold trim.,12285,False,1040.0,8.0,2600.0,1560.0,Mithril plateskirt (g).png,Mithril plateskirt (g),4999.0,1789610714.0,2730.0,1789652962.0
Mithril plateskirt with trim.,12295,False,1040.0,8.0,2600.0,1560.0,Mithril plateskirt (t).png,Mithril plateskirt (t),2581.0,1789595989.0,2581.0,1789647710.0
"A vicious, curved sword.",1329,False,416.0,125.0,1040.0,624.0,Mithril scimitar.png,Mithril scimitar,410.0,1789654266.0,404.0,1789654275.0
Magical seeds in a mithril case.,299,True,80.0,18000.0,200.0,120.0,Mithril seeds.png,Mithril seeds,935.0,1789654420.0,899.0,1789654360.0
"A set containing a full helm, platebody, legs and kiteshield.",13000,False,2000.0,8.0,5000.0,3000.0,Mithril set (lg).png,Mithril set (lg),7000.0,1789654233.0,6100.0,1789621933.0
"A set containing a full helm, platebody, skirt and kiteshield.",13002,False,2000.0,8.0,5000.0,3000.0,Mithril set (sk).png,Mithril set (sk),11000.0,1789644630.0,7341.0,1789610761.0
A mithril tipped spear.,1243,True,338.0,125.0,845.0,507.0,Mithril spear.png,Mithril spear,196.0,1789633729.0,196.0,1789654374.0
A poisoned mithril tipped spear.,1257,True,338.0,125.0,845.0,507.0,Mithril spear(p).png,Mithril spear(p),146.0,1789520383.0,45.0,1789602693.0
A poisoned mithril tipped spear.,5710,True,338.0,125.0,845.0,507.0,Mithril spear(p+).png,Mithril spear(p+),2207.0,1788542940.0,5266.0,1776024750.0
A poisoned mithril tipped spear.,5724,True,338.0,125.0,845.0,507.0,Mithril spear(p++).png,Mithril spear(p++),1000.0,1789226803.0,16256.0,1781574840.0
A medium square shield.,1181,False,624.0,125.0,1560.0,936.0,Mithril sq shield.png,Mithril sq shield,646.0,1789643617.0,711.0,1789654251.0
A razor sharp sword.,1285,False,338.0,125.0,845.0,507.0,Mithril sword.png,Mithril sword,336.0,1789649883.0,370.0,1789653426.0
A finely balanced throwing axe.,803,True,28.0,7000.0,70.0,42.0,Mithril thrownaxe.png,Mithril thrownaxe,83.0,1789637065.0,86.0,1788480622.0
"A set containing a full helm, platebody, legs and kiteshield.",13004,False,2000.0,8.0,5000.0,3000.0,Mithril trimmed set (lg).png,Mithril trimmed set (lg),47777.0,1789626989.0,33039.0,1789440689.0
"A set containing a full helm, platebody, skirt and kiteshield.",13006,False,2000.0,8.0,5000.0,3000.0,Mithril trimmed set (sk).png,Mithril trimmed set (sk),32000.0,1789618176.0,25000.0,1789616768.0
I don't think it's intended for joinery.,1343,False,664.0,125.0,1660.0,996.0,Mithril warhammer.png,Mithril warhammer,1061.0,1789648036.0,1000.0,1789654032.0
A posy of flowers.,2472,True,40.0,150.0,100.0,60.0,Mixed flowers.png,Mixed flowers,100.0,1789654323.0,50.0,1789648503.0
"A set containing a Mixed hide top, Mixed hide legs, Mixed hide boots and Mixed hide cape.",31166,True,58000.0,,145000.0,87000.0,Mixed hide armour set.png,Mixed hide armour set,87499.0,1789652850.0,85600.0,1789638701.0
I need this to make mixed hide armour.,29292,True,3600.0,,9000.0,5400.0,Mixed hide base.png,Mixed hide base,14238.0,1789654214.0,14238.0,1789653795.0
Made from the hide of a few different creatures.,29286,True,1600.0,100.0,4000.0,2400.0,Mixed hide boots.png,Mixed hide boots,17365.0,1789654058.0,17000.0,1789653812.0
Made from the hide of a few different creatures.,29289,True,1600.0,100.0,4000.0,2400.0,Mixed hide cape.png,Mixed hide cape,21248.0,1789654068.0,21000.0,1789653463.0
Made from the hide of a few different creatures.,29283,True,1600.0,100.0,4000.0,2400.0,Mixed hide legs.png,Mixed hide legs,27649.0,1789654399.0,27001.0,1789654082.0
Made from the hide of a few different creatures.,29280,True,1600.0,100.0,4000.0,2400.0,Mixed hide top.png,Mixed hide top,16253.0,1789654389.0,16150.0,1789654190.0
A magical shard linked to Mokhaiotl.,31099,True,4000.0,100.0,10000.0,6000.0,Mokhaiotl waystone 5.png,Mokhaiotl waystone,45251.0,1789653910.0,45251.0,1789653910.0
A mole claw.,7416,True,240.0,50.0,600.0,360.0,Mole claw.png,Mole claw,6086.0,1789654128.0,6019.0,1789654289.0
The skin of a large mole.,7418,True,160.0,50.0,400.0,240.0,Mole skin.png,Mole skin,5903.0,1789653935.0,5532.0,1789654286.0
Cute mole slippers.,23285,False,400.0,4.0,1000.0,600.0,Mole slippers.png,Mole slippers,172840.0,1789652767.0,164867.0,1789653219.0
Hot glass ready to be blown into useful objects.,1775,True,1.0,13000.0,3.0,1.0,Molten glass.png,Molten glass,95.0,1789654422.0,90.0,1789654390.0
Keeps a monk's knees nice and warm.,542,False,12.0,125.0,30.0,18.0,Monk's robe.png,Monk's robe,153.0,1789653973.0,115.0,1789653850.0
"Keeps a monk's knees nice, warm and stylish.",20202,False,12.0,4.0,30.0,18.0,Monk's robe (g).png,Monk's robe (g),1284299.0,1789591005.0,1169935.0,1789653175.0
I feel the gods don't enjoy my materialistic obsessions.,23306,False,200.0,4.0,500.0,300.0,Monk's robe (t).png,Monk's robe (t),6408.0,1789650231.0,5627.0,1789651579.0
I feel closer to the gods when I am wearing this.,544,False,16.0,125.0,40.0,24.0,Monk's robe top.png,Monk's robe top,425.0,1789653655.0,352.0,1789652865.0
I feel the gods don't enjoy my materialistic obsessions.,20199,False,20.0,4.0,50.0,30.0,Monk's robe top (g).png,Monk's robe top (g),4144000.0,1789609473.0,4030000.0,1789622003.0
I feel the gods don't enjoy my materialistic obsessions.,23303,False,200.0,4.0,500.0,300.0,Monk's robe top (t).png,Monk's robe top (t),24801.0,1789652725.0,23701.0,1789649304.0
It's a monkey bar. It looks highly nutritious.,4014,True,20.0,6000.0,50.0,30.0,Monkey bar.png,Monkey bar,709.0,1789653957.0,746.0,1789637711.0
These are small monkey bones.,3183,False,1.0,3000.0,1.0,1.0,Monkey bones.png,Monkey bones,298.0,1789654219.0,290.0,1789652529.0
These are monkey nuts. Yummy.,4012,True,1.0,6000.0,3.0,1.0,Monkey nuts.png,Monkey nuts,133.0,1789653945.0,126.0,1789649192.0
"Smells like the south end of a northbound monkey, because it is.",19610,True,20000.0,8.0,50000.0,30000.0,Monkey tail.png,Monkey tail,485483.0,1789647946.0,453040.0,1789651393.0
A tasty fish.,7946,True,92.0,13000.0,230.0,138.0,Monkfish.png,Monkfish,158.0,1789654355.0,152.0,1789654410.0
"Hmm, shallow and pedantic.",12353,True,480.0,4.0,1200.0,720.0,Monocle.png,Monocle,6854.0,1789618256.0,4000.0,1789643556.0
A popular spirit all across Varlamore.,29418,True,6.0,,15.0,9.0,Moon-lite.png,Moon-lite,115.0,1788140352.0,100.0,1789597969.0
A teleport to Lunar Isle.,24949,True,1.0,10000.0,1.0,1.0,Moonclan teleport (tablet).png,Moonclan teleport (tablet),900.0,1789654133.0,837.0,1789648666.0
I don't think I can stick it back on.,29171,True,1.0,18000.0,1.0,1.0,Moonlight antelope antler.png,Moonlight antelope antler,2615.0,1789652405.0,2589.0,1789652216.0
I can make something out of this.,29174,True,4.0,18000.0,10.0,6.0,Moonlight antelope fur.png,Moonlight antelope fur,302.0,1789654140.0,291.0,1789651997.0
Bolts made from the antlers of a moonlight antelope.,28878,True,12.0,11000.0,31.0,18.0,Moonlight antler bolts 5.png,Moonlight antler bolts,214.0,1789654369.0,202.0,1789653951.0
A foul smelling brew.,2955,True,2.0,2000.0,5.0,3.0,Moonlight mead.png,Moonlight mead,180.0,1789200981.0,150.0,1789642131.0
This keg contains 4 pints of Moonlight Mead.,5817,True,1.0,2000.0,1.0,1.0,Moonlight mead(4).png,Moonlight mead(4),30516.0,1789619941.0,28991.0,1789386317.0
This looks a good deal stronger than normal Moonlight Mead.,5749,True,2.0,2000.0,5.0,3.0,Moonlight mead(m).png,Moonlight mead(m),5494.0,1788581253.0,100000.0,1785540517.0
This keg contains 4 pints of mature Moonlight Mead.,5897,True,1.0,2000.0,1.0,1.0,Moonlight mead(m4).png,Moonlight mead(m4),137566.0,1789603460.0,130001.0,1788712764.0
There's a moonlight moth in here.,28893,True,1.0,125.0,1.0,1.0,Moonlight moth (item).png,Moonlight moth (item),2599.0,1789649157.0,1544.0,1789653519.0
There's a moonlight moth in here.,29213,True,12.0,,30.0,18.0,Moonlight moth mix (1).png,Moonlight moth mix (1),1662.0,1789458065.0,1500.0,1789649858.0
There's a moonlight moth in here.,29195,True,12.0,125.0,30.0,18.0,Moonlight moth mix (2).png,Moonlight moth mix (2),3793.0,1789652730.0,3776.0,1789653986.0
A vicious javelin.,22636,True,1600.0,100.0,4000.0,2400.0,Morrigan's javelin.png,Morrigan's javelin,,,20001.0,1770319835.0
A mushroom from the swamps of Mort Myre.,2970,True,1.0,13000.0,1.0,1.0,Mort myre fungus.png,Mort myre fungus,229.0,1789654352.0,217.0,1789654160.0
A pear picked from a dying bush in Mort Myre.,2974,True,1.0,13000.0,1.0,1.0,Mort myre pear.png,Mort myre pear,3107.0,1789652627.0,2000.0,1789616612.0
A cutting from a budding branch.,2972,True,1.0,13000.0,1.0,1.0,Mort myre stem.png,Mort myre stem,884.0,1789652642.0,884.0,1789630308.0
Teleports you to Mort'ton.,12406,True,4.0,10000.0,10.0,6.0,Mort'ton teleport.png,Mort'ton teleport,11787.0,1789654293.0,11536.0,1789654418.0
Teleports you to Mos Le'Harmless.,12411,True,4.0,10000.0,10.0,6.0,Mos le'harmless teleport.png,Mos le'harmless teleport,934.0,1789653265.0,934.0,1789654415.0
A very spotty eel.,22832,True,1.0,13000.0,3.0,1.0,Mottled eel.png,Mottled eel,50.0,1789650492.0,50.0,1789649079.0
It's a slightly magical stick.,6562,True,6800.0,8.0,17000.0,10200.0,Mud battlestaff.png,Mud battlestaff,33999.0,1789652977.0,25735.0,1789654146.0
All the good of the earth.,7170,True,21.0,11000.0,54.0,32.0,Mud pie.png,Mud pie,3000.0,1789649755.0,1104.0,1789649766.0
A combined Earth and Water Rune.,4698,True,8.0,18000.0,20.0,12.0,Mud rune.png,Mud rune,94.0,1789654339.0,90.0,1789654367.0
It looks like the key to a chest.,991,False,32.0,11000.0,80.0,48.0,Muddy key.png,Muddy key,6999.0,1789653895.0,6101.0,1789637906.0
A mummy's body.,20083,True,1.0,4.0,1.0,1.0,Mummy's body.png,Mummy's body,1529989.0,1789636565.0,1202000.0,1789652628.0
A mummy's feet.,20092,True,1.0,4.0,1.0,1.0,Mummy's feet.png,Mummy's feet,318162.0,1789636243.0,306000.0,1789649828.0
A mummy's hands.,20086,True,1.0,4.0,1.0,1.0,Mummy's hands.png,Mummy's hands,313450.0,1789636249.0,260000.0,1789633349.0
A mummy's head.,20080,True,1.0,4.0,1.0,1.0,Mummy's head.png,Mummy's head,1559728.0,1789530365.0,1010000.0,1789604672.0
A mummy's legs.,20089,True,1.0,4.0,1.0,1.0,Mummy's legs.png,Mummy's legs,939150.0,1789636555.0,712450.0,1789537643.0
A Bittercap Mushroom,6004,True,15.0,11000.0,38.0,22.0,Mushroom.png,Mushroom,189.0,1789654365.0,185.0,1789653849.0
A bowl of fried mushroom and onions.,7066,True,18.0,13000.0,45.0,27.0,Mushroom & onion.png,Mushroom & onion,150.0,1789306101.0,1046.0,1788753219.0
Mmm mushroom pie.,21690,True,12.0,10000.0,30.0,18.0,Mushroom pie.png,Mushroom pie,12139.0,1789653869.0,11000.0,1789649715.0
A baked potato with mushroom and onions.,7058,True,18.0,13000.0,45.0,27.0,Mushroom potato.png,Mushroom potato,999.0,1789637297.0,977.0,1789651759.0
A Bittercap mushroom spore - plant in a mushroom patch.,5282,True,34.0,200.0,86.0,51.0,Mushroom spore 5.png,Mushroom spore,74.0,1789654324.0,85.0,1789652771.0
Engarde!,12351,True,1400.0,4.0,3500.0,2100.0,Musketeer hat.png,Musketeer hat,55321.0,1789649224.0,48200.0,1789651524.0
One for all!,12443,True,748.0,4.0,1870.0,1122.0,Musketeer pants.png,Musketeer pants,29998.0,1789648305.0,14334.0,1789630365.0
All for one!,12441,True,752.0,4.0,1880.0,1128.0,Musketeer tabard.png,Musketeer tabard,39500.0,1789608502.0,25000.0,1789650242.0
A marshy coloured snail shell helmet.,3327,True,120.0,150.0,300.0,180.0,Myre snelm.png,Myre snelm,112.0,1789651819.0,99.0,1789654378.0
It's a slightly magical stick.,1405,True,17000.0,18000.0,42500.0,25500.0,Mystic air staff.png,Mystic air staff,25000.0,1789652959.0,24977.0,1789654429.0
Magical boots.,4097,True,4000.0,125.0,10000.0,6000.0,Mystic boots.png,Mystic boots,5983.0,1789654107.0,5405.0,1789654259.0
Dark magical boots.,4107,True,4000.0,70.0,10000.0,6000.0,Mystic boots (dark).png,Mystic boots (dark),50584.0,1789653971.0,40215.0,1789654075.0
Dusky magical boots.,23059,True,4000.0,70.0,10000.0,6000.0,Mystic boots (dusk).png,Mystic boots (dusk),69944.0,1789648700.0,69944.0,1789654225.0
Bright magical boots.,4117,True,4000.0,70.0,10000.0,6000.0,Mystic boots (light).png,Mystic boots (light),11308.0,1789652624.0,9788.0,1789654401.0
It's a slightly more magical stick.,20739,True,17000.0,8.0,42500.0,25500.0,Mystic dust staff.png,Mystic dust staff,38300.0,1789652811.0,33333.0,1789654158.0
It's a slightly magical stick.,1407,True,17000.0,18000.0,42500.0,25500.0,Mystic earth staff.png,Mystic earth staff,24906.0,1789650686.0,24906.0,1789654431.0
It's a slightly magical stick.,1401,True,17000.0,18000.0,42500.0,25500.0,Mystic fire staff.png,Mystic fire staff,24918.0,1789654208.0,24918.0,1789654361.0
Magical gloves.,4095,True,4000.0,125.0,10000.0,6000.0,Mystic gloves.png,Mystic gloves,5999.0,1789653826.0,5447.0,1789654053.0
Dark magical gloves.,4105,True,4000.0,70.0,10000.0,6000.0,Mystic gloves (dark).png,Mystic gloves (dark),5358.0,1789651134.0,5051.0,1789652094.0
Dusky magical gloves.,23056,True,4000.0,70.0,10000.0,6000.0,Mystic gloves (dusk).png,Mystic gloves (dusk),41091.0,1789650043.0,41091.0,1789654227.0
Bright magical gloves.,4115,True,4000.0,70.0,10000.0,6000.0,Mystic gloves (light).png,Mystic gloves (light),5547.0,1789654290.0,5100.0,1789653553.0
A magical hat.,4089,True,6000.0,125.0,15000.0,9000.0,Mystic hat.png,Mystic hat,9548.0,1789654242.0,9907.0,1789653338.0
A dark magical hat.,4099,True,6000.0,70.0,15000.0,9000.0,Mystic hat (dark).png,Mystic hat (dark),49219.0,1789653761.0,48888.0,1789653934.0
A dusky magical hat.,23047,True,6000.0,70.0,15000.0,9000.0,Mystic hat (dusk).png,Mystic hat (dusk),60000.0,1789602153.0,44551.0,1789654221.0
A bright magical hat.,4109,True,6000.0,70.0,15000.0,9000.0,Mystic hat (light).png,Mystic hat (light),9600.0,1789652643.0,9562.0,1789654325.0
It's a slightly magical stick.,3054,True,18000.0,8.0,45000.0,27000.0,Mystic lava staff.png,Mystic lava staff,27193.0,1789651287.0,26009.0,1789653938.0
It's a slightly more magical stick.,20733,True,17000.0,8.0,42500.0,25500.0,Mystic mist staff.png,Mystic mist staff,66400.0,1789654110.0,58169.0,1789653686.0
It's a slightly magical stick.,6563,True,18000.0,8.0,45000.0,27000.0,Mystic mud staff.png,Mystic mud staff,58142.0,1789654177.0,44113.0,1789627520.0
The lower half of a magical robe.,4093,True,32000.0,125.0,80000.0,48000.0,Mystic robe bottom.png,Mystic robe bottom,47332.0,1789654325.0,47111.0,1789654354.0
The lower half of a dark magical robe.,4103,True,32000.0,70.0,80000.0,48000.0,Mystic robe bottom (dark).png,Mystic robe bottom (dark),70118.0,1789654320.0,62976.0,1789654317.0
The lower half of a dusky magical robe.,23053,True,32000.0,70.0,80000.0,48000.0,Mystic robe bottom (dusk).png,Mystic robe bottom (dusk),86000.0,1789648164.0,81368.0,1789653954.0
The lower half of a bright magical robe.,4113,True,32000.0,70.0,80000.0,48000.0,Mystic robe bottom (light).png,Mystic robe bottom (light),54900.0,1789650878.0,46889.0,1789654399.0
The upper half of a magical robe.,4091,True,48000.0,125.0,120000.0,72000.0,Mystic robe top.png,Mystic robe top,71307.0,1789654333.0,71290.0,1789654426.0
The upper half of a dark magical robe.,4101,True,48000.0,70.0,120000.0,72000.0,Mystic robe top (dark).png,Mystic robe top (dark),74000.0,1789654399.0,71119.0,1789654169.0
The upper half of a dusky magical robe.,23050,True,48000.0,70.0,120000.0,72000.0,Mystic robe top (dusk).png,Mystic robe top (dusk),104267.0,1789650025.0,104267.0,1789654222.0
The upper half of a bright magical robe.,4111,True,48000.0,70.0,120000.0,72000.0,Mystic robe top (light).png,Mystic robe top (light),73666.0,1789646108.0,71037.0,1789654396.0
"A set containing blue mystic hat, robe top and bottom, gloves and boots.",23113,True,94000.0,70.0,235000.0,141000.0,Mystic set (blue).png,Mystic set (blue),146456.0,1789653867.0,140168.0,1789646962.0
"A set containing dark mystic hat, robe top and bottom, gloves and boots.",23116,True,94000.0,70.0,235000.0,141000.0,Mystic set (dark).png,Mystic set (dark),264237.0,1789652805.0,233901.0,1789652651.0
"A set containing dusk mystic hat, robe top and bottom, gloves and boots.",23119,True,94000.0,70.0,235000.0,141000.0,Mystic set (dusk).png,Mystic set (dusk),369986.0,1789650610.0,342012.0,1789633737.0
"A set containing light mystic hat, robe top and bottom, gloves and boots.",23110,True,94000.0,70.0,235000.0,141000.0,Mystic set (light).png,Mystic set (light),156156.0,1789651574.0,145020.0,1789642202.0
It gives a 10% accuracy and damage bonus for spells on the standard spellbook.,12000,True,17000.0,8.0,42500.0,25500.0,Mystic smoke staff.png,Mystic smoke staff,2020298.0,1789653813.0,1965051.0,1789653140.0
It's a slightly magical stick.,11789,True,18000.0,8.0,45000.0,27000.0,Mystic steam staff.png,Mystic steam staff,74999.0,1789654175.0,67033.0,1789624312.0
It's a slightly magical stick.,1403,True,17000.0,18000.0,42500.0,25500.0,Mystic water staff.png,Mystic water staff,25495.0,1789654198.0,24820.0,1789654128.0
The claws from a nail beast.,10937,True,120.0,11000.0,300.0,180.0,Nail beast nails.png,Nail beast nails,805.0,1789654432.0,802.0,1789652447.0
Teleports you to Nardah.,12402,True,4.0,10000.0,10.0,6.0,Nardah teleport.png,Nardah teleport,11354.0,1789652187.0,11201.0,1789654065.0
A sharp horn for such a gentle creature.,31954,True,3200.0,15.0,8000.0,4800.0,Narwhal horn.png,Narwhal horn,17936.0,1789651400.0,16000.0,1789651549.0
A nasturtium seed - plant in a flower patch.,5098,True,4.0,200.0,11.0,6.0,Nasturtium seed 5.png,Nasturtium seed,17.0,1789651922.0,16.0,1789654279.0
A bunch of nasturtiums.,6012,True,1.0,600.0,4.0,2.0,Nasturtiums.png,Nasturtiums,250.0,1789628277.0,275.0,1789654266.0
Nature impling in a jar.,11250,True,20.0,18000.0,50.0,30.0,Nature impling jar.png,Nature impling jar,4456.0,1789652369.0,4456.0,1789654324.0
A sacrifice to nature in the hope of an increase of yield in logs.,28152,True,8.0,,20.0,12.0,Nature offerings.png,Nature offerings,950.0,1789621410.0,950.0,1789590251.0
Used for alchemy spells.,561,False,72.0,18000.0,180.0,108.0,Nature rune.png,Nature rune,140.0,1789654373.0,138.0,1789654295.0
A mysterious power emanates from the talisman...,1462,True,1.0,11000.0,4.0,2.0,Nature talisman.png,Nature talisman,152.0,1789653964.0,151.0,1789654374.0
A tiara infused with the properties of nature.,5541,True,40.0,40.0,100.0,60.0,Nature tiara.png,Nature tiara,11.0,1789654262.0,10.0,1789645540.0
All for one and one for all!,12325,True,80.0,4.0,200.0,120.0,Navy cavalier.png,Navy cavalier,3900.0,1789650475.0,3048.0,1789652755.0
Used to make necklaces.,1597,False,2.0,40.0,5.0,3.0,Necklace mould.png,Necklace mould,268.0,1789653969.0,154.0,1789651321.0
"Toothy, and makes for decent arrowheads in a pinch.",34401,True,20000.0,,50000.0,30000.0,Necklace of Fangs.png,Necklace of Fangs,50215.0,1789654040.0,47760.0,1789653646.0
A deep sense of anguish burns within this powerful necklace.,19547,True,80800.0,8.0,202000.0,121200.0,Necklace of anguish.png,Necklace of anguish,19504472.0,1789653858.0,19332754.0,1789654143.0
Can grant me prayer in an emergency.,21157,True,570.0,10000.0,1425.0,855.0,Necklace of faith.png,Necklace of faith,917.0,1789639655.0,305.0,1789650764.0
This necklace can really take you places.,21146,True,510.0,10000.0,1275.0,765.0,Necklace of passage.png,Necklace of passage(5),1006.0,1789654422.0,1006.0,1789654354.0
The necklace vibrates threateningly when pressed.,33639,True,96800.0,8.0,242000.0,145200.0,Necklace of rupture.png,Necklace of rupture,146600000.0,1789653341.0,143213814.0,1789653968.0
Used with a thread to make clothes.,1733,False,1.0,40.0,1.0,1.0,Needle.png,Needle,200.0,1789654428.0,193.0,1789654267.0
A wooden shield with a rope rim.,10826,True,200.0,70.0,500.0,300.0,Neitiznot shield.png,Neitiznot shield,3500.0,1789654229.0,1567.0,1789651438.0
You can plant this in your garden.,8439,True,4000.0,10000.0,10000.0,6000.0,Nice hedge (bagged).png,Nice hedge (bagged),8604.0,1789628688.0,11687.0,1789594474.0
This needs refining.,31719,True,160.0,,400.0,240.0,Nickel ore.png,Nickel ore,1301.0,1789649404.0,1100.0,1789648994.0
An ancient staff corrupted by darkness.,24422,True,240000.0,8.0,600000.0,360000.0,Nightmare staff.png,Nightmare staff,28756583.0,1789654432.0,28044398.0,1789653769.0
Dust from a crushed magical shard.,26368,True,200.0,11000.0,500.0,300.0,Nihil dust.png,Nihil dust,3287.0,1789625901.0,3099.0,1789626620.0
The horn of a proud nihil.,26372,True,800000.0,,2000000.0,1200000.0,Nihil horn.png,Nihil horn,314000000.0,1789628009.0,313590590.0,1789648241.0
An ancient magical shard.,26231,True,2000.0,30000.0,5000.0,3000.0,Nihil shard.png,Nihil shard,3092.0,1789638764.0,3050.0,1789654385.0
Ninja impling in a jar.,11254,True,20.0,18000.0,50.0,30.0,Ninja impling jar.png,Ninja impling jar,50000.0,1789653083.0,48000.0,1789653951.0
Tied up with a bow.,33851,True,20000.0,,50000.0,30000.0,Noble robe top (black).png,Noble robe top (black),44374.0,1789651612.0,23105.0,1789616104.0
Tied up with a bow.,33839,True,20000.0,,50000.0,30000.0,Noble robe top (blue).png,Noble robe top (blue),555000.0,1789585683.0,48800.0,1789622301.0
Tied up with a bow.,33836,True,20000.0,,50000.0,30000.0,Noble robe top (green).png,Noble robe top (green),48137.0,1789078459.0,50000.0,1789378599.0
Tied up with a bow.,33854,True,20000.0,,50000.0,30000.0,Noble robe top (pink).png,Noble robe top (pink),48909.0,1789530226.0,10000.0,1789591592.0
Tied up with a bow.,33842,True,20000.0,,50000.0,30000.0,Noble robe top (red).png,Noble robe top (red),49053.0,1789378437.0,65734.0,1789461490.0
Tied up with a bow.,33848,True,20000.0,,50000.0,30000.0,Noble robe top (white).png,Noble robe top (white),23892.0,1789642447.0,23001.0,1789599522.0
Tied up with a bow.,33845,True,20000.0,,50000.0,30000.0,Noble robe top (yellow).png,Noble robe top (yellow),47007.0,1789623453.0,50000.0,1789378440.0
A noose on a stick.,10150,True,1.0,40.0,4.0,2.0,Noose wand.png,Noose wand,69.0,1789654331.0,4.0,1789648934.0
Protects me from any bad smells.,4168,True,80.0,70.0,200.0,120.0,Nose peg.png,Nose peg,849.0,1789654335.0,783.0,1789652381.0
Don't eat this.,29098,True,1.0,,1.0,1.0,Not meat.png,Not meat,442.0,1774376975.0,10.0,1774376972.0
A venomous halberd created from the parts of an araxyte.,29796,True,200000.0,8.0,500000.0,300000.0,Noxious halberd.png,Noxious halberd,39843988.0,1789654256.0,39200000.0,1789654312.0
A form of currency on Fossil Island.,21555,True,4.0,30000.0,10.0,6.0,Numulite 5.png,Numulite,44.0,1789653708.0,39.0,1789654207.0
"A pair of Nunchaku, smells of pizza.",19918,True,2400.0,8.0,6000.0,3600.0,Nunchaku.png,Nunchaku,3666.0,1789584853.0,3758.0,1789648371.0
How does it all fit in there?,8504,True,4.0,500.0,10.0,6.0,Oak armchair (flatpack).png,Oak armchair (flatpack),30000.0,1788860883.0,141.0,1789653300.0
How does it all fit in there?,9859,True,4.0,500.0,10.0,6.0,Oak armour case (flatpack).png,Oak armour case (flatpack),20.0,1789605479.0,50000.0,1789139524.0
How does it all fit in there?,8578,True,4.0,500.0,10.0,6.0,Oak bed (flatpack).png,Oak bed (flatpack),38000.0,1789591316.0,10000.0,1789613240.0
How does it all fit in there?,8564,True,4.0,500.0,10.0,6.0,Oak bench (flatpack).png,Oak bench (flatpack),94.0,1789055646.0,50000.0,1788626507.0
Feed and catch the birds by placing this in the right spot.,21515,True,2.0,250.0,5.0,3.0,Oak bird house.png,Oak bird house,797.0,1789646757.0,201.0,1789639171.0
A defensive blackjack.,6410,True,160.0,125.0,400.0,240.0,Oak blackjack(d).png,Oak blackjack(d),182.0,1789646369.0,1193.0,1788582847.0
An offensive blackjack.,6408,True,160.0,125.0,400.0,240.0,Oak blackjack(o).png,Oak blackjack(o),1937.0,1788910976.0,5429.0,1788608258.0
How does it all fit in there?,8512,True,4.0,500.0,10.0,6.0,Oak bookcase (flatpack).png,Oak bookcase (flatpack),11.0,1789156326.0,100.0,1789653288.0
How does it all fit in there?,9843,True,4.0,500.0,10.0,6.0,Oak cape rack (flatpack).png,Oak cape rack (flatpack),30.0,1788309425.0,30.0,1787464657.0
How does it all fit in there?,8502,True,4.0,500.0,10.0,6.0,Oak chair (flatpack).png,Oak chair (flatpack),4979.0,1789550817.0,359.0,1789653305.0
How does it all fit in there?,8590,True,4.0,500.0,10.0,6.0,Oak clock (flatpack).png,Oak clock (flatpack),48999.0,1789061817.0,340.0,1786086197.0
How does it all fit in there?,8550,True,4.0,500.0,10.0,6.0,Oak dining table (flatpack).png,Oak dining table (flatpack),1.0,1789157908.0,1.0,1788060155.0
How does it all fit in there?,8612,True,4.0,500.0,10.0,6.0,Oak drawers (flatpack).png,Oak drawers (flatpack),31.0,1789273134.0,33.0,1780782841.0
How does it all fit in there?,8600,True,4.0,500.0,10.0,6.0,Oak dresser (flatpack).png,Oak dresser (flatpack),104.0,1784277897.0,137.0,1785815206.0
Oak fancy dress box.,9865,True,4.0,500.0,10.0,6.0,Oak fancy dress box (flatpack).png,Oak fancy dress box (flatpack),22.0,1789605570.0,30.0,1789214448.0
Parts for creating an oak hull for a boat.,32044,True,250.0,100.0,625.0,375.0,Oak hull parts.png,Oak hull parts,506.0,1789653874.0,260.0,1789653466.0
How does it all fit in there?,8530,True,4.0,500.0,10.0,6.0,Oak kitchen table (flatpack).png,Oak kitchen table (flatpack),1.0,1788797006.0,17.0,1789557260.0
A pile of Oak tree leaves.,6022,True,1.0,,1.0,1.0,Oak leaves.png,Oak leaves,89.0,1789638774.0,7.0,1789653537.0
Logs cut from an oak tree.,1521,False,8.0,15000.0,20.0,12.0,Oak logs.png,Oak logs,40.0,1789654429.0,40.0,1789654394.0
A nice sturdy bow made out of oak.,845,False,64.0,18000.0,160.0,96.0,Oak longbow.png,Oak longbow,40.0,1789653997.0,40.0,1789654434.0
An unstrung oak longbow; I need a bowstring for this.,56,True,32.0,10000.0,80.0,48.0,Oak longbow (u).png,Oak longbow (u),19.0,1789651992.0,13.0,1789654342.0
How does it all fit in there?,9852,True,4.0,500.0,10.0,6.0,Oak magic wardrobe (flatpack).png,Oak magic wardrobe (flatpack),500.0,1789586580.0,500.0,1789416437.0
A plank of sturdy oak.,8778,True,100.0,13000.0,250.0,150.0,Oak plank.png,Oak plank,542.0,1789654427.0,535.0,1789654421.0
Oak logs prepared with sacred oil for a funeral pyre.,3440,True,16.0,11000.0,40.0,24.0,Oak pyre logs.png,Oak pyre logs,1722.0,1789644558.0,2340.0,1789653966.0
A boat repair kit made from oak.,31967,True,160.0,13000.0,400.0,240.0,Oak repair kit.png,Oak repair kit,193.0,1789652954.0,74.0,1789649805.0
The roots of the Oak tree.,6043,True,1.0,11000.0,1.0,1.0,Oak roots.png,Oak roots,84.0,1789651276.0,76.0,1789654324.0
This sapling is ready to be replanted in a tree patch.,5370,True,1.0,200.0,1.0,1.0,Oak sapling.png,Oak sapling,300.0,1789654329.0,200.0,1789654150.0
How does it all fit in there?,8598,True,4.0,500.0,10.0,6.0,Oak shaving stand (flatpack).png,Oak shaving stand (flatpack),85.0,1779609016.0,493.0,1766885259.0
A solid oaken shield.,22251,True,32.0,18000.0,80.0,48.0,Oak shield.png,Oak shield,63.0,1789650568.0,21.0,1789654353.0
"A shortbow made out of oak, still effective.",843,False,40.0,18000.0,100.0,60.0,Oak shortbow.png,Oak shortbow,35.0,1789654345.0,35.0,1789653722.0
An unstrung oak shortbow; I need a bowstring for this.,54,True,20.0,10000.0,50.0,30.0,Oak shortbow (u).png,Oak shortbow (u),14.0,1789654418.0,10.0,1789649517.0
An oak crossbow stock.,9442,True,10.0,10000.0,27.0,16.0,Oak stock.png,Oak stock,11.0,1789612020.0,11.0,1789633904.0
How does it all fit in there?,9849,True,4.0,500.0,10.0,6.0,Oak toy box (flatpack).png,Oak toy box (flatpack),16.0,1789339779.0,21.0,1789291557.0
How does it all fit in there?,9862,True,4.0,500.0,10.0,6.0,Oak treasure chest (flatpack).png,Oak treasure chest (flatpack),1000.0,1788039984.0,45.0,1789601071.0
How does it all fit in there?,8614,True,4.0,500.0,10.0,6.0,Oak wardrobe (flatpack).png,Oak wardrobe (flatpack),1.0,1789271548.0,69.0,1787762890.0
"A set containing a Oathplate helm, Oathplate chest, and Oathplate legs.",30744,True,58000.0,,145000.0,87000.0,Oathplate armour set.png,Oathplate armour set,247998000.0,1789653299.0,242331512.0,1789652015.0
A chestplate forged from infernal metal.,30753,True,240000.0,,600000.0,360000.0,Oathplate chest.png,Oathplate chest,81894965.0,1789653518.0,80922089.0,1789653976.0
A helm forged from infernal metal.,30750,True,80000.0,,200000.0,120000.0,Oathplate helm.png,Oathplate helm,82126976.0,1789651748.0,81618770.0,1789654119.0
Platelegs forged from infernal metal.,30756,True,160000.0,,400000.0,240000.0,Oathplate legs.png,Oathplate legs,82500000.0,1789651661.0,81961274.0,1789654060.0
A strange metal from a distant realm. It has long since lost its luster.,30765,True,400.0,,1000.0,600.0,Oathplate shards 5.png,Oathplate shards,167000.0,1789646060.0,167000.0,1789654270.0
"A set containing an Obsidian helmet, platebody and platelegs.",21279,True,50400.0,5.0,126000.0,75600.0,Obsidian armour set.png,Obsidian armour set,2966554.0,1789654152.0,2951000.0,1789653650.0
A cape of woven obsidian plates.,6568,True,24000.0,70.0,60000.0,36000.0,Obsidian cape.png,Obsidian cape,457698.0,1789653745.0,455915.0,1789654087.0
A cape of woven obsidian plates.,20050,True,24000.0,70.0,60000.0,36000.0,Obsidian cape (r).png,Obsidian cape (r),378042.0,1789653915.0,366601.0,1789653873.0
Provides excellent protection.,21298,True,22528.0,70.0,56320.0,33792.0,Obsidian helmet.png,Obsidian helmet,704787.0,1789653997.0,688000.0,1789653451.0
Provides excellent protection.,21301,True,33600.0,70.0,84000.0,50400.0,Obsidian platebody.png,Obsidian platebody,1170000.0,1789654108.0,1166000.0,1789653784.0
Provides excellent protection.,21304,True,26800.0,70.0,67000.0,40200.0,Obsidian platelegs.png,Obsidian platelegs,1003393.0,1789654332.0,975606.0,1789654021.0
A smokey evil embodies this amulet.,12002,True,18000.0,8.0,45000.0,27000.0,Occult necklace.png,Occult necklace,480000.0,1789654343.0,472101.0,1789654407.0
Use on an occult necklace to make it look fancier!,20065,True,2000.0,4.0,5000.0,3000.0,Occult ornament kit.png,Occult ornament kit,2509403.0,1789653443.0,2420332.0,1789654303.0
A muddy yellow snail shell helmet.,3331,True,120.0,150.0,300.0,180.0,Ochre snelm.png,Ochre snelm,40.0,1789418506.0,67.0,1789641897.0
A broken shield piece.,11928,True,12400.0,10000.0,31000.0,18600.0,Odium shard 1.png,Odium shard 1,1949000.0,1789641133.0,1901119.0,1789651441.0
A broken shield piece.,11929,True,12400.0,10000.0,31000.0,18600.0,Odium shard 2.png,Odium shard 2,500000.0,1789641013.0,498250.0,1789652500.0
A broken shield piece.,11930,True,12400.0,10000.0,31000.0,18600.0,Odium shard 3.png,Odium shard 3,300000.0,1789485786.0,294000.0,1789653791.0
"An ancient, evil shield forged by Volcanic heat.",11926,True,18000.0,8.0,45000.0,27000.0,Odium ward.png,Odium ward,3020000.0,1789653832.0,2955517.0,1789654301.0
A large ogre arrow with a bone tip.,2866,True,10.0,7000.0,25.0,15.0,Ogre arrow 5.png,Ogre arrow,140.0,1789654280.0,138.0,1789653922.0
A wooden arrow shaft.,2864,True,1.0,7000.0,1.0,1.0,Ogre arrow shaft 5.png,Ogre arrow shaft,100.0,1789653052.0,94.0,1789636809.0
A key which opens coffins! (Opens the locked coffins in the cave at Jiggig).,4850,True,40.0,3000.0,100.0,60.0,Ogre coffin key.png,Ogre coffin key,1094.0,1789651130.0,1000.0,1789629585.0
Not the genie sort.,4522,True,11.0,40.0,28.0,16.0,Oil lamp.png,Oil lamp,1223.0,1789650285.0,305.0,1789647001.0
An unlit oil lantern.,4537,True,50.0,40.0,125.0,75.0,Oil lantern.png,Oil lantern,50.0,1789654280.0,7.0,1789632821.0
Add the glass to complete.,4540,True,36.0,10000.0,90.0,54.0,Oil lantern frame.png,Oil lantern frame,13.0,1789638161.0,100.0,1789340622.0
Lost in time.,20029,True,1600.0,4.0,4000.0,2400.0,Old demon mask.png,Old demon mask,16684.0,1789651888.0,16684.0,1789650078.0
This bond can be redeemed for membership.,13190,False,,100.0,2000000.0,,Old school bond.png,Old school bond,12369997.0,1789654433.0,12000000.0,1789654429.0
1 dose of olive oil.,3428,True,5.0,10000.0,14.0,8.0,Olive oil(1).png,Olive oil(1),360.0,1789633319.0,20.0,1789517430.0
2 doses of olive oil.,3426,True,6.0,10000.0,17.0,10.0,Olive oil(2).png,Olive oil(2),54.0,1788715926.0,1.0,1788504247.0
3 doses of olive oil.,3424,True,8.0,10000.0,20.0,12.0,Olive oil(3).png,Olive oil(3),10.0,1789395787.0,75.0,1789266601.0
4 doses of olive oil.,3422,True,8.0,10000.0,22.0,13.0,Olive oil(4).png,Olive oil(4),63.0,1789654304.0,60.0,1789647193.0
A strong smelling onion.,1957,False,1.0,13000.0,3.0,1.0,Onion.png,Onion,24.0,1789654418.0,25.0,1789652092.0
A mixture of chopped onions and tomatoes in a bowl.,1875,True,2.0,11000.0,5.0,3.0,Onion & tomato.png,Onion & tomato,9999.0,1789597384.0,17.0,1781714636.0
An onion seed - plant in an allotment.,5319,True,1.0,600.0,3.0,1.0,Onion seed 5.png,Onion seed,1.0,1789653912.0,8.0,1789651831.0
There are 10 onions in this sack.,5458,True,1.0,600.0,1.0,1.0,Onions(10).png,Onions(10),1099.0,1789653994.0,1120.0,1789649578.0
This looks valuable.,6573,True,80000.0,11000.0,200000.0,120000.0,Onyx.png,Onyx,2756168.0,1789645621.0,2755276.0,1789652659.0
I wonder if I can get this enchanted.,6581,True,80400.0,10000.0,201000.0,120600.0,Onyx amulet.png,Onyx amulet,2665329.0,1787589074.0,2700000.0,1789084767.0
It needs a string so I can wear it.,6579,True,80400.0,10000.0,201000.0,120600.0,Onyx amulet (u).png,Onyx amulet (u),916695.0,1775871906.0,2350000.0,1780635296.0
Onyx bolt tips.,9194,True,400.0,11000.0,1000.0,600.0,Onyx bolt tips 5.png,Onyx bolt tips,8144.0,1789654330.0,8144.0,1789654402.0
Onyx tipped Runite crossbow bolts.,9342,True,5453.0,11000.0,13633.0,8179.0,Onyx bolts 5.png,Onyx bolts,8400.0,1789653451.0,8251.0,1789654396.0
Enchanted Onyx tipped Runite Crossbow Bolts.,9245,True,6000.0,11000.0,15000.0,9000.0,Onyx bolts (e) 5.png,Onyx bolts (e),8542.0,1789653188.0,8500.0,1789654355.0
"Yep, this is most definitely valuable!",11130,True,80400.0,10000.0,201000.0,120600.0,Onyx bracelet.png,Onyx bracelet,2750000.0,1786740867.0,2473261.0,1787693593.0
"Dragon crossbow bolts, tipped with onyx.",21973,True,5560.0,11000.0,13900.0,8340.0,Onyx dragon bolts 5.png,Onyx dragon bolts,10750.0,1789647326.0,10215.0,1789650181.0
"Enchanted Dragon crossbow bolts, tipped with onyx.",21950,True,6320.0,11000.0,15800.0,9480.0,Onyx dragon bolts (e) 5.png,Onyx dragon bolts (e),9643.0,1789648064.0,9247.0,1789653807.0
I wonder if this is valuable.,6577,True,80400.0,10000.0,201000.0,120600.0,Onyx necklace.png,Onyx necklace,2425551.0,1785674335.0,2546828.0,1789500920.0
A valuable ring.,6575,True,80400.0,10000.0,201000.0,120600.0,Onyx ring.png,Onyx ring,1797324.0,1788921474.0,1450000.0,1789312097.0
A semi precious stone.,1609,True,40.0,13000.0,100.0,60.0,Opal.png,Opal,247.0,1789654414.0,210.0,1789653848.0
I wonder if I can get this enchanted.,21108,True,360.0,10000.0,900.0,540.0,Opal amulet.png,Opal amulet,525.0,1789626850.0,251.0,1789637656.0
It needs a string so I can wear it.,21099,True,360.0,10000.0,900.0,540.0,Opal amulet (u).png,Opal amulet (u),308.0,1789508035.0,300.0,1789503824.0
Opal bolt tips.,45,True,2.0,11000.0,7.0,4.0,Opal bolt tips 5.png,Opal bolt tips,26.0,1789653048.0,26.0,1789652969.0
Opal tipped Bronze crossbow bolts.,879,True,2.0,11000.0,7.0,4.0,Opal bolts 5.png,Opal bolts,17.0,1789618308.0,24.0,1789604426.0
Enchanted Opal tipped Bronze Crossbow Bolts.,9236,True,2.0,11000.0,7.0,4.0,Opal bolts (e) 5.png,Opal bolts (e),33.0,1789604165.0,15.0,1789646868.0
I wonder if this is valuable.,21117,True,460.0,10000.0,1150.0,690.0,Opal bracelet.png,Opal bracelet,750.0,1789652778.0,1045.0,1789651164.0
"Dragon crossbow bolts, tipped with opal.",21955,True,220.0,11000.0,550.0,330.0,Opal dragon bolts 5.png,Opal dragon bolts,2991.0,1789646174.0,2729.0,1789651706.0
"Enchanted Dragon crossbow bolts, tipped with opal.",21932,True,232.0,11000.0,580.0,348.0,Opal dragon bolts (e) 5.png,Opal dragon bolts (e),2874.0,1789654408.0,2809.0,1789654335.0
A jungle specific slashing device.,6313,True,200.0,15.0,500.0,300.0,Opal machete.png,Opal machete,1490.0,1789649790.0,932.0,1789652710.0
I wonder if this is valuable.,21090,True,420.0,10000.0,1050.0,630.0,Opal necklace.png,Opal necklace,1072.0,1789653443.0,1072.0,1789651479.0
A valuable ring.,21081,True,420.0,10000.0,1050.0,630.0,Opal ring.png,Opal ring,738.0,1789653309.0,894.0,1789653046.0
How does it all fit in there?,8560,True,4.0,500.0,10.0,6.0,Opulent table (flatpack).png,Opulent table (flatpack),2000000.0,1773090507.0,100000.0,1788145108.0
A fresh orange.,2108,True,1.0,13000.0,2.0,1.0,Orange.png,Orange,182.0,1789653884.0,140.0,1789652919.0
Stylish!,7321,True,90.0,4.0,225.0,135.0,Orange boater.png,Orange boater,1896.0,1789642734.0,1501.0,1789654138.0
A thick orange cape.,1031,False,12.0,150.0,32.0,19.0,Orange cape.png,Orange cape,461.0,1789654280.0,405.0,1789638213.0
Fresh chunks of orange.,2110,True,1.0,13000.0,2.0,1.0,Orange chunks.png,Orange chunks,500.0,1789649472.0,100.0,1789511119.0
A little bottle of orange dye.,1769,False,2.0,150.0,5.0,3.0,Orange dye.png,Orange dye,895.0,1789654385.0,895.0,1789647746.0
A fairly plain feather.,10091,True,6.0,8000.0,15.0,9.0,Orange feather.png,Orange feather,16.0,1789641711.0,11.0,1789654388.0
A posy of flowers.,2470,True,40.0,150.0,100.0,60.0,Orange flowers.png,Orange flowers,71.0,1789621083.0,70.0,1789624693.0
Slightly slimy but kind of cute.,10146,True,40.0,125.0,100.0,60.0,Orange salamander.png,Orange salamander,176.0,1789653665.0,170.0,1789654293.0
This sapling is ready to be replanted in a fruit tree patch.,5498,True,1.0,200.0,1.0,1.0,Orange sapling.png,Orange sapling,98.0,1789654226.0,94.0,1789649088.0
Fresh orange slices.,2112,True,1.0,13000.0,2.0,1.0,Orange slices.png,Orange slices,333.0,1789654429.0,334.0,1789533913.0
Plant in a plantpot of soil to grow a sapling.,5285,True,12.0,200.0,31.0,18.0,Orange tree seed 5.png,Orange tree seed,33.0,1789650742.0,55.0,1789654342.0
A fruit basket filled with oranges.,5396,True,1.0,600.0,1.0,1.0,Oranges(5).png,Oranges(5),1752.0,1789654045.0,1844.0,1789653351.0
Unrefined dragon metal.,33657,True,68000.0,,170000.0,102000.0,Orikalkum gravel.png,Orikalkum gravel,101409.0,1789653653.0,101400.0,1789654139.0
This handle can be applied to the granite maul.,24229,True,2000.0,50.0,5000.0,3000.0,Ornate maul handle.png,Ornate maul handle,709524.0,1789654330.0,695000.0,1789654395.0
A deadly sword created long ago.,26219,True,400000.0,8.0,1000000.0,600000.0,Osmumten's fang.png,Osmumten's fang,17500000.0,1789654180.0,17100000.0,1789653926.0
A teleport to the Ourania cave.,24951,True,1.0,10000.0,1.0,1.0,Ourania teleport (tablet).png,Ourania teleport (tablet),1100.0,1789654194.0,1086.0,1789639279.0
Ancient ogre bones from the ogre burial tomb.,4834,True,1.0,7500.0,1.0,1.0,Ourg bones.png,Ourg bones,41232.0,1789652798.0,41232.0,1789653226.0
Maybe there are pearls inside?,407,True,80.0,11000.0,200.0,120.0,Oyster.png,Oyster,127.0,1789648612.0,43.0,1789652051.0
I could work wonders with a chisel on this pearl.,411,True,44.0,11000.0,112.0,67.0,Oyster pearl.png,Oyster pearl,40.0,1789644179.0,40.0,1789653903.0
I could work wonders with a chisel on these pearls.,413,True,560.0,11000.0,1400.0,840.0,Oyster pearls.png,Oyster pearls,555.0,1789654087.0,550.0,1789654317.0
A teleport to Paddewwa.,12781,True,1.0,10000.0,1.0,1.0,Paddewwa teleport (tablet).png,Paddewwa teleport (tablet),241.0,1789653661.0,228.0,1789646822.0
This sapling is ready to be replanted in a fruit tree patch.,5502,True,1.0,200.0,1.0,1.0,Palm sapling.png,Palm sapling,17490.0,1789654417.0,16890.0,1789653733.0
Plant in a plantpot of soil to grow a sapling.,5289,True,101.0,200.0,254.0,152.0,Palm tree seed 5.png,Palm tree seed,16699.0,1789652356.0,16300.0,1789654271.0
"Alas, someone has slashed my pantaloons.",10396,True,800.0,4.0,2000.0,1200.0,Pantaloons.png,Pantaloons,1386.0,1789579599.0,1401.0,1789637603.0
Looks delicious.,5972,True,25.0,11000.0,64.0,38.0,Papaya fruit.png,Papaya fruit,1678.0,1789654415.0,1617.0,1789654376.0
This sapling is ready to be replanted in a fruit tree patch.,5501,True,1.0,200.0,1.0,1.0,Papaya sapling.png,Papaya sapling,2193.0,1789654233.0,2135.0,1789654434.0
Plant in a plantpot of soil to grow a sapling.,5288,True,46.0,200.0,115.0,69.0,Papaya tree seed 5.png,Papaya tree seed,1200.0,1789648341.0,1193.0,1789654362.0
Used for making notes.,970,True,4.0,13000.0,10.0,6.0,Papyrus.png,Papyrus,115.0,1789654336.0,13.0,1789649820.0
I have the sudden urge to rob the bank...,12399,True,720.0,4.0,1800.0,1080.0,Partyhat & specs.png,Partyhat & specs,481054.0,1789647067.0,465057.0,1789634911.0
"A set containing red, yellow, blue, purple, green and white partyhats.",13173,False,4.0,5.0,10.0,6.0,Partyhat set.png,Partyhat set,113675.0,1789652846.0,112449.0,1789651146.0
Potentially pastry.,1953,False,1.0,13000.0,1.0,1.0,Pastry dough.png,Pastry dough,161.0,1789645127.0,160.0,1789653465.0
A pat of freshly churned butter.,6697,True,1.0,11000.0,4.0,2.0,Pat of butter.png,Pat of butter,47.0,1789615025.0,28.0,1789630947.0
"Life and death, old and new, day and night. Balance is the key to all.",20226,True,32.0,5.0,80.0,48.0,Peaceful blessing.png,Peaceful blessing,3716.0,1789654012.0,2087.0,1789653699.0
Pearl bolt tips.,46,True,4.0,11000.0,12.0,7.0,Pearl bolt tips 5.png,Pearl bolt tips,7.0,1789653297.0,8.0,1789650358.0
Pearl tipped Iron crossbow bolts.,880,True,5.0,11000.0,13.0,7.0,Pearl bolts 5.png,Pearl bolts,35.0,1789650546.0,29.0,1789629673.0
Enchanted Pearl tipped Iron Crossbow Bolts.,9238,True,6.0,11000.0,15.0,9.0,Pearl bolts (e) 5.png,Pearl bolts (e),10.0,1789650882.0,7.0,1789622165.0
"Dragon crossbow bolts, tipped with pearl.",21959,True,260.0,11000.0,650.0,390.0,Pearl dragon bolts 5.png,Pearl dragon bolts,2589.0,1789623350.0,300.0,1789623328.0
"Enchanted Dragon crossbow bolts, tipped with pearl.",21936,True,272.0,11000.0,680.0,408.0,Pearl dragon bolts (e) 5.png,Pearl dragon bolts (e),1620.0,1789649695.0,1025.0,1789640620.0
A pair of upgraded ranger boots.,13237,True,30000.0,15.0,75000.0,45000.0,Pegasian boots.png,Pegasian boots,38137244.0,1789653705.0,37294954.0,1789653785.0
A powerful crystal of flight.,13229,True,18000.0,15.0,45000.0,27000.0,Pegasian crystal.png,Pegasian crystal,80000.0,1789654160.0,99978.0,1789643374.0
Thankfully this doesn't reset every week.,12428,True,480.0,4.0,1200.0,720.0,Penguin mask.png,Penguin mask,24233.0,1789650363.0,22222.0,1789653091.0
A perfected blueprint for a quetzal whistle.,29256,True,3000.0,50.0,7500.0,4500.0,Perfected quetzal whistle blueprint.png,Perfected quetzal whistle blueprint,36000.0,1789651994.0,32347.0,1789652900.0
Teleports you to Pest control.,12407,True,4.0,10000.0,10.0,6.0,Pest control teleport.png,Pest control teleport,360.0,1789653187.0,304.0,1789653967.0
I can grind things for potions in this.,233,True,1.0,40.0,4.0,2.0,Pestle and mortar.png,Pestle and mortar,291.0,1789654117.0,250.0,1789653654.0
This sceptre has no remaining charges.,26945,True,33333.0,,83334.0,50000.0,Pharaoh's sceptre (uncharged).png,Pharaoh's sceptre (uncharged),9094638.0,1789654256.0,8360491.0,1789653851.0
"In case of emergency, wear necklace.",11090,True,1620.0,10000.0,4050.0,2430.0,Phoenix necklace.png,Phoenix necklace,2279.0,1789654317.0,2259.0,1789654217.0
The remains of a deadly shade.,3398,True,1.0,7500.0,1.0,1.0,Phrin remains.png,Phrin remains,6000.0,1789651863.0,3503.0,1789648384.0
Deceptively pie shaped.,2313,False,1.0,500.0,3.0,1.0,Pie dish.png,Pie dish,25.0,1789646340.0,40.0,1789654242.0
Lots of pie recipes for me to try.,7162,True,2.0,15.0,5.0,3.0,Pie recipe book.png,Pie recipe book,500.0,1789602287.0,300.0,1789520576.0
I need to find a filling for this pie.,2315,False,1.0,13000.0,4.0,2.0,Pie shell.png,Pie shell,300.0,1789651998.0,287.0,1789654360.0
Some nicely cooked pike.,351,False,8.0,6000.0,20.0,12.0,Pike.png,Pike,47.0,1789654246.0,45.0,1789650614.0
A little heap of salt.,4689,True,8.0,15.0,20.0,12.0,Pile of salt.png,Pile of salt,416.0,1789276696.0,717.0,1789635743.0
A real community of the pillar.,31484,True,41.0,13000.0,104.0,62.0,Pillar coral.png,Pillar coral,2200.0,1789653077.0,2100.0,1789648010.0
This can be propagated in a coral nursery.,31513,True,20.0,600.0,52.0,31.0,Pillar frag.png,Pillar frag,384.0,1789647887.0,160.0,1789651250.0
I need another ingredient to finish this Pillar potion.,31665,True,10.0,,25.0,15.0,Pillar potion (unf).png,Pillar potion (unf),2562.0,1789648713.0,2555.0,1789649718.0
It can be cut up into something more manageable with a knife.,2114,True,1.0,13000.0,2.0,1.0,Pineapple.png,Pineapple,166.0,1789654240.0,155.0,1789653825.0
Fresh chunks of pineapple.,2116,True,1.0,13000.0,1.0,1.0,Pineapple chunks.png,Pineapple chunks,570.0,1789653650.0,76.0,1789618318.0
A tropicana pizza.,2301,True,40.0,10000.0,100.0,60.0,Pineapple pizza.png,Pineapple pizza,899.0,1789654352.0,856.0,1789654140.0
A fresh healthy fruit mix.,2048,True,12.0,2000.0,30.0,18.0,Pineapple punch.png,Pineapple punch,7435.0,1789643631.0,3600.0,1789650546.0
Exotic fruit.,2118,True,1.0,13000.0,1.0,1.0,Pineapple ring.png,Pineapple ring,144.0,1789639562.0,115.0,1789651444.0
This sapling is ready to be replanted in a fruit tree patch.,5500,True,1.0,200.0,1.0,1.0,Pineapple sapling.png,Pineapple sapling,396.0,1789654381.0,160.0,1789653245.0
Plant in a plantpot of soil to grow a sapling.,5287,True,29.0,200.0,74.0,44.0,Pineapple seed 5.png,Pineapple seed,70.0,1789653941.0,66.0,1789654286.0
Stylish!,12309,True,90.0,4.0,225.0,135.0,Pink boater.png,Pink boater,3643.0,1789648955.0,4980.0,1789652902.0
"They're soft, silky and pink.",626,True,80.0,150.0,200.0,120.0,Pink boots.png,Pink boots,66872.0,1789608768.0,1208.0,1789646679.0
It's a bit pink.,6959,True,1.0,150.0,1.0,1.0,Pink cape.png,Pink cape,1362.0,1789633906.0,1587.0,1789605274.0
A well made elegant ladies' pink blouse.,12339,True,800.0,4.0,2000.0,1200.0,Pink elegant blouse.png,Pink elegant blouse,6000.0,1789608659.0,1628.0,1789646674.0
A rather elegant pair of men's pink pantaloons.,12317,True,800.0,4.0,2000.0,1200.0,Pink elegant legs.png,Pink elegant legs,1979.0,1789431102.0,2655.0,1789650634.0
A well made elegant men's pink shirt.,12315,True,800.0,4.0,2000.0,1200.0,Pink elegant shirt.png,Pink elegant shirt,3500.0,1789520270.0,2250.0,1789648401.0
A rather elegant pink skirt.,12341,True,800.0,4.0,2000.0,1200.0,Pink elegant skirt.png,Pink elegant skirt,2953.0,1789618086.0,3000.0,1789647711.0
A silly pink pointed hat.,656,True,64.0,150.0,160.0,96.0,Pink hat.png,Pink hat,450.0,1789646661.0,400.0,1789647391.0
A minimalist's hat.,12305,True,16.0,4.0,40.0,24.0,Pink headband.png,Pink headband,10000.0,1789650769.0,1000.0,1789650542.0
Made by Tree Gnomes with a thing for pink.,646,True,72.0,150.0,180.0,108.0,Pink robe bottoms.png,Pink robe bottoms,266.0,1789633433.0,5000.0,1788904038.0
"The ultimate in gnome design, now in pink!",636,True,72.0,150.0,180.0,108.0,Pink robe top.png,Pink robe top,754.0,1789652332.0,14.0,1789653446.0
A ladies skirt.,1013,False,1.0,150.0,2.0,1.0,Pink skirt.png,Pink skirt,575.0,1789654192.0,193.0,1789654285.0
Essential pirate wear.,7130,True,40.0,150.0,100.0,60.0,Pirate bandana (blue).png,Pirate bandana (blue),106.0,1789527339.0,218.0,1789642462.0
Essential pirate wear.,7136,True,40.0,150.0,100.0,60.0,Pirate bandana (brown).png,Pirate bandana (brown),645.0,1789643802.0,545.0,1789641506.0
Essential pirate wear.,7124,True,40.0,150.0,100.0,60.0,Pirate bandana (red).png,Pirate bandana (red),37.0,1789651467.0,114.0,1788895982.0
Essential pirate wear.,7112,True,40.0,150.0,100.0,60.0,Pirate bandana (white).png,Pirate bandana (white),200.0,1789654006.0,200.0,1789632042.0
Not for land lubbers.,7114,True,140.0,150.0,350.0,210.0,Pirate boots.png,Pirate boots,1153.0,1789651676.0,902.0,1789654196.0
All I need now is a parrot.,12412,True,1200.0,150.0,3000.0,1800.0,Pirate hat & patch.png,Pirate hat & patch,171112.0,1789653615.0,135000.0,1789642757.0
A sea worthy pair of trousers.,7116,True,140.0,150.0,350.0,210.0,Pirate leggings (beige).png,Pirate leggings (beige),1.0,1789628369.0,5.0,1789033339.0
A sea worthy pair of trousers.,7132,True,140.0,150.0,350.0,210.0,Pirate leggings (blue).png,Pirate leggings (blue),73.0,1789621540.0,221.0,1789113216.0
A sea worthy pair of trousers.,7138,True,140.0,150.0,350.0,210.0,Pirate leggings (brown).png,Pirate leggings (brown),124.0,1789616169.0,186.0,1783548555.0
A sea worthy pair of trousers.,7126,True,140.0,150.0,350.0,210.0,Pirate leggings (red).png,Pirate leggings (red),200.0,1789633635.0,10.0,1789651268.0
Shiver me timbers!,2651,True,72.0,4.0,180.0,108.0,Pirate's hat.png,Pirate's hat,46036.0,1789649187.0,32000.0,1789652840.0
You should see the shark...,2997,True,35.0,4.0,89.0,53.0,Pirate's hook.png,Pirate's hook,1000000.0,1789637141.0,910077.0,1789653412.0
A stained glass banner displaying the sigil of house Piscarilius.,20260,True,28.0,4.0,70.0,42.0,Piscarilius banner.png,Piscarilius banner,11000.0,1789646548.0,9051.0,1789653123.0
A rare hood from Piscarilius.,20122,True,1.0,4.0,1.0,1.0,Piscarilius hood.png,Piscarilius hood,30000.0,1789613044.0,3129.0,1789651084.0
A blue scarf adorned with a sea shell.,19952,True,4000.0,4.0,10000.0,6000.0,Piscarilius scarf.png,Piscarilius scarf,5689.0,1789614245.0,5000.0,1789643800.0
Teleports you to Piscatoris.,12408,True,4.0,10000.0,10.0,6.0,Piscatoris teleport.png,Piscatoris teleport,3086.0,1789654316.0,3086.0,1789654176.0
Official explorer headgear!,12516,True,344.0,4.0,860.0,516.0,Pith helmet.png,Pith helmet,2572.0,1789650713.0,3000.0,1789651410.0
Nicely baked pitta bread. Needs more ingredients to make a kebab.,1865,True,4.0,11000.0,10.0,6.0,Pitta bread.png,Pitta bread,80.0,1789068215.0,95.0,1789610150.0
I need to add some tomato next.,2283,False,1.0,11000.0,4.0,2.0,Pizza base.png,Pizza base,142.0,1789653769.0,115.0,1789653773.0
A cheese and tomato pizza.,2289,False,16.0,10000.0,40.0,24.0,Plain pizza.png,Plain pizza,532.0,1789654028.0,511.0,1789653874.0
A plank of wood!,960,False,1.0,13000.0,1.0,1.0,Plank.png,Plank,147.0,1789654430.0,140.0,1789654331.0
Use this on plants to cure disease.,6036,True,16.0,2000.0,40.0,24.0,Plant cure.png,Plant cure,175.0,1789653999.0,177.0,1789640011.0
A red and black pointed snail shell helmet.,3339,True,120.0,150.0,300.0,180.0,Pointed blood'n'tar snelm.png,Pointed blood'n'tar snelm,992.0,1789640087.0,1.0,1789540677.0
A moody blue pointed snail shell helmet.,3343,True,120.0,150.0,300.0,180.0,Pointed bruise blue snelm.png,Pointed bruise blue snelm,3343.0,1789652044.0,3343.0,1789653572.0
A swamp coloured pointed snail shell helmet.,3337,True,120.0,150.0,300.0,180.0,Pointed myre snelm.png,Pointed myre snelm,140.0,1789603008.0,35.0,1789604016.0
A muddy yellow coloured pointed snail shell helmet.,3341,True,120.0,150.0,300.0,180.0,Pointed ochre snelm.png,Pointed ochre snelm,480.0,1789542884.0,40.0,1789610904.0
This stuff looks nasty.,273,False,1.0,15.0,1.0,1.0,Poison (item).png,Poison (item),1000.0,1789652111.0,666.0,1789650619.0
A cup of a strange brew...,197,True,8.0,2000.0,20.0,12.0,Poison chalice.png,Poison chalice,1533.0,1789650815.0,697.0,1789653238.0
"They look sweet and juicy, but only a fool would eat them.",6018,True,26.0,11000.0,65.0,39.0,Poison ivy berries.png,Poison ivy berries,203.0,1789653473.0,213.0,1789653932.0
A poison ivy bush seed - plant in a bush patch.,5106,True,66.0,200.0,166.0,99.0,Poison ivy seed 5.png,Poison ivy seed,35.0,1789650053.0,20.0,1789654214.0
These should make me harder to spot in polar areas.,10067,True,8.0,,20.0,12.0,Polar camo legs.png,Polar camo legs,14150.0,1789654388.0,14580.0,1789642952.0
This should make me harder to spot in polar areas.,10065,True,8.0,,20.0,12.0,Polar camo top.png,Polar camo top,14498.0,1789654405.0,9704.0,1789652904.0
A thick fur for a cold climate.,10117,True,4.0,100.0,10.0,6.0,Polar kebbit fur.png,Polar kebbit fur,2549.0,1789608481.0,2610.0,1789626856.0
Shiny!,10496,True,1.0,15.0,1.0,1.0,Polished buttons.png,Polished buttons,775.0,1789654189.0,897.0,1789647892.0
This pot is empty.,1931,False,1.0,13000.0,1.0,1.0,Pot.png,Pot,28.0,1789654430.0,20.0,1789654264.0
This should fit on a normal-sized pot.,4440,True,6.0,15.0,15.0,9.0,Pot lid.png,Pot lid,600.0,1789654336.0,509.0,1789647049.0
It's cornflour in a pot.,7468,True,4.0,15.0,10.0,6.0,Pot of cornflour.png,Pot of cornflour,1740.0,1789653645.0,1739.0,1789640467.0
Fresh cream.,2130,True,1.0,13000.0,2.0,1.0,Pot of cream.png,Pot of cream,30.0,1789654381.0,30.0,1789648633.0
There is flour in this pot.,1933,False,4.0,13000.0,10.0,6.0,Pot of flour.png,Pot of flour,93.0,1789654417.0,101.0,1789652640.0
This could be used to make a good stew.,1942,False,1.0,13000.0,1.0,1.0,Potato.png,Potato,21.0,1789654407.0,21.0,1789652710.0
How am I supposed to eat that?!,3138,True,1.0,11000.0,1.0,1.0,Potato cactus.png,Potato cactus,68.0,1789654030.0,65.0,1789654150.0
A Potato cactus seed - plant in a cactus patch.,22873,True,56.0,200.0,140.0,84.0,Potato cactus seed 5.png,Potato cactus seed,11.0,1789653878.0,16.0,1789654339.0
A potato seed - plant in an allotment.,5318,True,1.0,600.0,2.0,1.0,Potato seed 5.png,Potato seed,3.0,1789654091.0,3.0,1789654220.0
A baked potato with butter.,6703,True,3.0,13000.0,8.0,4.0,Potato with butter.png,Potato with butter,443.0,1789613426.0,430.0,1789616027.0
A baked potato with butter and cheese.,6705,True,3.0,13000.0,8.0,4.0,Potato with cheese.png,Potato with cheese,309.0,1789653512.0,309.0,1789653454.0
There are 10 potatoes in this sack.,5438,True,1.0,600.0,1.0,1.0,Potatoes(10).png,Potatoes(10),999.0,1789654152.0,999.0,1789649583.0
Little ornament in the shape of a scarab.,9032,True,4.0,13000.0,10.0,6.0,Pottery scarab.png,Pottery scarab,120.0,1789647753.0,96.0,1789654393.0
A small statuette.,9036,True,4.0,13000.0,10.0,6.0,Pottery statuette.png,Pottery statuette,540.0,1789647764.0,90.0,1789654345.0
One dose of fishy Prayer potion.,11467,True,30.0,2000.0,76.0,45.0,Prayer mix(1).png,Prayer mix(1),1671.0,1789480807.0,2084.0,1789645765.0
Two doses of fishy Prayer potion.,11465,True,45.0,2000.0,114.0,68.0,Prayer mix(2).png,Prayer mix(2),4110.0,1789055695.0,6000.0,1789654219.0
1 dose of Prayer restore potion.,143,True,30.0,2000.0,76.0,45.0,Prayer potion(1).png,Prayer potion(1),2483.0,1789652102.0,2372.0,1789653820.0
2 doses of Prayer restore potion.,141,True,45.0,2000.0,114.0,68.0,Prayer potion(2).png,Prayer potion(2),4973.0,1789652093.0,4636.0,1789654430.0
3 doses of Prayer restore potion.,139,True,60.0,2000.0,152.0,91.0,Prayer potion(3).png,Prayer potion(3),7130.0,1789654297.0,7105.0,1789654412.0
4 doses of Prayer restore potion.,2434,True,76.0,2000.0,190.0,114.0,Prayer potion(4).png,Prayer potion(4),9688.0,1789654415.0,9519.0,1789654403.0
1 dose of Prayer Regeneration potion.,30134,True,60.0,2000.0,150.0,90.0,Prayer regeneration potion(1).png,Prayer regeneration potion(1),18791.0,1789652976.0,17276.0,1789654384.0
2 doses of Prayer Regeneration potion.,30131,True,80.0,2000.0,200.0,120.0,Prayer regeneration potion(2).png,Prayer regeneration potion(2),34000.0,1789626091.0,33000.0,1789651142.0
3 doses of Prayer Regeneration potion.,30128,True,100.0,2000.0,250.0,150.0,Prayer regeneration potion(3).png,Prayer regeneration potion(3),55037.0,1789643916.0,51082.0,1789652958.0
4 doses of Prayer Regeneration potion.,30125,True,120.0,2000.0,300.0,180.0,Prayer regeneration potion(4).png,Prayer regeneration potion(4),69477.0,1789654417.0,69436.0,1789654299.0
A premade Blurberry Special,2028,True,12.0,2000.0,30.0,18.0,Premade blurb' sp..png,Premade blurb' sp.,744.0,1789653872.0,694.0,1789648470.0
A Premade Cheese and Tomato Batta.,2223,True,48.0,6000.0,120.0,72.0,Premade c+t batta.png,Premade c+t batta,48.0,1789447582.0,1000.0,1789385924.0
Some Premade chocchip crunchies.,2239,True,34.0,6000.0,85.0,51.0,Premade ch' crunch.png,Premade ch' crunch,4999.0,1789425318.0,4800.0,1789385687.0
A premade Chocolate Bomb.,2229,True,64.0,6000.0,160.0,96.0,Premade choc bomb.png,Premade choc bomb,300.0,1789273501.0,200.0,1789626749.0
A premade Chocolate Saturday.,2030,True,12.0,2000.0,30.0,18.0,Premade choc s'dy.png,Premade choc s'dy,2000.0,1786897738.0,110.0,1789618586.0
A premade Drunk Dragon.,2032,True,12.0,2000.0,30.0,18.0,Premade dr' dragon.png,Premade dr' dragon,31.0,1788351163.0,67.0,1789455447.0
A premade Fruit Blast.,2034,True,12.0,2000.0,30.0,18.0,Premade fr' blast.png,Premade fr' blast,2000.0,1789585858.0,67.0,1789591646.0
A premade Fruit Batta.,2225,True,48.0,6000.0,120.0,72.0,Premade fr't batta.png,Premade fr't batta,39.0,1789265535.0,20000.0,1789385856.0
A premade Pineapple punch.,2036,True,12.0,2000.0,30.0,18.0,Premade p' punch.png,Premade p' punch,39.0,1789065801.0,35.0,1789302025.0
Some premade Spicy Crunchies.,2241,True,34.0,6000.0,85.0,51.0,Premade s'y crunch.png,Premade s'y crunch,20000.0,1789385721.0,19000.0,1789385747.0
A premade Short Green Guy.,2038,True,12.0,2000.0,30.0,18.0,Premade sgg.png,Premade sgg,25.0,1788748474.0,56.0,1789366337.0
A Premade Toad Batta.,2221,True,48.0,6000.0,120.0,72.0,Premade t'd batta.png,Premade t'd batta,39.0,1789385405.0,70000.0,1789385439.0
Some premade Toad Crunchies.,2243,True,34.0,6000.0,85.0,51.0,Premade t'd crunch.png,Premade t'd crunch,547.0,1789649112.0,863.0,1789597629.0
A premade Tangled Toads Legs.,2231,True,64.0,6000.0,160.0,96.0,Premade ttl.png,Premade ttl,400.0,1788936983.0,126.0,1789626795.0
A premade Vegetable Ball.,2235,True,60.0,6000.0,150.0,90.0,Premade veg ball.png,Premade veg ball,50000.0,1788780467.0,67.0,1789626802.0
A Premade Vegetable Batta.,2227,True,48.0,6000.0,120.0,72.0,Premade veg batta.png,Premade veg batta,50000.0,1788779845.0,97.0,1789626757.0
A premade Worm Batta.,2219,True,48.0,6000.0,120.0,72.0,Premade w'm batta.png,Premade w'm batta,93703.0,1788900465.0,100000.0,1788900535.0
Some Premade Worm Crunchies.,2237,True,34.0,6000.0,85.0,51.0,Premade w'm crun'.png,Premade w'm crun',50000.0,1788779963.0,501.0,1789629004.0
A Premade Wizard Blizzard.,2040,True,12.0,2000.0,30.0,18.0,Premade wiz blz'd.png,Premade wiz blz'd,28.0,1788748449.0,56.0,1789566809.0
A premade Worm Hole.,2233,True,60.0,6000.0,150.0,90.0,Premade worm hole.png,Premade worm hole,5000.0,1789385499.0,100.0,1789626771.0
Bottom half of a priest suit.,428,False,2.0,150.0,5.0,3.0,Priest gown (bottom).png,Priest gown (bottom),34.0,1789649181.0,31.0,1789654153.0
Top half of a priest suit.,426,False,2.0,150.0,5.0,3.0,Priest gown (top).png,Priest gown (top),19.0,1789653638.0,16.0,1789651277.0
A pair of upgraded dragon boots.,13239,True,30000.0,15.0,75000.0,45000.0,Primordial boots.png,Primordial boots,19268064.0,1789653195.0,18837630.0,1789653762.0
A powerful crystal of strength.,13231,True,18000.0,15.0,45000.0,27000.0,Primordial crystal.png,Primordial crystal,18700000.0,1789648438.0,18334445.0,1789650700.0
"A giant mosquito's proboscis, aerodynamic and sharp!",6319,True,2.0,100.0,5.0,3.0,Proboscis 1000.png,Proboscis,623.0,1789653698.0,633.0,1789652187.0
A Proselyte Temple Knight's leg armour.,9676,True,4000.0,70.0,10000.0,6000.0,Proselyte cuisse.png,Proselyte cuisse,6176.0,1789654334.0,5292.0,1789653595.0
Proselyte level armour pack.,9670,True,10000.0,70.0,25000.0,15000.0,Proselyte harness f.png,Proselyte harness f,20784.0,1789432461.0,26789.0,1789541076.0
Proselyte level armour pack.,9666,True,10000.0,70.0,25000.0,15000.0,Proselyte harness m.png,Proselyte harness m,28000.0,1789653552.0,27324.0,1789536793.0
A Proselyte Temple Knight's armour.,9674,True,4800.0,70.0,12000.0,7200.0,Proselyte hauberk.png,Proselyte hauberk,6948.0,1789654325.0,6521.0,1789653967.0
A Proselyte Temple Knight's helm.,9672,True,3200.0,70.0,8000.0,4800.0,Proselyte sallet.png,Proselyte sallet,4500.0,1789654344.0,4132.0,1789653450.0
A Proselyte Temple Knight's leg armour.,9678,True,4000.0,70.0,10000.0,6000.0,Proselyte tasset.png,Proselyte tasset,6399.0,1789652612.0,5218.0,1789654417.0
Happy Halloween.,1959,False,12.0,50.0,30.0,18.0,Pumpkin.png,Pumpkin,9381.0,1789652697.0,9321.0,1789652286.0
An unimbued rune of extra capability.,7936,False,1.0,30000.0,4.0,2.0,Pure essence.png,Pure essence,2.0,1789654429.0,8.0,1789644199.0
Stylish!,12311,True,90.0,4.0,225.0,135.0,Purple boater.png,Purple boater,2120.0,1789644039.0,1200.0,1789653956.0
Very stylish!,2934,False,200.0,150.0,500.0,300.0,Purple boots.png,Purple boots,16.0,1789652481.0,779.0,1789634060.0
A thick purple cape.,1029,False,12.0,150.0,32.0,19.0,Purple cape.png,Purple cape,1097.0,1789654035.0,676.0,1789648690.0
A little bottle of purple dye.,1773,False,2.0,150.0,5.0,3.0,Purple dye.png,Purple dye,899.0,1789654185.0,496.0,1789653109.0
A well made elegant ladies' purple blouse.,10436,True,800.0,4.0,2000.0,1200.0,Purple elegant blouse.png,Purple elegant blouse,9927.0,1789622278.0,1311.0,1789652907.0
A rather elegant pair of men's purple pantaloons.,10418,True,800.0,4.0,2000.0,1200.0,Purple elegant legs.png,Purple elegant legs,14444.0,1789572023.0,1111.0,1789647717.0
A well made elegant men's purple shirt.,10416,True,800.0,4.0,2000.0,1200.0,Purple elegant shirt.png,Purple elegant shirt,1018.0,1789647078.0,1360.0,1789643976.0
A rather elegant purple skirt.,10438,True,800.0,4.0,2000.0,1200.0,Purple elegant skirt.png,Purple elegant skirt,893.0,1789604650.0,713.0,1789635280.0
Makes firelighting a lot easier.,10326,True,6.0,250.0,15.0,9.0,Purple firelighter.png,Purple firelighter,199.0,1789653461.0,75.0,1789653985.0
A posy of flowers.,2468,True,40.0,150.0,100.0,60.0,Purple flowers.png,Purple flowers,4900.0,1789611612.0,1200.0,1789646672.0
These will keep my hands warm!,2942,False,200.0,150.0,500.0,300.0,Purple gloves.png,Purple gloves,899.0,1789653276.0,750.0,1789649387.0
A silly pointed hat.,2940,True,200.0,150.0,500.0,300.0,Purple hat.png,Purple hat,2300.0,1789647843.0,1262.0,1789652081.0
A nice hat from a cracker.,1046,False,1.0,5.0,1.0,1.0,Purple partyhat.png,Purple partyhat,25999.0,1789633422.0,20764.0,1789654116.0
Made by werewolves for werewolves.,2938,True,200.0,150.0,500.0,300.0,Purple robe bottoms.png,Purple robe bottoms,223.0,1789621494.0,944.0,1789186580.0
Some fine werewolf clothing.,2936,True,200.0,150.0,500.0,300.0,Purple robe top.png,Purple robe top,267.0,1789638583.0,1171.0,1789246373.0
Remember to brush after eating!,10476,True,6.0,10000.0,15.0,9.0,Purple sweets 5.png,Purple sweets,5089.0,1789653413.0,5016.0,1789654427.0
Logs prepared with sacred oil for a funeral pyre.,3438,True,3.0,11000.0,8.0,4.0,Pyre logs.png,Pyre logs,2143.0,1789652167.0,1470.0,1789648201.0
A phosphate rich mineral dust.,21545,True,12.0,13000.0,30.0,18.0,Pyrophosphite.png,Pyrophosphite,91.0,1789650249.0,90.0,1789653759.0
A sack of quetzal feed.,29307,True,20.0,100.0,50.0,30.0,Quetzal feed.png,Quetzal feed,2904.0,1789654399.0,2707.0,1789653784.0
This could be put on a string and worn for luck.,10134,True,12.0,100.0,30.0,18.0,Rabbit foot.png,Rabbit foot,1879.0,1789620557.0,1742.0,1789249004.0
The snare will tighten around animals passing through.,10031,True,6.0,250.0,15.0,9.0,Rabbit snare.png,Rabbit snare,31.0,1789540884.0,19.0,1789648748.0
A scroll which unlocks the Raging Echoes Astral Contact.,30457,True,10000.0,,25000.0,15000.0,Raging echoes astral contact scroll.png,Raging echoes astral contact scroll,2499000.0,1789649802.0,1910000.0,1789449518.0
A banner showcasing the colours of Leagues V: Raging Echoes.,30430,True,400.0,,1000.0,600.0,Raging echoes banner.png,Raging echoes banner,200000.0,1789614859.0,369005.0,1789608718.0
The boots of a Raging Echoes relic hunter.,30410,True,,,100000.0,,Raging echoes boots (t1).png,Raging echoes boots (t1),120237.0,1789634895.0,22663.0,1789569819.0
The boots of a Raging Echoes relic hunter.,30418,True,40000.0,,100000.0,60000.0,Raging echoes boots (t2).png,Raging echoes boots (t2),253902.0,1789533116.0,281331.0,1789124911.0
The boots of a raging echo relic hunter.,30426,True,40000.0,,100000.0,60000.0,Raging echoes boots (t3).png,Raging echoes boots (t3),638375.0,1789404021.0,943166.0,1789487080.0
The cane of a Raging Echoes relic hunter.,30428,True,400.0,,1000.0,600.0,Raging echoes cane.png,Raging echoes cane,1441353.0,1789647461.0,1058888.0,1789439491.0
Opulent curtains dyed with the colours of the Raging Echoes league.,30557,True,200.0,5.0,500.0,300.0,Raging echoes curtains.png,Raging echoes curtains,180000.0,1789642947.0,182000.0,1789644425.0
A scroll which unlocks the Raging Echoes death and respawn animation.,30455,True,10000.0,,25000.0,15000.0,Raging echoes death scroll.png,Raging echoes death scroll,1000000.0,1789647578.0,1100000.0,1789654083.0
The headgear of a Raging Echoes relic hunter.,30404,True,,,100000.0,,Raging echoes hat (t1).png,Raging echoes hat (t1),47206.0,1789521144.0,56647.0,1789575017.0
The headgear of a Raging Echoes relic hunter.,30412,True,40000.0,,100000.0,60000.0,Raging echoes hat (t2).png,Raging echoes hat (t2),395995.0,1789522277.0,39500.0,1789495196.0
The headgear of a Raging Echoes relic hunter.,30420,True,40000.0,,100000.0,60000.0,Raging echoes hat (t3).png,Raging echoes hat (t3),2212376.0,1789619927.0,1500500.0,1789614748.0
Used on a Nexus inside your Player Owned House to decorate it in the style of Leagues V: Raging Echoes.,30459,True,10000.0,,25000.0,15000.0,Raging echoes nexus scroll.png,Raging echoes nexus scroll,1552000.0,1789649307.0,1533992.0,1789649395.0
Used on a portal inside your Player Owned House to decorate it in the style of Leagues V: Raging Echoes.,30461,True,10000.0,,25000.0,15000.0,Raging echoes portal scroll.png,Raging echoes portal scroll,320000.0,1789636337.0,222000.0,1789624576.0
"A set containing Raging Echoes boots (t1), Raging Echoes trousers (t1), Raging Echoes top (t1) and Raging Echoes hood (t1).",30331,True,20000.0,,50000.0,30000.0,Raging echoes relic hunter (t1) armour set.png,Raging echoes relic hunter (t1) armour set,206834.0,1789569911.0,248882.0,1789447385.0
"A set containing Raging Echoes boots (t2), Raging Echoes trousers (t2), Raging Echoes top (t2) and Raging Echoes hood (t2).",30334,True,20000.0,,50000.0,30000.0,Raging echoes relic hunter (t2) armour set.png,Raging echoes relic hunter (t2) armour set,1390000.0,1789569931.0,360000.0,1788903005.0
"A set containing Raging Echoes boots (t3), Raging Echoes trousers (t3), Raging Echoes top (t3) and Raging Echoes hood (t3).",30337,True,20000.0,,50000.0,30000.0,Raging echoes relic hunter (t3) armour set.png,Raging echoes relic hunter (t3) armour set,3316323.0,1789647422.0,2899999.0,1789307854.0
The robes of a Raging Echoes relic hunter.,30408,True,,,100000.0,,Raging echoes robeskirt (t1).png,Raging echoes robeskirt (t1),25000.0,1789590033.0,8000.0,1789590142.0
The robes of a Raging Echoes relic hunter.,30416,True,40000.0,,100000.0,60000.0,Raging echoes robeskirt (t2).png,Raging echoes robeskirt (t2),175775.0,1789324725.0,120000.0,1788797131.0
The robes of a Raging Echoes relic hunter.,30424,True,40000.0,,100000.0,60000.0,Raging echoes robeskirt (t3).png,Raging echoes robeskirt (t3),437992.0,1789608036.0,84000.0,1789476354.0
An opulent rug dyed with the colours of the Raging Echoes league.,30554,True,200.0,,500.0,300.0,Raging echoes rug.png,Raging echoes rug,197442.0,1789653882.0,185324.0,1789651007.0
Used on a Scrying Pool inside your Player Owned House to decorate it in the style of Leagues V: Raging Echoes.,30560,True,10000.0,,25000.0,15000.0,Raging echoes scrying pool scroll.png,Raging echoes scrying pool scroll,363594.0,1789649252.0,281467.0,1789616163.0
Used on a Spirit Tree inside your Player Owned House to decorate it in the style of Leagues V: Raging Echoes.,30563,True,10000.0,,25000.0,15000.0,Raging echoes spirit tree scroll.png,Raging echoes spirit tree scroll,2377000.0,1789633344.0,2211667.0,1789645618.0
The coat of a Raging Echoes relic hunter.,30406,True,,,100000.0,,Raging echoes top (t1).png,Raging echoes top (t1),19995.0,1789592825.0,18005.0,1789592861.0
The coat of a Raging Echoes relic hunter.,30414,True,40000.0,,100000.0,60000.0,Raging echoes top (t2).png,Raging echoes top (t2),196939.0,1789604616.0,200000.0,1788560763.0
The coat of a Raging Echoes relic hunter.,30422,True,40000.0,,100000.0,60000.0,Raging echoes top (t3).png,Raging echoes top (t3),831254.0,1789619894.0,375000.0,1789380069.0
Short but effective and very colourful.,23357,True,200.0,18000.0,500.0,300.0,Rain bow.png,Rain bow,56153.0,1789650932.0,47001.0,1789641954.0
You'll need something to break through that shell.,31677,True,120.0,,300.0,180.0,Rainbow crab (1).png,Rainbow crab (1),10000.0,1789505447.0,1100.0,1789556794.0
You'll need something to break through that shell.,31680,True,120.0,,300.0,180.0,Rainbow crab (2).png,Rainbow crab (2),10000.0,1788664937.0,909.0,1789452340.0
You'll need something to break through that shell.,31683,True,120.0,,300.0,180.0,Rainbow crab (3).png,Rainbow crab (3),762.0,1789309308.0,909.0,1789452344.0
This looks tricky to eat.,31703,True,120.0,,300.0,180.0,Rainbow crab meat.png,Rainbow crab meat,735.0,1789537986.0,714.0,1789605950.0
A paste made by crushing a crab.,31710,True,120.0,13000.0,300.0,180.0,Rainbow crab paste.png,Rainbow crab paste,1000.0,1789652743.0,956.0,1789652430.0
"Well, this would certainly add some colour to a meal.",10136,True,48.0,6000.0,120.0,72.0,Rainbow fish.png,Rainbow fish,149.0,1789641587.0,150.0,1789652783.0
Use this to clear weeds.,5341,True,2.0,40.0,6.0,3.0,Rake.png,Rake,228.0,1789654384.0,227.0,1789654096.0
I need another ingredient to finish this Ranarr potion.,99,True,10.0,10000.0,25.0,15.0,Ranarr potion (unf).png,Ranarr potion (unf),6199.0,1789654414.0,6185.0,1789654303.0
A ranarr seed - plant in a herb patch.,5295,True,20.0,200.0,50.0,30.0,Ranarr seed 5.png,Ranarr seed,30317.0,1789653715.0,30500.0,1789654432.0
A useful herb.,257,True,10.0,11000.0,25.0,15.0,Ranarr weed.png,Ranarr weed,5905.0,1789653100.0,5870.0,1789654414.0
Lightweight boots ideal for rangers.,2577,True,80.0,8.0,200.0,120.0,Ranger boots.png,Ranger boots,37413000.0,1789651945.0,36958015.0,1789653809.0
Lightweight gloves ideal for rangers.,19994,True,1360.0,8.0,3400.0,2040.0,Ranger gloves.png,Ranger gloves,331097.0,1789652975.0,320159.0,1789653326.0
Lightweight legwear ideal for rangers.,23249,True,8000.0,8.0,20000.0,12000.0,Rangers' tights.png,Rangers' tights,186815.0,1789651343.0,180081.0,1789653956.0
Lightweight body armour ideal for rangers.,12596,True,4800.0,4.0,12000.0,7200.0,Rangers' tunic.png,Rangers' tunic,2169579.0,1789654376.0,2163611.0,1789651745.0
One dose of fishy ranging potion.,11511,True,57.0,2000.0,144.0,86.0,Ranging mix(1).png,Ranging mix(1),593.0,1789114959.0,374.0,1789624230.0
Two doses of fishy ranging potion.,11509,True,86.0,2000.0,216.0,129.0,Ranging mix(2).png,Ranging mix(2),855.0,1789647959.0,735.0,1789654232.0
1 dose of ranging potion.,173,True,57.0,2000.0,144.0,86.0,Ranging potion(1).png,Ranging potion(1),370.0,1789650771.0,100.0,1789652000.0
2 doses of ranging potion.,171,True,86.0,2000.0,216.0,129.0,Ranging potion(2).png,Ranging potion(2),983.0,1789651587.0,926.0,1789654173.0
3 doses of ranging potion.,169,True,115.0,2000.0,288.0,172.0,Ranging potion(3).png,Ranging potion(3),1260.0,1789652950.0,1220.0,1789653519.0
4 doses of ranging potion.,2444,True,144.0,2000.0,360.0,216.0,Ranging potion(4).png,Ranging potion(4),1757.0,1789654428.0,1757.0,1789653209.0
Ancient ogre bones from the ogre burial tomb.,4832,True,1.0,7500.0,1.0,1.0,Raurg bones.png,Raurg bones,7307.0,1789614423.0,4000.0,1789568162.0
This would taste a lot better cooked.,7196,True,62.0,13000.0,155.0,93.0,Raw admiral pie.png,Raw admiral pie,1800.0,1789618618.0,969.0,1789635351.0
I should try cooking this.,321,False,6.0,13000.0,15.0,9.0,Raw anchovies.png,Raw anchovies,17.0,1789654106.0,17.0,1789653899.0
I should try cooking this.,13439,True,180.0,15000.0,450.0,270.0,Raw anglerfish.png,Raw anglerfish,1480.0,1789654379.0,1457.0,1789654315.0
Ouch!,29101,True,1.0,13000.0,1.0,1.0,Raw barb-tailed kebbit.png,Raw barb-tailed kebbit,2950.0,1789643895.0,1243.0,1789638609.0
I should try cooking this.,363,True,16.0,15000.0,40.0,24.0,Raw bass.png,Raw bass,9.0,1789653929.0,8.0,1789654167.0
I need to cook this first.,2136,False,1.0,13000.0,1.0,1.0,Raw bear meat.png,Raw bear meat,225.0,1789654377.0,218.0,1789651044.0
A slab of raw beast meat.,9986,True,10.0,11000.0,25.0,15.0,Raw beast meat.png,Raw beast meat,12.0,1789630076.0,12.0,1789652627.0
I need to cook this first.,2132,False,1.0,13000.0,1.0,1.0,Raw beef.png,Raw beef,39.0,1789654391.0,38.0,1789653368.0
This certainly needs cooking!,9978,True,6.0,11000.0,17.0,10.0,Raw bird meat.png,Raw bird meat,53.0,1789642702.0,53.0,1789654394.0
I should try cooking this.,31692,True,60.0,,150.0,90.0,Raw blue crab meat.png,Raw blue crab meat,398.0,1789631178.0,465.0,1789432560.0
I should try cooking this.,32341,True,68.0,15000.0,170.0,102.0,Raw bluefin.png,Raw bluefin,1373.0,1789652538.0,1373.0,1789651858.0
I need to cook this first.,25833,False,1.0,,1.0,1.0,Raw boar meat.png,Raw boar meat,721.0,1789644445.0,200.0,1789546289.0
It's incredibly slimy.,5001,True,6.0,13000.0,15.0,9.0,Raw cave eel.png,Raw cave eel,55.0,1789652927.0,47.0,1789652478.0
I need to cook this first.,2138,False,1.0,13000.0,1.0,1.0,Raw chicken.png,Raw chicken,30.0,1789654424.0,28.0,1789653380.0
I need to cook this first.,2876,True,34.0,13000.0,85.0,51.0,Raw chompy.png,Raw chompy,1111.0,1789653184.0,1100.0,1789654227.0
I should try cooking this.,341,True,4.0,15000.0,10.0,6.0,Raw cod.png,Raw cod,27.0,1789654254.0,26.0,1789654204.0
I should try cooking this.,11934,True,130.0,15000.0,325.0,195.0,Raw dark crab.png,Raw dark crab,973.0,1789649798.0,965.0,1789653851.0
I should probably cook this first.,29107,True,1.0,13000.0,1.0,1.0,Raw dashing kebbit.png,Raw dashing kebbit,1736.0,1789653906.0,1651.0,1789654370.0
"Raw fish is risky, better cook it.",7186,True,20.0,13000.0,50.0,30.0,Raw fish pie.png,Raw fish pie,1647.0,1789627412.0,1647.0,1789439491.0
Needs cooking before I eat it.,7176,True,4.0,13000.0,12.0,7.0,Raw garden pie.png,Raw garden pie,1507.0,1789419418.0,1586.0,1789238091.0
I should try cooking this.,32309,True,68.0,15000.0,170.0,102.0,Raw giant krill.png,Raw giant krill,67.0,1789641571.0,66.0,1789651033.0
I should probably cook this first.,29119,True,1.0,13000.0,1.0,1.0,Raw graahk.png,Raw graahk,1300.0,1789653707.0,1176.0,1789651600.0
I should try cooking this.,32317,True,68.0,15000.0,170.0,102.0,Raw haddock.png,Raw haddock,234.0,1789653276.0,194.0,1789640221.0
I should try cooking this.,32333,True,68.0,15000.0,170.0,102.0,Raw halibut.png,Raw halibut,1980.0,1789653510.0,1947.0,1789651461.0
I should try cooking this.,345,False,4.0,15000.0,10.0,6.0,Raw herring.png,Raw herring,139.0,1789654022.0,120.0,1789654206.0
I need to cook this first.,33821,False,1.0,,1.0,1.0,Raw impaler meat.png,Raw impaler meat,4000.0,1788682053.0,156.0,1789518135.0
The uncooked meat of a Jubbly bird.,7566,True,40.0,11000.0,100.0,60.0,Raw jubbly.png,Raw jubbly,429.0,1789649967.0,420.0,1789653951.0
I should try cooking this.,31561,True,64.0,,160.0,96.0,Raw jumbo squid.png,Raw jumbo squid,2500.0,1789647661.0,2335.0,1789646619.0
A raw green octopus.,3142,True,80.0,13000.0,200.0,120.0,Raw karambwan.png,Raw karambwan,272.0,1789654098.0,268.0,1789654199.0
I should probably cook this first.,29125,True,1.0,13000.0,1.0,1.0,Raw kyatt.png,Raw kyatt,1250.0,1789653777.0,1250.0,1789654131.0
I should probably cook this first.,29122,True,1.0,13000.0,1.0,1.0,Raw larupia.png,Raw larupia,4000.0,1789643772.0,750.0,1789653088.0
I should try cooking this.,377,False,28.0,15000.0,70.0,42.0,Raw lobster.png,Raw lobster,133.0,1789653768.0,124.0,1789654143.0
I should try cooking this.,353,True,6.0,15000.0,15.0,9.0,Raw mackerel.png,Raw mackerel,11.0,1789654255.0,6.0,1789653611.0
A rare catch.,389,True,80.0,15000.0,200.0,120.0,Raw manta ray.png,Raw manta ray,1080.0,1789653340.0,1060.0,1789654411.0
I should try cooking this.,32349,True,68.0,15000.0,170.0,102.0,Raw marlin.png,Raw marlin,3489.0,1789653662.0,3491.0,1789651893.0
I should try cooking this.,7944,True,92.0,13000.0,230.0,138.0,Raw monkfish.png,Raw monkfish,120.0,1789653392.0,116.0,1789654388.0
I should probably cook this first.,29113,True,1.0,13000.0,1.0,1.0,Raw moonlight antelope.png,Raw moonlight antelope,2084.0,1789653857.0,2080.0,1789654377.0
Needs to be baked before I can use it.,7168,True,10.0,13000.0,27.0,16.0,Raw mud pie.png,Raw mud pie,1588.0,1787277460.0,1588.0,1789293259.0
"I need to cook this, though I don't know if I want to.",24782,True,1.0,,1.0,1.0,Raw mystery meat.png,Raw mystery meat,9000.0,1789583899.0,1494.0,1789602166.0
Raw meat from the oomlie bird.,2337,True,4.0,15.0,10.0,6.0,Raw oomlie.png,Raw oomlie,3730.0,1789640689.0,1250.0,1789618625.0
I should try cooking this.,349,False,8.0,15000.0,20.0,12.0,Raw pike.png,Raw pike,95.0,1789653466.0,88.0,1789653766.0
I should probably cook this first.,29110,True,1.0,13000.0,1.0,1.0,Raw pyre fox.png,Raw pyre fox,1137.0,1789652462.0,1121.0,1789654356.0
Might taste better cooked.,3226,True,8.0,13000.0,20.0,12.0,Raw rabbit.png,Raw rabbit,412.0,1789640905.0,298.0,1789644840.0
I should try cooking this.,31700,True,120.0,,300.0,180.0,Raw rainbow crab meat.png,Raw rainbow crab meat,1728.0,1789153847.0,1728.0,1789595399.0
"A colourful fish, attracted to colourful flies.",10138,True,48.0,13000.0,120.0,72.0,Raw rainbow fish.png,Raw rainbow fish,232.0,1789651460.0,230.0,1789646661.0
I need to cook this first.,2134,False,1.0,13000.0,1.0,1.0,Raw rat meat.png,Raw rat meat,47.0,1789654361.0,49.0,1789652043.0
I should try cooking this.,31686,True,40.0,,100.0,60.0,Raw red crab meat.png,Raw red crab meat,1.0,1788742452.0,201.0,1789609964.0
I should try cooking this.,331,False,12.0,15000.0,30.0,18.0,Raw salmon.png,Raw salmon,29.0,1789653122.0,28.0,1789654376.0
I should try cooking this.,327,False,4.0,15000.0,10.0,6.0,Raw sardine.png,Raw sardine,21.0,1789654390.0,21.0,1789654203.0
A rare catch.,395,True,80.0,15000.0,200.0,120.0,Raw sea turtle.png,Raw sea turtle,687.0,1789653500.0,687.0,1789654417.0
I should try cooking this.,383,True,68.0,15000.0,170.0,102.0,Raw shark.png,Raw shark,755.0,1789654322.0,755.0,1789654366.0
I should try cooking this.,317,False,2.0,15000.0,5.0,3.0,Raw shrimps.png,Raw shrimps,24.0,1789654040.0,22.0,1789653883.0
A slime covered eel - yuck!,3379,True,1.0,13000.0,1.0,1.0,Raw slimy eel.png,Raw slimy eel,67.0,1789653995.0,62.0,1789648051.0
"Fresh fruit may be good for you, but I should really cook this.",7216,True,28.0,13000.0,70.0,42.0,Raw summer pie.png,Raw summer pie,2148.0,1789653297.0,1934.0,1789646845.0
I should probably cook this first.,29116,True,1.0,13000.0,1.0,1.0,Raw sunlight antelope.png,Raw sunlight antelope,1842.0,1789652546.0,1750.0,1789654349.0
I should try cooking this.,371,False,32.0,15000.0,80.0,48.0,Raw swordfish.png,Raw swordfish,197.0,1789654318.0,195.0,1789654362.0
I should try cooking this.,31553,True,40.0,,100.0,60.0,Raw swordtip squid.png,Raw swordtip squid,976.0,1789650918.0,941.0,1789652971.0
I need to cook this first.,33106,False,4.0,13000.0,10.0,6.0,Raw t-bone steak.png,Raw t-bone steak,183.0,1789653416.0,182.0,1789653993.0
I should try cooking this.,335,False,4.0,15000.0,10.0,6.0,Raw trout.png,Raw trout,60.0,1789653802.0,45.0,1789654428.0
I should try cooking this.,359,False,16.0,15000.0,40.0,24.0,Raw tuna.png,Raw tuna,42.0,1789654139.0,41.0,1789654051.0
I need to cook this first.,1859,True,1.0,11000.0,2.0,1.0,Raw ugthanki meat.png,Raw ugthanki meat,1028.0,1789527502.0,1751.0,1789636705.0
Better cook this carefully.,29104,True,1.0,13000.0,1.0,1.0,Raw wild kebbit.png,Raw wild kebbit,32822.0,1789650424.0,1650.0,1789651603.0
"Good as it looks, I'd better cook it.",7206,True,36.0,13000.0,91.0,54.0,Raw wild pie.png,Raw wild pie,3761.0,1789653240.0,3269.0,1789651365.0
I need to cook this.,10816,True,1.0,11000.0,2.0,1.0,Raw yak meat.png,Raw yak meat,233.0,1789491912.0,110.0,1789618362.0
I should try cooking this.,32325,True,68.0,15000.0,170.0,102.0,Raw yellowfin.png,Raw yellowfin,585.0,1789648262.0,534.0,1789653728.0
The barbed tip of a ray's tail.,31959,True,3200.0,15.0,8000.0,4800.0,Ray barbs.png,Ray barbs,132658.0,1789653901.0,124984.0,1789648827.0
A small round red bead.,1470,False,1.0,11000.0,4.0,2.0,Red bead.png,Red bead,1810.0,1789654342.0,1349.0,1789653847.0
Parlez-vous francais?,12247,True,32.0,4.0,80.0,48.0,Red beret.png,Red beret,4824.0,1789635417.0,2500.0,1789649034.0
Stylish!,7319,True,90.0,4.0,225.0,135.0,Red boater.png,Red boater,4520.0,1789652561.0,4055.0,1789650466.0
Very stylish!,2904,False,200.0,150.0,500.0,300.0,Red boots.png,Red boots,1841.0,1789653342.0,1841.0,1789653362.0
A bright red cape.,1007,False,1.0,150.0,2.0,1.0,Red cape.png,Red cape,150.0,1789653967.0,61.0,1789654296.0
All for one and one for all!,12323,True,80.0,4.0,200.0,120.0,Red cavalier.png,Red cavalier,7400.0,1789643344.0,6364.0,1789652457.0
Even more volatile than its vegetarian counterpart.,10034,True,64.0,7000.0,160.0,96.0,Red chinchompa.png,Red chinchompa,1469.0,1789654308.0,1433.0,1789654164.0
You'll need something to break through that shell.,31671,True,40.0,,100.0,60.0,Red crab.png,Red crab,100.0,1789650698.0,100.0,1789650823.0
This looks tricky to eat.,31689,True,40.0,,100.0,60.0,Red crab meat.png,Red crab meat,453.0,1789631385.0,453.0,1789646618.0
Made from 100% real dragonhide.,2501,True,4492.0,70.0,11230.0,6738.0,Red d'hide body.png,Red d'hide body,6000.0,1789654328.0,5901.0,1789654249.0
Made from 100% real dragonhide. With colourful trim!,12327,True,4492.0,8.0,11230.0,6738.0,Red d'hide body (g).png,Red d'hide body (g),5990.0,1789637539.0,5992.0,1789652683.0
Made from 100% real dragonhide. With colourful trim!,12331,True,4492.0,8.0,11230.0,6738.0,Red d'hide body (t).png,Red d'hide body (t),6003.0,1789617309.0,5872.0,1789653448.0
Made from 100% real dragonhide.,2495,True,2072.0,70.0,5180.0,3108.0,Red d'hide chaps.png,Red d'hide chaps,2775.0,1789654370.0,2616.0,1789654344.0
Made from 100% real dragonhide. With colourful trim!,12329,True,2072.0,8.0,5180.0,3108.0,Red d'hide chaps (g).png,Red d'hide chaps (g),4494.0,1789653145.0,3500.0,1789650064.0
Made from 100% real dragonhide. With colourful trim!,12333,True,2072.0,8.0,5180.0,3108.0,Red d'hide chaps (t).png,Red d'hide chaps (t),2884.0,1789641054.0,2749.0,1789651245.0
A solid magic wood shield covered in red dragon leather.,22281,True,4400.0,125.0,11000.0,6600.0,Red d'hide shield.png,Red d'hide shield,7327.0,1789654280.0,5500.0,1789651528.0
Vambraces made from 100% real dragonhide.,2489,True,1440.0,70.0,3600.0,2160.0,Red d'hide vambraces.png,Red d'hide vambraces,1850.0,1789653670.0,1700.0,1789654401.0
It's a piece of prepared red dragonhide.,2507,True,36.0,11000.0,90.0,54.0,Red dragon leather.png,Red dragon leather,2714.0,1789654089.0,2715.0,1789653976.0
Do I look scary?,12522,True,4000.0,4.0,10000.0,6000.0,Red dragon mask.png,Red dragon mask,5596.0,1789623100.0,5555.0,1789648268.0
The scaly rough hide from a Red Dragon.,1749,True,58.0,11000.0,145.0,87.0,Red dragonhide.png,Red dragonhide,2390.0,1789653196.0,2387.0,1789653585.0
"A set containing a red dragonhide body, chaps and vambraces.",12869,True,2000.0,70.0,5000.0,3000.0,Red dragonhide set.png,Red dragonhide set,11699.0,1789654202.0,9100.0,1789650313.0
A little bottle of red dye.,1763,False,2.0,150.0,5.0,3.0,Red dye.png,Red dye,450.0,1789654428.0,402.0,1789651801.0
A well made elegant ladies' red blouse.,10424,True,800.0,4.0,2000.0,1200.0,Red elegant blouse.png,Red elegant blouse,24391.0,1789621318.0,12005.0,1789622333.0
A rather elegant pair of men's red pantaloons.,10406,True,800.0,4.0,2000.0,1200.0,Red elegant legs.png,Red elegant legs,3265.0,1789648935.0,3123.0,1789653386.0
A well made elegant men's red shirt.,10404,True,800.0,4.0,2000.0,1200.0,Red elegant shirt.png,Red elegant shirt,12188.0,1789644918.0,8400.0,1789650503.0
A rather elegant red skirt.,10426,True,800.0,4.0,2000.0,1200.0,Red elegant skirt.png,Red elegant skirt,3000.0,1789606526.0,70.0,1789618232.0
A vivid red feather.,10088,True,4.0,8000.0,10.0,6.0,Red feather.png,Red feather,5.0,1789650357.0,5.0,1789638423.0
Makes firelighting a lot easier.,7329,True,6.0,250.0,15.0,9.0,Red firelighter.png,Red firelighter,79.0,1789651541.0,90.0,1789654375.0
A posy of flowers.,2462,True,40.0,150.0,100.0,60.0,Red flowers.png,Red flowers,99.0,1789651494.0,65.0,1789634188.0
These will keep my hands warm!,2912,False,200.0,150.0,500.0,300.0,Red gloves.png,Red gloves,763.0,1789653871.0,500.0,1789652970.0
Aaaarrrghhh ... I'm a monster.,1057,False,6.0,5.0,15.0,9.0,Red halloween mask.png,Red halloween mask,8608.0,1789653854.0,8078.0,1789653020.0
A silly pointed hat.,2910,True,200.0,150.0,500.0,300.0,Red hat.png,Red hat,4000.0,1789653135.0,1107.0,1789654244.0
A minimalist's hat.,2645,True,16.0,4.0,40.0,24.0,Red headband.png,Red headband,1248.0,1789591875.0,3000.0,1789654401.0
A nice hat from a cracker.,1038,False,1.0,5.0,1.0,1.0,Red partyhat.png,Red partyhat,10160.0,1789654189.0,9751.0,1789654122.0
Made by werewolves for werewolves.,2908,True,200.0,150.0,500.0,300.0,Red robe bottoms.png,Red robe bottoms,831.0,1789652413.0,1126.0,1789618213.0
Some fine werewolf clothing.,2906,True,200.0,150.0,500.0,300.0,Red robe top.png,Red robe top,944.0,1789635442.0,2280.0,1789270877.0
Slightly slimy but certainly striking.,10147,True,60.0,125.0,150.0,90.0,Red salamander.png,Red salamander,81.0,1789653236.0,60.0,1789653760.0
Ewww!,223,False,2.0,13000.0,7.0,4.0,Red spiders' eggs.png,Red spiders' eggs,187.0,1789654414.0,186.0,1789654187.0
Vambraces made from 100% real dragonhide. Now with added spikiness.,10083,True,1440.0,125.0,3600.0,2160.0,Red spiky vambraces.png,Red spiky vambraces,1965.0,1789653770.0,1592.0,1789654194.0
A semi precious stone.,1613,True,80.0,11000.0,200.0,120.0,Red topaz.png,Red topaz,1484.0,1789654432.0,1470.0,1789653714.0
A jungle specific slashing device.,6317,True,800.0,15.0,2000.0,1200.0,Red topaz machete.png,Red topaz machete,19300.0,1789652844.0,14000.0,1789654379.0
Very bright red berries.,1951,False,1.0,13000.0,3.0,1.0,Redberries.png,Redberries,52.0,1789654315.0,41.0,1789653861.0
Looks tasty.,2325,False,4.0,15.0,12.0,7.0,Redberry pie.png,Redberry pie,80.0,1789654414.0,72.0,1789642109.0
A redberry bush seed - plant in a bush patch.,5101,True,1.0,600.0,4.0,2.0,Redberry seed 5.png,Redberry seed,5.0,1789653892.0,4.0,1789649892.0
Feed and catch the birds by placing this in the right spot.,22204,True,2.0,250.0,5.0,3.0,Redwood bird house.png,Redwood bird house,2257.0,1789653594.0,2186.0,1789647903.0
A decorative staff that provides support when hiking.,31049,True,160.0,,400.0,240.0,Redwood hiking staff.png,Redwood hiking staff,907.0,1789649744.0,765.0,1789651567.0
Logs cut from a redwood tree.,19669,True,180.0,12000.0,450.0,270.0,Redwood logs.png,Redwood logs,732.0,1789653959.0,722.0,1789653166.0
Redwood logs prepared with sacred oil for a funeral pyre.,19672,True,358.0,11000.0,895.0,537.0,Redwood pyre logs.png,Redwood pyre logs,5000.0,1789653748.0,4800.0,1789653639.0
This sapling is ready to be replanted in a Redwood patch.,22859,True,1.0,100.0,1.0,1.0,Redwood sapling.png,Redwood sapling,16912.0,1789654343.0,16912.0,1789654410.0
A solid redwood shield.,22266,True,512.0,18000.0,1280.0,768.0,Redwood shield.png,Redwood shield,750.0,1789644758.0,745.0,1789649104.0
Plant this in a plantpot of soil to grow a sapling.,22871,True,260.0,200.0,650.0,390.0,Redwood tree seed 5.png,Redwood tree seed,15138.0,1789653911.0,15138.0,1789653691.0
Helps to restore Hitpoints.,11133,True,80800.0,70.0,202000.0,121200.0,Regen bracelet.png,Regen bracelet,2855562.0,1789654078.0,2766576.0,1789652912.0
"1 dose of Relicym's balm, which helps cure disease.",4848,True,30.0,2000.0,75.0,45.0,Relicym's balm(1).png,Relicym's balm(1),215.0,1789643237.0,284.0,1789639834.0
"2 doses of Relicym's balm, which helps cure disease.",4846,True,60.0,2000.0,150.0,90.0,Relicym's balm(2).png,Relicym's balm(2),310.0,1789651347.0,281.0,1789618228.0
"3 doses of Relicym's balm, which helps cure disease.",4844,True,80.0,2000.0,200.0,120.0,Relicym's balm(3).png,Relicym's balm(3),532.0,1789647209.0,595.0,1789642333.0
"4 doses of Relicym's balm, which helps cure disease.",4842,True,90.0,2000.0,225.0,135.0,Relicym's balm(4).png,Relicym's balm(4),971.0,1789654134.0,971.0,1789652604.0
One dose of fishy Relicym's balm.,11439,True,30.0,2000.0,75.0,45.0,Relicym's mix(1).png,Relicym's mix(1),5000.0,1789433225.0,75000.0,1783821850.0
Two doses of fishy Relicym's balm.,11437,True,60.0,2000.0,150.0,90.0,Relicym's mix(2).png,Relicym's mix(2),200.0,1788611562.0,1000.0,1789006139.0
A simple wooden boat repair kit.,31964,True,60.0,13000.0,150.0,90.0,Repair kit.png,Repair kit,69.0,1789647116.0,69.0,1789653480.0
One dose of fishy restore potion.,11451,True,17.0,2000.0,44.0,26.0,Restore mix(1).png,Restore mix(1),177.0,1789328104.0,79000.0,1789434407.0
Two doses of fishy restore potion.,11449,True,26.0,2000.0,66.0,39.0,Restore mix(2).png,Restore mix(2),50.0,1789618226.0,30.0,1789612524.0
1 dose of restore potion.,131,True,17.0,2000.0,44.0,26.0,Restore potion(1).png,Restore potion(1),262.0,1789650807.0,55.0,1789652472.0
2 doses of restore potion.,129,True,26.0,2000.0,66.0,39.0,Restore potion(2).png,Restore potion(2),36.0,1789651447.0,10.0,1789653627.0
3 doses of restore potion.,127,True,35.0,2000.0,88.0,52.0,Restore potion(3).png,Restore potion(3),52.0,1789652187.0,52.0,1789653967.0
4 doses of restore potion.,2430,True,44.0,2000.0,110.0,66.0,Restore potion(4).png,Restore potion(4),61.0,1789654427.0,61.0,1789653849.0
Teleports you to the Revenant cave in the Wilderness.,21802,True,4.0,15000.0,10.0,6.0,Revenant cave teleport.png,Revenant cave teleport,630.0,1789654362.0,630.0,1789654404.0
Ethereal essence of the revenants.,21820,True,100.0,30000.0,250.0,150.0,Revenant ether 5.png,Revenant ether,176.0,1789654428.0,170.0,1789654385.0
A slightly damaged ribcage.,6165,True,24.0,11000.0,60.0,36.0,Ribcage piece.png,Ribcage piece,16243.0,1789626147.0,8000.0,1789076170.0
A black piece of cloth on a string.,1025,True,1.0,150.0,2.0,1.0,Right eye patch.png,Right eye patch,400.0,1789654159.0,250.0,1789648566.0
Used to make rings.,1592,False,2.0,40.0,5.0,3.0,Ring mould.png,Ring mould,600.0,1789654146.0,100.0,1789651368.0
"Makes you look like something really old, for those moments when you want that.",23185,False,4800.0,4.0,12000.0,7200.0,Ring of 3rd Age.png,Ring of 3rd Age,1700000.0,1789649188.0,1624738.0,1789652591.0
A valuable ring.,20017,False,3200.0,4.0,8000.0,4800.0,Ring of coins.png,Ring of coins,11533213.0,1789640353.0,11200002.0,1789646519.0
An enchanted ring.,2552,True,510.0,15000.0,1275.0,765.0,Ring of dueling(8).png,Ring of dueling(8),905.0,1789654137.0,900.0,1789654144.0
I wonder if this ring helps with...,24844,True,25600.0,5.0,64000.0,38400.0,Ring of endurance (uncharged).png,Ring of endurance (uncharged),3921712.0,1789654080.0,3790870.0,1789654188.0
An enchanted ring.,2568,False,810.0,10000.0,2025.0,1215.0,Ring of forging.png,Ring of forging,1060.0,1789653889.0,1030.0,1789654372.0
An enchanted ring.,2570,True,1410.0,10000.0,3525.0,2115.0,Ring of life.png,Ring of life,1795.0,1789654034.0,1770.0,1789654430.0
A ring shaped like the nature rune symbol.,20005,False,3200.0,4.0,8000.0,4800.0,Ring of nature.png,Ring of nature,6700000.0,1789637818.0,6400432.0,1789640340.0
This ring can reveal a hunter creature's track.,21126,True,420.0,100.0,1050.0,630.0,Ring of pursuit.png,Ring of pursuit,1460.0,1789654353.0,1409.0,1789654386.0
An enchanted ring.,2550,True,360.0,15000.0,900.0,540.0,Ring of recoil.png,Ring of recoil,947.0,1789654415.0,921.0,1789654353.0
This ring returns you to your spawn point.,21129,True,510.0,10000.0,1275.0,765.0,Ring of returning.png,Ring of returning(5),5000.0,1789648623.0,1058.0,1789651050.0
An enchanted ring.,6583,True,80800.0,70.0,202000.0,121200.0,Ring of stone.png,Ring of stone,1003387.0,1789647766.0,898867.0,1789629767.0
A deep sense of suffering burns within this powerful ring.,19550,True,80400.0,8.0,201000.0,120600.0,Ring of suffering.png,Ring of suffering,19878000.0,1789654289.0,19402337.0,1789654126.0
A mystical ring.,26815,True,800.0,,2000.0,1200.0,Ring of the elements.png,Ring of the elements,913439.0,1789652570.0,863345.0,1789653316.0
An ancient ring said to bring you closer to the Gods.,12601,True,20000.0,8.0,50000.0,30000.0,Ring of the gods.png,Ring of the gods,949811.0,1789652130.0,896733.0,1789653818.0
It can be charged at the Fountain of Rune.,2572,True,7050.0,10000.0,17625.0,10575.0,Ring of wealth.png,Ring of wealth,11169.0,1789653617.0,11051.0,1789654432.0
An enchanted ring with five teleport charges.,11980,True,7050.0,10000.0,17625.0,10575.0,Ring of wealth (5).png,Ring of wealth (5),12644.0,1789654423.0,12610.0,1789654220.0
Use on a Ring of Wealth to imbue the ring.,12783,True,2000.0,10000.0,5000.0,3000.0,Ring of wealth scroll.png,Ring of wealth scroll,2901.0,1789653695.0,2866.0,1789650519.0
I can use items with this for nature offerings.,28154,True,40.0,,100.0,60.0,Ritual mulch.png,Ritual mulch,72746.0,1789533069.0,30050.0,1789650033.0
The remains of a deadly shade.,3400,True,1.0,7500.0,1.0,1.0,Riyl remains.png,Riyl remains,979.0,1789654299.0,979.0,1789652843.0
A delicious looking slab of roast beast.,9988,True,10.0,6000.0,25.0,15.0,Roast beast meat.png,Roast beast meat,24.0,1789351603.0,24.0,1789458945.0
A nicely roasted bird.,9980,True,6.0,6000.0,17.0,10.0,Roast bird meat.png,Roast bird meat,18.0,1789530665.0,18.0,1789540886.0
A delicious looking piece of roast rabbit.,7223,True,8.0,6000.0,20.0,12.0,Roast rabbit.png,Roast rabbit,796.0,1789430494.0,100.0,1789563840.0
A dark power is woven into this robe bottom.,20137,True,32000.0,70.0,80000.0,48000.0,Robe bottom of darkness.png,Robe bottom of darkness,51250.0,1789643715.0,47950.0,1789649186.0
A dark power is woven into this robe top.,20131,True,48000.0,70.0,120000.0,72000.0,Robe top of darkness.png,Robe top of darkness,80000.0,1789637939.0,70750.0,1789649189.0
Endorsed by Robin Hood.,2581,True,180.0,8.0,450.0,270.0,Robin Hood hat.png,Robin Hood hat,1834076.0,1789654338.0,1800000.0,1789653114.0
I can even smash stone with this.,4162,True,200.0,40.0,500.0,300.0,Rock hammer.png,Rock hammer,1400.0,1789653698.0,880.0,1789650967.0
Smash gargoyles from a distance.,21754,True,80.0,11000.0,200.0,120.0,Rock thrownhammer.png,Rock thrownhammer,215.0,1789649599.0,161.0,1789653239.0
"A set containing a Rock-shell helm, Rock-shell plate, Rock-shell legs, Rock-shell boots and Rock-shell gloves.",31151,True,58000.0,,145000.0,87000.0,Rock-shell armour set.png,Rock-shell armour set,199995.0,1789652646.0,166406.0,1789510793.0
"Some Fremennik boots, made from the shards of a rock crab's shell.",6145,True,260.0,125.0,650.0,390.0,Rock-shell boots.png,Rock-shell boots,1055.0,1789364517.0,1065.0,1789653562.0
A spherical chunk of rock-shell.,6157,True,24.0,11000.0,60.0,36.0,Rock-shell chunk.png,Rock-shell chunk,6841.0,1789631545.0,105.0,1789533536.0
Fremennik gloves stitched together from rock crab shell shards.,6151,True,260.0,125.0,650.0,390.0,Rock-shell gloves.png,Rock-shell gloves,1987.0,1789510690.0,1555.0,1789653564.0
Protective headwear made from crabs. Better than that sounds.,6128,True,14080.0,70.0,35200.0,21120.0,Rock-shell helm.png,Rock-shell helm,23274.0,1789638192.0,19000.0,1789644272.0
Some tough leggings made from rock crab parts.,6130,True,25600.0,70.0,64000.0,38400.0,Rock-shell legs.png,Rock-shell legs,41422.0,1789649990.0,37362.0,1789653489.0
A sturdy body armour made from rock crab pieces.,6129,True,26000.0,70.0,65000.0,39000.0,Rock-shell plate.png,Rock-shell plate,38190.0,1789653695.0,38190.0,1789648741.0
A curved piece of rock-shell.,6159,True,24.0,11000.0,60.0,36.0,Rock-shell shard.png,Rock-shell shard,17305.0,1789605434.0,16752.0,1789638593.0
A slim piece of rock-shell.,6161,True,24.0,11000.0,60.0,36.0,Rock-shell splinter.png,Rock-shell splinter,21130.0,1789631574.0,20900.0,1789638595.0
How does it all fit in there?,8500,True,4.0,500.0,10.0,6.0,Rocking chair (flatpack).png,Rocking chair (flatpack),50000.0,1789186777.0,135.0,1789651180.0
"Roe, or cheap fishy eggs.",11324,True,8.0,13000.0,20.0,12.0,Roe.png,Roe,71.0,1789654282.0,71.0,1789649176.0
That's how I roll!,7445,True,5760.0,50.0,14400.0,8640.0,Rolling pin.png,Rolling pin,22177.0,1789653441.0,14283.0,1789636172.0
A coil of rope.,954,False,7.0,250.0,18.0,10.0,Rope.png,Rope,83.0,1789654411.0,75.0,1789654377.0
Some rosemary.,6014,True,1.0,600.0,2.0,1.0,Rosemary.png,Rosemary,50.0,1789653882.0,50.0,1789652634.0
A rosemary seed - plant in a flower patch.,5097,True,1.0,600.0,4.0,2.0,Rosemary seed 5.png,Rosemary seed,6.0,1789652664.0,30.0,1789652883.0
Breath powered dart delivering system with a hint of rosewood.,31585,True,1920.0,8.0,4800.0,2880.0,Rosewood blowpipe (empty).png,Rosewood blowpipe (empty),1110541.0,1789653925.0,1095765.0,1789653989.0
Parts for creating a rosewood hull for a boat.,32059,True,7500.0,100.0,18750.0,11250.0,Rosewood hull parts.png,Rosewood hull parts,12999.0,1789653127.0,12098.0,1789629496.0
Logs cut from a rosewood tree.,32910,True,192.0,12000.0,480.0,288.0,Rosewood logs.png,Rosewood logs,365.0,1789653963.0,365.0,1789654413.0
A plank of exotic rosewood.,31438,True,600.0,,1500.0,900.0,Rosewood plank.png,Rosewood plank,4972.0,1789653968.0,4946.0,1789650463.0
Rosewood logs prepared with sacred oil for a funeral pyre.,31389,True,384.0,,960.0,576.0,Rosewood pyre logs.png,Rosewood pyre logs,4500.0,1789651722.0,4500.0,1789640193.0
An excellent boat repair kit made from rosewood.,31982,True,2000.0,13000.0,5000.0,3000.0,Rosewood repair kit.png,Rosewood repair kit,19999.0,1789652715.0,15500.0,1789643895.0
This sapling is ready to be replanted in a tree patch.,31508,True,1.0,,1.0,1.0,Rosewood sapling.png,Rosewood sapling,189000.0,1789651280.0,175000.0,1789650866.0
Plant this in a plantpot of soil to grow a sapling.,31551,True,32.0,200.0,80.0,48.0,Rosewood seed 5.png,Rosewood seed,171438.0,1789646150.0,164465.0,1789654167.0
Who said I'd never be royal?,12397,True,2400.0,4.0,6000.0,3600.0,Royal crown.png,Royal crown,124245.0,1789649486.0,101613.0,1789653985.0
Feeling distinctly ornate.,12395,True,2000.0,4.0,5000.0,3000.0,Royal gown bottom.png,Royal gown bottom,4800.0,1789651494.0,5283.0,1789652562.0
Feeling distinctly ornate.,12393,True,2000.0,4.0,5000.0,3000.0,Royal gown top.png,Royal gown top,11618.0,1789649465.0,6030.0,1789651658.0
I dub thee...,12439,True,2000.0,4.0,5000.0,3000.0,Royal sceptre.png,Royal sceptre,15650.0,1789640299.0,25520.0,1789653371.0
Be careful with these! They're unstable!,31722,True,6.0,30000.0,15.0,9.0,Rubium_splinters.png,Rubium splinters,121.0,1789652298.0,127.0,1789647589.0
This looks valuable.,1603,False,400.0,13000.0,1000.0,600.0,Ruby.png,Ruby,779.0,1789654432.0,758.0,1789654306.0
I wonder if I can get this enchanted.,1698,False,810.0,10000.0,2025.0,1215.0,Ruby amulet.png,Ruby amulet,1110.0,1789654257.0,1081.0,1789654065.0
It needs a string so I can wear it.,1679,False,810.0,10000.0,2025.0,1215.0,Ruby amulet (u).png,Ruby amulet (u),1043.0,1789654198.0,1041.0,1789654372.0
Ruby bolt tips.,9191,True,26.0,11000.0,67.0,40.0,Ruby bolt tips 5.png,Ruby bolt tips,103.0,1789654135.0,98.0,1789654329.0
Ruby tipped Adamantite crossbow bolts.,9339,True,50.0,11000.0,125.0,75.0,Ruby bolts 5.png,Ruby bolts,245.0,1789653537.0,241.0,1789654259.0
Enchanted Ruby tipped Adamantite Crossbow Bolts.,9242,True,55.0,11000.0,138.0,82.0,Ruby bolts (e) 5.png,Ruby bolts (e),168.0,1789654337.0,164.0,1789653754.0
I wonder if this is valuable.,11085,True,930.0,10000.0,2325.0,1395.0,Ruby bracelet.png,Ruby bracelet,1111.0,1789654243.0,1111.0,1789654361.0
"Dragon crossbow bolts, tipped with ruby.",21967,True,320.0,11000.0,800.0,480.0,Ruby dragon bolts 5.png,Ruby dragon bolts,2798.0,1789653387.0,2775.0,1789653459.0
"Enchanted Dragon crossbow bolts, tipped with ruby.",21944,True,332.0,11000.0,830.0,498.0,Ruby dragon bolts (e) 5.png,Ruby dragon bolts (e),2937.0,1789654419.0,2894.0,1789654280.0
There's a ruby harvest butterfly in here.,10020,True,7.0,125.0,18.0,10.0,Ruby harvest (item).png,Ruby harvest (item),95.0,1789654290.0,55.0,1789644727.0
There's a ruby harvest butterfly in here.,29204,True,7.0,,18.0,10.0,Ruby harvest mix (1).png,Ruby harvest mix (1),560.0,1789472080.0,1250.0,1785059307.0
There's a ruby harvest butterfly in here.,29186,True,7.0,,18.0,10.0,Ruby harvest mix (2).png,Ruby harvest mix (2),486.0,1789625047.0,763.0,1788194647.0
I wonder if this is valuable.,1660,False,870.0,18000.0,2175.0,1305.0,Ruby necklace.png,Ruby necklace,1147.0,1789653967.0,1132.0,1789654431.0
A valuable ring.,1641,False,810.0,10000.0,2025.0,1215.0,Ruby ring.png,Ruby ring,1064.0,1789652274.0,1051.0,1789654413.0
A strong spirit with a bold flavour.,28896,True,2.0,,5.0,3.0,Rum.png,Rum,83.0,1789652679.0,75.0,1789651384.0
Alcohol in the loosest sense of the word.,8941,True,80.0,,200.0,120.0,Rum (blue).png,Rum (blue),30000.0,1789651963.0,16930.0,1789649988.0
Alcohol in the loosest sense of the word.,8940,True,80.0,,200.0,120.0,Rum (red).png,Rum (red),49999.0,1789649330.0,22109.0,1789649991.0
A two handed sword.,1319,False,25600.0,70.0,64000.0,38400.0,Rune 2h sword.png,Rune 2h sword,37875.0,1789654020.0,37824.0,1789654374.0
"A set containing a full helm, platebody, legs and kiteshield.",13024,False,30000.0,8.0,75000.0,45000.0,Rune armour set (lg).png,Rune armour set (lg),133300.0,1789652836.0,131033.0,1789652898.0
"A set containing a full helm, platebody, skirt and kiteshield.",13026,False,30000.0,8.0,75000.0,45000.0,Rune armour set (sk).png,Rune armour set (sk),154999.0,1789649244.0,150516.0,1789629384.0
Arrows with rune heads.,892,True,160.0,11000.0,400.0,240.0,Rune arrow 5.png,Rune arrow,43.0,1789654432.0,42.0,1789654433.0
Venomous-looking arrows.,893,True,160.0,11000.0,400.0,240.0,Rune arrow(p) 5.png,Rune arrow(p),207.0,1789638335.0,100.0,1789651804.0
Venomous-looking arrows.,5621,True,160.0,11000.0,400.0,240.0,Rune arrow(p+) 5.png,Rune arrow(p+),151.0,1789648376.0,20.0,1789548908.0
Venomous-looking arrows.,5627,True,160.0,11000.0,400.0,240.0,Rune arrow(p++) 5.png,Rune arrow(p++),575.0,1789649836.0,450.0,1789614147.0
I can make some arrows with these.,44,True,80.0,10000.0,200.0,120.0,Rune arrowtips.png,Rune arrowtips,231.0,1789654090.0,230.0,1789654333.0
A powerful axe.,1359,False,5120.0,40.0,12800.0,7680.0,Rune axe.png,Rune axe,7090.0,1789654426.0,7090.0,1789654430.0
A vicious looking axe.,1373,False,16640.0,70.0,41600.0,24960.0,Rune battleaxe.png,Rune battleaxe,24700.0,1789654411.0,24500.0,1789654386.0
These will protect my feet.,4131,True,5000.0,70.0,12500.0,7500.0,Rune boots.png,Rune boots,6896.0,1789654243.0,7036.0,1789654244.0
Blunt rune arrow... ouch.,4803,True,180.0,11000.0,450.0,270.0,Rune brutal 5.png,Rune brutal,1027.0,1789653914.0,967.0,1789654375.0
A dragonstone topped cane.,12379,True,5760.0,4.0,14400.0,8640.0,Rune cane.png,Rune cane,7804.0,1789619320.0,7950.0,1789649949.0
Ammo suited for a boat's cannon.,31914,True,560.0,11000.0,1400.0,840.0,Rune cannonball.png,Rune cannonball,684.0,1789653357.0,684.0,1789654432.0
A series of connected metal rings.,1113,False,20000.0,70.0,50000.0,30000.0,Rune chainbody.png,Rune chainbody,29700.0,1789654284.0,29342.0,1789654423.0
Ammo suited for a boat's cannon.,31928,True,1120.0,,2800.0,1680.0,Rune chainshot cannonball.png,Rune chainshot cannonball,1575.0,1789639482.0,1226.0,1789652973.0
A set of fighting claws.,3101,True,4800.0,70.0,12000.0,7200.0,Rune claws.png,Rune claws,7735.0,1789652146.0,6911.0,1789652495.0
A runite crossbow.,9185,True,6480.0,70.0,16200.0,9720.0,Rune crossbow.png,Rune crossbow,9390.0,1789654420.0,9051.0,1789654359.0
A powerful dagger.,1213,False,3200.0,70.0,8000.0,4800.0,Rune dagger.png,Rune dagger,4890.0,1789654157.0,4600.0,1789654431.0
The blade is covered with a nasty poison.,1229,True,3200.0,70.0,8000.0,4800.0,Rune dagger(p).png,Rune dagger(p),5922.0,1789535312.0,3850.0,1789303785.0
The blade is covered with a nasty poison.,5678,True,3200.0,70.0,8000.0,4800.0,Rune dagger(p+).png,Rune dagger(p+),4124.0,1789653204.0,4138.0,1789652376.0
The blade is covered with a nasty poison.,5696,True,3200.0,70.0,8000.0,4800.0,Rune dagger(p++).png,Rune dagger(p++),7000.0,1789646522.0,4004.0,1789615461.0
A deadly throwing dart with a rune tip.,811,True,140.0,11000.0,350.0,210.0,Rune dart.png,Rune dart,242.0,1789653495.0,238.0,1789654431.0
A deadly-looking dart tip made of runite - needs feathers for flight.,824,True,70.0,11000.0,175.0,105.0,Rune dart tip.png,Rune dart tip,1070.0,1789653672.0,1063.0,1789654422.0
A deadly poisoned dart with a rune tip.,817,True,140.0,11000.0,350.0,210.0,Rune dart(p).png,Rune dart(p),213.0,1789654253.0,213.0,1789653723.0
A deadly poisoned dart with a rune tip.,5634,True,140.0,11000.0,350.0,210.0,Rune dart(p+).png,Rune dart(p+),460.0,1789629341.0,201.0,1789509897.0
A deadly poisoned dart with a rune tip.,5641,True,140.0,11000.0,350.0,210.0,Rune dart(p++).png,Rune dart(p++),1030.0,1789651778.0,801.0,1789651680.0
Use on the rune defender to trim it with gold.,23227,True,2000.0,4.0,5000.0,3000.0,Rune defender ornament kit.png,Rune defender ornament kit,4316.0,1789643992.0,1600.0,1789649697.0
Do I look scary?,23273,True,4000.0,4.0,10000.0,6000.0,Rune dragon mask.png,Rune dragon mask,23308.0,1789476581.0,24911.0,1789636720.0
An unimbued rune.,1436,False,1.0,20000.0,4.0,2.0,Rune essence.png,Rune essence,12.0,1789654298.0,12.0,1789654311.0
A woodcutter's axe.,28214,True,5120.0,,12800.0,7680.0,Rune felling axe.png,Rune felling axe,1957253.0,1789650396.0,1830750.0,1789651468.0
A full face helmet.,1163,False,14080.0,70.0,35200.0,21120.0,Rune full helm.png,Rune full helm,20455.0,1789654130.0,20864.0,1789654430.0
Rune full helmet with gold trim.,2619,False,14080.0,8.0,35200.0,21120.0,Rune full helm (g).png,Rune full helm (g),77988.0,1789653731.0,77988.0,1789650265.0
Rune full helmet with trim.,2627,False,14080.0,8.0,35200.0,21120.0,Rune full helm (t).png,Rune full helm (t),19950.0,1789640579.0,21001.0,1789654087.0
"A set containing a full helm, platebody, legs and kiteshield.",13032,False,32000.0,8.0,80000.0,48000.0,Rune gold-trimmed set (lg).png,Rune gold-trimmed set (lg),284820.0,1789650749.0,272333.0,1789651979.0
"A set containing a full helm, platebody, skirt and kiteshield.",13034,False,32000.0,8.0,80000.0,48000.0,Rune gold-trimmed set (sk).png,Rune gold-trimmed set (sk),340998.0,1789597981.0,259566.0,1789619636.0
A rune halberd.,3202,True,25600.0,70.0,64000.0,38400.0,Rune halberd.png,Rune halberd,38500.0,1789654394.0,37795.0,1789654040.0
"A rune-tipped, one-handed hasta.",11377,True,8320.0,70.0,20800.0,12480.0,Rune hasta.png,Rune hasta,12531.0,1789651266.0,11551.0,1789652842.0
"A poison-tipped, one-handed rune hasta.",11414,True,8320.0,70.0,20800.0,12480.0,Rune hasta(p).png,Rune hasta(p),20992.0,1789556684.0,10000.0,1789556818.0
"A poison-tipped, one-handed rune hasta.",11417,True,8320.0,70.0,20800.0,12480.0,Rune hasta(p+).png,Rune hasta(p+),18900.0,1783871635.0,20600.0,1783910200.0
"A poison-tipped, one-handed rune hasta.",11419,True,8320.0,70.0,20800.0,12480.0,Rune hasta(p++).png,Rune hasta(p++),15083.0,1789333090.0,11000.0,1789320541.0
A rune helmet with a heraldic design.,10286,False,14080.0,70.0,35200.0,21120.0,Rune helm (h1).png,Rune helm (h1),60000.0,1789654218.0,55619.0,1789654235.0
A rune helmet with a heraldic design.,10288,False,14080.0,70.0,35200.0,21120.0,Rune helm (h2).png,Rune helm (h2),22226.0,1789646927.0,20365.0,1789651798.0
A rune helmet with a heraldic design.,10290,False,14080.0,70.0,35200.0,21120.0,Rune helm (h3).png,Rune helm (h3),20711.0,1789643040.0,20222.0,1789649747.0
A rune helmet with a heraldic design.,10292,False,14080.0,70.0,35200.0,21120.0,Rune helm (h4).png,Rune helm (h4),20822.0,1789652318.0,20638.0,1789651381.0
A rune helmet with a heraldic design.,10294,False,14080.0,70.0,35200.0,21120.0,Rune helm (h5).png,Rune helm (h5),21800.0,1789653730.0,20250.0,1789652842.0
Ammo suited for a boat's cannon.,31942,True,1120.0,,2800.0,1680.0,Rune incendiary cannonball.png,Rune incendiary cannonball,1658.0,1789653029.0,1604.0,1789651984.0
A rune tipped javelin.,830,True,160.0,11000.0,400.0,240.0,Rune javelin.png,Rune javelin,127.0,1789652885.0,122.0,1789654239.0
Needs a shaft.,19580,True,540.0,10000.0,1350.0,810.0,Rune javelin tips 5.png,Rune javelin tips,420.0,1789654346.0,397.0,1789654371.0
A rune tipped javelin.,836,True,160.0,7000.0,400.0,240.0,Rune javelin(p).png,Rune javelin(p),30000.0,1789170980.0,30000.0,1789170988.0
A rune tipped javelin.,5647,True,160.0,11000.0,400.0,240.0,Rune javelin(p+).png,Rune javelin(p+),899.0,1789330205.0,100000.0,1789331942.0
A rune tipped javelin.,5653,True,160.0,11000.0,400.0,240.0,Rune javelin(p++).png,Rune javelin(p++),280.0,1789115417.0,280.0,1789115471.0
Parts for creating a runite keel for a boat.,32014,True,8000.0,100.0,20000.0,12000.0,Rune keel parts.png,Rune keel parts,54719.0,1789653280.0,55050.0,1789653119.0
A large metal shield.,1201,False,21760.0,70.0,54400.0,32640.0,Rune kiteshield.png,Rune kiteshield,31918.0,1789654354.0,31889.0,1789654431.0
Rune kiteshield with gold trim.,2621,False,21760.0,8.0,54400.0,32640.0,Rune kiteshield (g).png,Rune kiteshield (g),69994.0,1789645448.0,68600.0,1789651584.0
Rune kiteshield with trim.,2629,False,21760.0,8.0,54400.0,32640.0,Rune kiteshield (t).png,Rune kiteshield (t),33047.0,1789645994.0,32866.0,1789653322.0
A finely balanced throwing knife.,868,True,66.0,11000.0,167.0,100.0,Rune knife.png,Rune knife,106.0,1789652064.0,103.0,1789654310.0
A finely balanced throwing knife.,876,True,66.0,7000.0,166.0,99.0,Rune knife(p).png,Rune knife(p),359.0,1789456533.0,190.0,1789372884.0
A finely balanced throwing knife.,5660,True,66.0,7000.0,166.0,99.0,Rune knife(p+).png,Rune knife(p+),226.0,1788513683.0,892.0,1789640440.0
A finely balanced throwing knife.,5667,True,66.0,7000.0,166.0,99.0,Rune knife(p++).png,Rune knife(p++),140.0,1789652417.0,136.0,1789653901.0
A razor sharp longsword.,1303,False,12800.0,70.0,32000.0,19200.0,Rune longsword.png,Rune longsword,18558.0,1789654427.0,18700.0,1789654428.0
A spiky mace.,1432,False,5760.0,70.0,14400.0,8640.0,Rune mace.png,Rune mace,8438.0,1789654147.0,8102.0,1789654389.0
A medium sized helmet.,1147,False,7680.0,70.0,19200.0,11520.0,Rune med helm.png,Rune med helm,10950.0,1789653999.0,11091.0,1789654422.0
Keeps things in place fairly permanently.,4824,True,88.0,13000.0,220.0,132.0,Rune nails.png,Rune nails,792.0,1789654413.0,773.0,1789654409.0
Used for mining.,1275,False,12800.0,40.0,32000.0,19200.0,Rune pickaxe.png,Rune pickaxe,18439.0,1789654359.0,18350.0,1789654432.0
Provides excellent protection.,1127,False,26000.0,70.0,65000.0,39000.0,Rune platebody.png,Rune platebody,38410.0,1789654326.0,38217.0,1789654391.0
Rune platebody with gold trim.,2615,False,26000.0,8.0,65000.0,39000.0,Rune platebody (g).png,Rune platebody (g),54999.0,1789633734.0,46155.0,1789652685.0
Provides excellent protection with a heraldic design.,23209,False,26000.0,8.0,65000.0,39000.0,Rune platebody (h1).png,Rune platebody (h1),60000.0,1789631541.0,37550.0,1789624936.0
Provides excellent protection with a heraldic design.,23212,False,26000.0,8.0,65000.0,39000.0,Rune platebody (h2).png,Rune platebody (h2),50000.0,1789494158.0,37633.0,1789644193.0
Provides excellent protection with a heraldic design.,23215,False,26000.0,8.0,65000.0,39000.0,Rune platebody (h3).png,Rune platebody (h3),38318.0,1789618753.0,37925.0,1789649810.0
Provides excellent protection with a heraldic design.,23218,False,26000.0,8.0,65000.0,39000.0,Rune platebody (h4).png,Rune platebody (h4),38474.0,1789649447.0,37509.0,1789649978.0
Provides excellent protection with a heraldic design.,23221,False,26000.0,8.0,65000.0,39000.0,Rune platebody (h5).png,Rune platebody (h5),69999.0,1789602037.0,37509.0,1789639754.0
Rune platebody with trim.,2623,False,26000.0,8.0,65000.0,39000.0,Rune platebody (t).png,Rune platebody (t),39059.0,1789629290.0,38659.0,1789653668.0
These look pretty heavy.,1079,False,25600.0,70.0,64000.0,38400.0,Rune platelegs.png,Rune platelegs,38000.0,1789654310.0,37706.0,1789654429.0
Rune platelegs with gold trim.,2617,False,25600.0,8.0,64000.0,38400.0,Rune platelegs (g).png,Rune platelegs (g),46500.0,1789633626.0,41799.0,1789653178.0
Rune platelegs with trim.,2625,False,25600.0,8.0,64000.0,38400.0,Rune platelegs (t).png,Rune platelegs (t),38509.0,1789643352.0,38190.0,1789653613.0
Designer leg protection.,1093,False,25600.0,70.0,64000.0,38400.0,Rune plateskirt.png,Rune plateskirt,45934.0,1789654411.0,38439.0,1789654433.0
Rune plateskirt with gold trim.,3476,False,25600.0,8.0,64000.0,38400.0,Rune plateskirt (g).png,Rune plateskirt (g),38565.0,1789645473.0,37738.0,1789653713.0
Rune plateskirt with trim.,3477,False,25600.0,8.0,64000.0,38400.0,Rune plateskirt (t).png,Rune plateskirt (t),40000.0,1789630471.0,37370.0,1789649826.0
A note that may be exchanged at a bank for a Rune Pouch.,24587,True,84.0,40.0,210.0,126.0,Rune pouch note.png,Rune pouch note,3472000.0,1789654371.0,3413589.0,1789654358.0
"A vicious, curved sword.",1333,False,10240.0,70.0,25600.0,15360.0,Rune scimitar.png,Rune scimitar,14848.0,1789654405.0,14848.0,1789654433.0
Use on a rune scimitar to make it look fancier!,23321,False,2000.0,4.0,5000.0,3000.0,Rune scimitar ornament kit (Guthix).png,Rune scimitar ornament kit (Guthix),2704.0,1789649587.0,2699.0,1789652614.0
Use on a rune scimitar to make it look fancier!,23324,False,2000.0,4.0,5000.0,3000.0,Rune scimitar ornament kit (Saradomin).png,Rune scimitar ornament kit (Saradomin),5246.0,1789652781.0,4000.0,1789649868.0
Use on a rune scimitar to make it look fancier!,23327,False,2000.0,4.0,5000.0,3000.0,Rune scimitar ornament kit (Zamorak).png,Rune scimitar ornament kit (Zamorak),4042.0,1789652947.0,4644.0,1789652983.0
A shield with a heraldic design,7336,False,21760.0,70.0,54400.0,32640.0,Rune shield (h1).png,Rune shield (h1),70987.0,1789654384.0,68598.0,1789651829.0
A shield with a heraldic design,7342,False,21760.0,70.0,54400.0,32640.0,Rune shield (h2).png,Rune shield (h2),34302.0,1789653789.0,32000.0,1789653920.0
A shield with a heraldic design,7348,False,21760.0,70.0,54400.0,32640.0,Rune shield (h3).png,Rune shield (h3),32208.0,1789649598.0,30559.0,1789652502.0
A shield with a heraldic design,7354,False,21760.0,70.0,54400.0,32640.0,Rune shield (h4).png,Rune shield (h4),37000.0,1789653590.0,31740.0,1789651405.0
A shield with a heraldic design,7360,False,21760.0,70.0,54400.0,32640.0,Rune shield (h5).png,Rune shield (h5),33959.0,1789652035.0,32800.0,1789651045.0
A rune tipped spear.,1247,True,8320.0,70.0,20800.0,12480.0,Rune spear.png,Rune spear,11733.0,1789654319.0,11733.0,1789654428.0
A poisoned rune tipped spear.,1261,True,8320.0,70.0,20800.0,12480.0,Rune spear(p).png,Rune spear(p),13357.0,1787856161.0,12004.0,1787182913.0
A poisoned rune tipped spear.,5714,True,8320.0,70.0,20800.0,12480.0,Rune spear(p+).png,Rune spear(p+),14000.0,1789527201.0,5200.0,1789539848.0
A poisoned rune tipped spear.,5728,True,8320.0,70.0,20800.0,12480.0,Rune spear(p++).png,Rune spear(p++),15549.0,1789625668.0,11500.0,1789625684.0
A medium square shield.,1185,False,15360.0,70.0,38400.0,23040.0,Rune sq shield.png,Rune sq shield,22427.0,1789653619.0,22700.0,1789654417.0
A razor sharp sword.,1289,False,8320.0,70.0,20800.0,12480.0,Rune sword.png,Rune sword,11979.0,1789653118.0,12192.0,1789654392.0
A finely balanced throwing axe.,805,True,176.0,11000.0,440.0,264.0,Rune thrownaxe.png,Rune thrownaxe,220.0,1789653327.0,220.0,1789653957.0
"A set containing a full helm, platebody, legs and kiteshield.",13028,False,32000.0,8.0,80000.0,48000.0,Rune trimmed set (lg).png,Rune trimmed set (lg),130577.0,1789648536.0,144683.0,1789633298.0
"A set containing a full helm, platebody, skirt and kiteshield.",13030,False,32000.0,8.0,80000.0,48000.0,Rune trimmed set (sk).png,Rune trimmed set (sk),153836.0,1789636740.0,122209.0,1789588077.0
I don't think it's intended for joinery.,1347,False,16600.0,70.0,41500.0,24900.0,Rune warhammer.png,Rune warhammer,24521.0,1789654282.0,24451.0,1789654432.0
"A rough scroll with faint writing, on a malevolent dark red parchment.",25481,True,240.0,50.0,600.0,360.0,Runescroll of bloodbark.png,Runescroll of bloodbark,356.0,1789591929.0,349.0,1789653534.0
"A rough scroll with faint writing, on a deep green parchment.",25478,True,160.0,50.0,400.0,240.0,Runescroll of swampbark.png,Runescroll of swampbark,249.0,1789634121.0,248.0,1789651199.0
It's a bar of runite.,2363,False,2000.0,10000.0,5000.0,3000.0,Runite bar.png,Runite bar,12210.0,1789654374.0,12205.0,1789654434.0
Runite crossbow bolts.,9144,True,120.0,11000.0,300.0,180.0,Runite bolts 5.png,Runite bolts,80.0,1789654176.0,78.0,1789654355.0
Some poisoned runite bolts.,9291,True,120.0,11000.0,300.0,180.0,Runite bolts (p) 5.png,Runite bolts (p),345.0,1789648537.0,205.0,1789599378.0
Some poisoned runite bolts.,9298,True,120.0,11000.0,300.0,180.0,Runite bolts (p+) 5.png,Runite bolts (p+),341.0,1789648543.0,102.0,1789652069.0
Super poisoned runite bolts.,9305,True,120.0,11000.0,300.0,180.0,Runite bolts (p++) 5.png,Runite bolts (p++),773.0,1789653388.0,759.0,1789648318.0
Unfeathered runite crossbow bolts.,9381,True,1.0,13000.0,1.0,1.0,Runite bolts (unf) 5.png,Runite bolts (unf),113.0,1789654048.0,113.0,1789654409.0
An unstrung runite crossbow.,9465,True,6466.0,10000.0,16167.0,9700.0,Runite crossbow (u).png,Runite crossbow (u),9100.0,1789645444.0,9000.0,1789653923.0
A pair of runite crossbow limbs.,9431,True,6400.0,10000.0,16000.0,9600.0,Runite limbs.png,Runite limbs,9290.0,1789652728.0,9100.0,1789654301.0
This needs refining.,451,False,1280.0,4500.0,3200.0,1920.0,Runite ore.png,Runite ore,10150.0,1789654411.0,10150.0,1789654411.0
1 dose of sacred Oil.,3436,True,24.0,2000.0,60.0,36.0,Sacred oil(1).png,Sacred oil(1),693.0,1789427126.0,1024.0,1789630094.0
2 doses of sacred Oil.,3434,True,30.0,2000.0,75.0,45.0,Sacred oil(2).png,Sacred oil(2),1408.0,1789501468.0,1415.0,1789652269.0
3 doses of sacred Oil.,3432,True,36.0,2000.0,90.0,54.0,Sacred oil(3).png,Sacred oil(3),2772.0,1789599937.0,2018.0,1789604843.0
4 doses of sacred Oil.,3430,True,40.0,2000.0,100.0,60.0,Sacred oil(4).png,Sacred oil(4),3409.0,1789654422.0,2999.0,1789649075.0
Do they make me look... old?,12337,True,560.0,4.0,1400.0,840.0,Sagacious spectacles.png,Sagacious spectacles,252262.0,1789645089.0,301200.0,1789654378.0
"Vodka, apple, lime and... cactus spines?",31261,True,8.0,,20.0,12.0,Sailor's mirage.png,Sailor's mirage,212.0,1789442549.0,161.0,1789594139.0
Some nicely cooked salmon.,329,False,12.0,6000.0,30.0,18.0,Salmon.png,Salmon,31.0,1789654393.0,29.0,1789654102.0
A power that can be added to compost to make fertiliser.,13421,True,2.0,13000.0,5.0,3.0,Saltpetre.png,Saltpetre,4.0,1789654395.0,4.0,1789654389.0
A teleport to the Salve graveyard.,19619,True,1.0,10000.0,1.0,1.0,Salve graveyard teleport (tablet).png,Salve graveyard teleport (tablet),3619.0,1789654361.0,3426.0,1789653555.0
An aquamarine paint. This might look good on a boat.,32099,True,1.0,,1.0,1.0,Salvor's paint.png,Salvor's paint,307827.0,1789650722.0,317020.0,1789642899.0
Armoured boots of the Samurai.,20047,True,1800.0,70.0,4500.0,2700.0,Samurai boots.png,Samurai boots,4567.0,1789653660.0,2061.0,1789639511.0
Armoured gloves of the Samurai.,20041,True,1280.0,70.0,3200.0,1920.0,Samurai gloves.png,Samurai gloves,30892.0,1789654131.0,27418.0,1789653645.0
Armoured greaves of the Samurai.,20044,True,1280.0,70.0,3200.0,1920.0,Samurai greaves.png,Samurai greaves,17236.0,1789653669.0,12150.0,1789641530.0
A conical hat.,20035,True,1600.0,70.0,4000.0,2400.0,Samurai kasa.png,Samurai kasa,20089.0,1789653599.0,18851.0,1789647001.0
A type of shirt worn by the Samurai.,20038,True,2800.0,70.0,7000.0,4200.0,Samurai shirt.png,Samurai shirt,64500.0,1789653646.0,29895.0,1789647035.0
A large chunk of sandstone.,6977,True,1.0,100.0,1.0,1.0,Sandstone (10kg).png,Sandstone (10kg),2788.0,1789650844.0,15.0,1789641929.0
A tiny chunk of sandstone.,6971,True,1.0,100.0,1.0,1.0,Sandstone (1kg).png,Sandstone (1kg),4.0,1789624960.0,4.0,1789629893.0
A small chunk of sandstone.,6973,True,1.0,100.0,1.0,1.0,Sandstone (2kg).png,Sandstone (2kg),28114.0,1789650098.0,450.0,1789495370.0
A medium-sized chunk of sandstone.,6975,True,1.0,100.0,1.0,1.0,Sandstone (5kg).png,Sandstone (5kg),3448.0,1789648690.0,25.0,1789651540.0
Bottoms worn by a sandwich lady.,23318,False,120.0,4.0,300.0,180.0,Sandwich lady bottom.png,Sandwich lady bottom,3500.0,1789641367.0,500.0,1789643197.0
A hat worn by a sandwich lady.,23312,False,80.0,4.0,200.0,120.0,Sandwich lady hat.png,Sandwich lady hat,4216.0,1789645083.0,3003.0,1789645260.0
A top worn by a sandwich lady.,23315,False,200.0,4.0,500.0,300.0,Sandwich lady top.png,Sandwich lady top,5405.0,1789642245.0,6738.0,1789648996.0
Can be used as bait for catching anglerfish.,13431,True,36.0,8000.0,90.0,54.0,Sandworms.png,Sandworms,108.0,1789654264.0,105.0,1789652234.0
A 1 dose Sanfew Serum.,10931,True,48.0,2000.0,120.0,72.0,Sanfew serum(1).png,Sanfew serum(1),5201.0,1789654298.0,4710.0,1789654428.0
A 2 dose Sanfew Serum.,10929,True,72.0,2000.0,180.0,108.0,Sanfew serum(2).png,Sanfew serum(2),11900.0,1789652915.0,8600.0,1789651571.0
A 3 dose Sanfew Serum.,10927,True,96.0,2000.0,240.0,144.0,Sanfew serum(3).png,Sanfew serum(3),13750.0,1789629626.0,13785.0,1789653389.0
A 4 dose Sanfew Serum.,10925,True,120.0,2000.0,300.0,180.0,Sanfew serum(4).png,Sanfew serum(4),19098.0,1789654189.0,19001.0,1789654257.0
A sacred staff imbued with the power of blood. It is currently uncharged.,22481,True,2000000.0,8.0,5000000.0,3000000.0,Sanguinesti staff (uncharged).png,Sanguinesti staff (uncharged),17710609.0,1789654328.0,17138690.0,1789654074.0
It's a Santa hat.,1050,False,64.0,5.0,160.0,96.0,Santa hat.png,Santa hat,27386.0,1789653801.0,26274.0,1789654127.0
This looks valuable.,1607,False,100.0,13000.0,250.0,150.0,Sapphire.png,Sapphire,177.0,1789654287.0,175.0,1789654276.0
I wonder if I can get this enchanted.,1694,False,360.0,10000.0,900.0,540.0,Sapphire amulet.png,Sapphire amulet,427.0,1789654235.0,399.0,1789654115.0
It needs a string so I can wear it.,1675,False,360.0,10000.0,900.0,540.0,Sapphire amulet (u).png,Sapphire amulet (u),400.0,1789645535.0,400.0,1789653314.0
Sapphire bolt tips.,9189,True,6.0,11000.0,17.0,10.0,Sapphire bolt tips 5.png,Sapphire bolt tips,7.0,1789653740.0,7.0,1789653701.0
Sapphire tipped Mithril crossbow bolts.,9337,True,14.0,11000.0,37.0,22.0,Sapphire bolts 5.png,Sapphire bolts,34.0,1789642434.0,34.0,1789647143.0
Enchanted Sapphire tipped Mithril Crossbow Bolts.,9240,True,16.0,11000.0,40.0,24.0,Sapphire bolts (e) 5.png,Sapphire bolts (e),29.0,1789654076.0,25.0,1789654092.0
I wonder if this is valuable.,11072,True,460.0,10000.0,1150.0,690.0,Sapphire bracelet.png,Sapphire bracelet,560.0,1789644210.0,470.0,1789654321.0
"Dragon crossbow bolts, tipped with sapphire.",21963,True,300.0,11000.0,750.0,450.0,Sapphire dragon bolts 5.png,Sapphire dragon bolts,2721.0,1789652783.0,2655.0,1789650795.0
"Enchanted Dragon crossbow bolts, tipped with sapphire.",21940,True,312.0,11000.0,780.0,468.0,Sapphire dragon bolts (e) 5.png,Sapphire dragon bolts (e),2832.0,1789654381.0,2731.0,1789653238.0
There's a sapphire glacialis butterfly in here.,10018,True,12.0,125.0,30.0,18.0,Sapphire glacialis (item).png,Sapphire glacialis (item),110.0,1789639156.0,100.0,1789639125.0
There's a sapphire glacialis butterfly in here.,29198,True,12.0,,30.0,18.0,Sapphire glacialis mix (1).png,Sapphire glacialis mix (1),1.0,1786044602.0,700.0,1781888013.0
There's a sapphire glacialis butterfly in here.,29180,True,12.0,,30.0,18.0,Sapphire glacialis mix (2).png,Sapphire glacialis mix (2),473.0,1789642387.0,1633.0,1788377861.0
I wonder if this is valuable.,1656,False,420.0,18000.0,1050.0,630.0,Sapphire necklace.png,Sapphire necklace,489.0,1789654374.0,470.0,1789654337.0
A valuable ring.,1637,False,360.0,10000.0,900.0,540.0,Sapphire ring.png,Sapphire ring,485.0,1789654319.0,473.0,1789654431.0
Not to be confused with a Sarachnis cuddle.,23528,True,48000.0,70.0,120001.0,72000.0,Sarachnis cudgel.png,Sarachnis cudgel,120324.0,1789653956.0,114007.0,1789651476.0
"A set containing a full helm, platebody, legs and kiteshield.",13040,False,32000.0,8.0,80000.0,48000.0,Saradomin armour set (lg).png,Saradomin armour set (lg),226000.0,1789650809.0,217678.0,1789644722.0
"A set containing a full helm, platebody, skirt and kiteshield.",13042,False,32000.0,8.0,80000.0,48000.0,Saradomin armour set (sk).png,Saradomin armour set (sk),245245.0,1789640925.0,200000.0,1789533106.0
Saradomin blessed dragonhide vambraces.,10384,True,1600.0,8.0,4000.0,2400.0,Saradomin bracers.png,Saradomin bracers,14680.0,1789654002.0,13261.0,1789654138.0
1 dose of Saradomin brew.,6691,True,50.0,2000.0,125.0,75.0,Saradomin brew(1).png,Saradomin brew(1),1844.0,1789653432.0,1700.0,1789654272.0
2 doses of Saradomin brew.,6689,True,60.0,2000.0,150.0,90.0,Saradomin brew(2).png,Saradomin brew(2),3448.0,1789645204.0,3350.0,1789654421.0
3 doses of Saradomin brew.,6687,True,70.0,2000.0,175.0,105.0,Saradomin brew(3).png,Saradomin brew(3),5121.0,1789654398.0,5100.0,1789654291.0
4 doses of Saradomin brew.,6685,True,80.0,2000.0,200.0,120.0,Saradomin brew(4).png,Saradomin brew(4),7099.0,1789654432.0,7034.0,1789654428.0
Saradomin blessed dragonhide chaps.,10388,True,2400.0,8.0,6000.0,3600.0,Saradomin chaps.png,Saradomin chaps,154171.0,1789653861.0,143095.0,1789653348.0
A Saradomin cloak.,10446,True,800.0,8.0,2000.0,1200.0,Saradomin cloak.png,Saradomin cloak,19361.0,1789653098.0,19361.0,1789649159.0
Saradomin blessed dragonhide coif.,10390,True,800.0,8.0,2000.0,1200.0,Saradomin coif.png,Saradomin coif,33734.0,1789654400.0,28201.0,1789653585.0
A Saradomin crozier.,10440,True,2000.0,8.0,5000.0,3000.0,Saradomin crozier.png,Saradomin crozier,7000.0,1789651412.0,2700.0,1789650639.0
Saradomin blessed dragonhide body armour.,10386,True,5200.0,8.0,13000.0,7800.0,Saradomin d'hide body.png,Saradomin d'hide body,91427.0,1789652423.0,86587.0,1789653504.0
Saradomin blessed dragonhide boots.,19933,True,3720.0,8.0,9300.0,5580.0,Saradomin d'hide boots.png,Saradomin d'hide boots,135706.0,1789653878.0,121880.0,1789652840.0
Saradomin blessed wooden shield covered in dragon leather.,23191,True,11333.0,8.0,28334.0,17000.0,Saradomin d'hide shield.png,Saradomin d'hide shield,145441.0,1789653984.0,120015.0,1789648307.0
"A set containing a Saradomin dragonhide coif, body, chaps and vambraces.",13163,True,3600.0,8.0,9000.0,5400.0,Saradomin dragonhide set.png,Saradomin dragonhide set,359741.0,1789654096.0,320557.0,1789620325.0
Rune full helmet in the colours of Saradomin.,2665,False,14080.0,8.0,35200.0,21120.0,Saradomin full helm.png,Saradomin full helm,69139.0,1789645412.0,67000.0,1789646621.0
"A gracious, heavy sword.",11806,True,500000.0,8.0,1250000.0,750000.0,Saradomin godsword.png,Saradomin godsword,25044000.0,1789653879.0,25000002.0,1789654051.0
Use on a Saradomin godsword to make it look fancier!,20074,True,2000.0,4.0,5000.0,3000.0,Saradomin godsword ornament kit.png,Saradomin godsword ornament kit,5650000.0,1789652966.0,5410603.0,1789653485.0
Brimming with potential.,11814,True,200000.0,10000.0,500000.0,300000.0,Saradomin hilt.png,Saradomin hilt,24388827.0,1789498848.0,24175000.0,1789653114.0
Rune kiteshield in the colours of Saradomin.,2667,False,21760.0,8.0,54400.0,32640.0,Saradomin kiteshield.png,Saradomin kiteshield,51991.0,1789653155.0,46873.0,1789653621.0
A Saradomin mitre.,10452,True,2000.0,8.0,5000.0,3000.0,Saradomin mitre.png,Saradomin mitre,10000.0,1789652729.0,8500.0,1789652745.0
A Saradomin Mjolnir.,6762,True,250.0,8.0,625.0,375.0,Saradomin mjolnir.png,Saradomin mjolnir,3268.0,1789644877.0,2500.0,1789645625.0
This seems to have been torn from a book...,3827,True,80.0,5.0,200.0,120.0,Saradomin page 1.png,Saradomin page 1,1095.0,1789653769.0,1031.0,1789653755.0
This seems to have been torn from a book...,3828,True,80.0,5.0,200.0,120.0,Saradomin page 2.png,Saradomin page 2,664.0,1789651597.0,668.0,1789654292.0
This seems to have been torn from a book...,3829,True,80.0,5.0,200.0,120.0,Saradomin page 3.png,Saradomin page 3,14999.0,1789652307.0,1134.0,1789654374.0
This seems to have been torn from a book...,3830,True,80.0,5.0,200.0,120.0,Saradomin page 4.png,Saradomin page 4,666.0,1789652232.0,700.0,1789654273.0
Rune platebody in the colours of Saradomin.,2661,False,26000.0,8.0,65000.0,39000.0,Saradomin platebody.png,Saradomin platebody,47726.0,1789643961.0,45000.0,1789652538.0
Rune platelegs in the colours of Saradomin.,2663,False,25600.0,8.0,64000.0,38400.0,Saradomin platelegs.png,Saradomin platelegs,39134.0,1789653530.0,38100.0,1789651219.0
Rune plateskirt in the colours of Saradomin.,3479,False,25600.0,8.0,64000.0,38400.0,Saradomin plateskirt.png,Saradomin plateskirt,38401.0,1789645426.0,38000.0,1789653626.0
Leggings from the Saradomin Vestments.,10464,True,2800.0,8.0,7000.0,4200.0,Saradomin robe legs.png,Saradomin robe legs,37107.0,1789651024.0,33704.0,1789652171.0
Saradomin Vestments.,10458,True,2800.0,8.0,7000.0,4200.0,Saradomin robe top.png,Saradomin robe top,30220.0,1789651018.0,28601.0,1789651662.0
A Saradomin stole.,10470,True,1000.0,8.0,2500.0,1500.0,Saradomin stole.png,Saradomin stole,1108.0,1789654403.0,2129.0,1789646169.0
The incredible blade of an Icyene.,11838,True,52000.0,8.0,130000.0,78000.0,Saradomin sword.png,Saradomin sword,135867.0,1789653873.0,127681.0,1789653708.0
The starlight enlightens your mind to dispel the darkness of Zamorakian evil.,13256,True,13840.0,5.0,34600.0,20760.0,Saradomin's light.png,Saradomin's light,44879.0,1789653826.0,43369.0,1789646289.0
"After a terrible battle, Saradomin wept over the wounds of his faithful Zilyana.",12804,True,16000.0,50.0,40000.0,24000.0,Saradomin's tear.png,Saradomin's tear,6277638.0,1789654064.0,6258888.0,1789623644.0
Some nicely cooked sardines.,325,False,4.0,6000.0,10.0,6.0,Sardine.png,Sardine,12.0,1789653904.0,12.0,1789652900.0
This heart holds an ancient magical power within.,27641,True,240000.0,8.0,600000.0,360000.0,Saturated heart.png,Saturated heart,77275580.0,1789654363.0,75428703.0,1789654426.0
Good for cutting wood.,8794,True,4.0,40.0,10.0,6.0,Saw.png,Saw,340.0,1789653858.0,309.0,1789653487.0
Used to provide additional planks at the sawmill.,28628,True,40.0,10000.0,100.0,60.0,Sawmill voucher.png,Sawmill voucher,3292.0,1789646200.0,3215.0,1789652529.0
A scaled blue dragonhide.,27897,True,40.0,,100.0,60.0,Scaly blue dragonhide.png,Scaly blue dragonhide,361.0,1789654282.0,351.0,1789653978.0
A bowl of scrambled egg.,7078,True,3.0,13000.0,8.0,4.0,Scrambled egg.png,Scrambled egg,4899.0,1789352810.0,60.0,1789413389.0
A powerful scythe. It is currently uncharged.,22486,True,1600000.0,8.0,4000000.0,2400000.0,Scythe of Vitur (uncharged).png,Scythe of Vitur (uncharged),1205173020.0,1789654329.0,1200000000.0,1789654321.0
Tasty!,397,True,80.0,10000.0,200.0,120.0,Sea turtle.png,Sea turtle,1036.0,1789654406.0,1016.0,1789654348.0
It's still warm to the touch.,28931,True,80.0,11000.0,200.0,120.0,Searing page.png,Searing page,18467.0,1789654153.0,18358.0,1789652950.0
Sardine flavoured with doogle leaves.,1552,True,4.0,15.0,10.0,6.0,Seasoned sardine.png,Seasoned sardine,664.0,1789650169.0,646.0,1789609362.0
Slightly damp seaweed.,401,True,1.0,13000.0,2.0,1.0,Seaweed.png,Seaweed,5.0,1789653666.0,5.0,1789654353.0
A seaweed spore - plant in a seaweed patch.,21490,True,8.0,600.0,20.0,12.0,Seaweed spore 5.png,Seaweed spore,108.0,1789652224.0,100.0,1789654186.0
Good for pruning away diseased leaves.,5329,True,2.0,40.0,5.0,3.0,Secateurs.png,Secateurs,824.0,1789654339.0,248.0,1789642442.0
Collects leaves when chopping trees.,28161,True,40.0,10000.0,100.0,60.0,Secateurs attachment.png,Secateurs attachment,120.0,1789643706.0,120.0,1789580489.0
An ingredient for the secateurs attachment.,28159,True,400.0,,1000.0,600.0,Secateurs blade.png,Secateurs blade,4100.0,1789641907.0,1725.0,1789642514.0
WARNING: Contains information which could make your account secure!,9003,False,1.0,15.0,2.0,1.0,Security book.png,Security book,100.0,1789651502.0,98.0,1789651498.0
Use this to plant seeds with.,5343,True,2.0,40.0,6.0,3.0,Seed dibber.png,Seed dibber,349.0,1789654328.0,171.0,1789654109.0
Bloodwood-treated arrows with adamant heads.,33577,True,32.0,,80.0,48.0,Seeking adamant arrow 5.png,Seeking adamant arrow,395.0,1789516585.0,155.0,1789600383.0
Bloodwood-treated arrows with amethyst heads.,33589,True,196.0,,490.0,294.0,Seeking amethyst arrow 5.png,Seeking amethyst arrow,593.0,1789651678.0,571.0,1789654402.0
Bloodwood-treated arrows with bronze heads.,33553,True,1.0,,1.0,1.0,Seeking bronze arrow 5.png,Seeking bronze arrow,999.0,1789543367.0,100.0,1789581584.0
An arrow made using a dragon's talon.,33595,True,320.0,11000.0,800.0,480.0,Seeking dragon arrow 5.png,Seeking dragon arrow,2337.0,1789654324.0,2270.0,1789654286.0
Bloodwood-treated arrows with iron heads.,33559,True,1.0,,3.0,1.0,Seeking iron arrow 5.png,Seeking iron arrow,1000.0,1789197110.0,84.0,1789317414.0
Bloodwood-treated arrows with mithril heads.,33571,True,12.0,,32.0,19.0,Seeking mithril arrow 5.png,Seeking mithril arrow,650.0,1789621394.0,201.0,1789643883.0
Bloodwood-treated arrows with rune heads.,33583,True,160.0,,400.0,240.0,Seeking rune arrow 5.png,Seeking rune arrow,416.0,1789621100.0,300.0,1789647438.0
Bloodwood-treated arrows with steel heads.,33565,True,4.0,,12.0,7.0,Seeking steel arrow 5.png,Seeking steel arrow,169.0,1788026154.0,92.0,1789152242.0
An ancient Fremennik bow that was once used to battle the Moon Clan.,6724,True,3200.0,8.0,8000.0,4800.0,Seercull.png,Seercull,54995.0,1789654092.0,43122.0,1789653833.0
The icon of an archer.,28304,True,3200.0,,8000.0,4800.0,Seers icon.png,Seers icon,974967.0,1789642445.0,760960.0,1789508156.0
A mysterious ring that can fill the wearer with magical power...,6731,True,4000.0,8.0,10000.0,6000.0,Seers ring.png,Seers ring,843873.0,1789654209.0,822437.0,1789654286.0
A teleport to Senntisten.,12782,True,1.0,10000.0,1.0,1.0,Senntisten teleport (tablet).png,Senntisten teleport (tablet),2398.0,1789654111.0,1989.0,1789653726.0
Needs to be charged with Zulrah's scales.,12929,True,44000.0,8.0,110000.0,66000.0,Serpentine helm (uncharged).png,Serpentine helm (uncharged),3172861.0,1789654423.0,3103506.0,1789653986.0
Maybe you could use a chisel to craft this into a helmet.,12927,True,42000.0,5.0,105000.0,63000.0,Serpentine visage.png,Serpentine visage,3075000.0,1789628590.0,3075000.0,1789650164.0
1 dose serum 207 as described in Herbi Flax's diary.,3414,True,4.0,2000.0,11.0,6.0,Serum 207 (1).png,Serum 207 (1),149.0,1789650106.0,13.0,1789611145.0
2 doses serum 207 as described in Herbi Flax's diary.,3412,True,5.0,2000.0,13.0,7.0,Serum 207 (2).png,Serum 207 (2),3.0,1789465132.0,3.0,1789638285.0
3 doses serum 207 as described in Herbi Flax's diary.,3410,True,5.0,2000.0,13.0,7.0,Serum 207 (3).png,Serum 207 (3),31.0,1789582622.0,25.0,1789651549.0
4 doses serum 207 as described in Herbi Flax's diary.,3408,True,5.0,2000.0,14.0,8.0,Serum 207 (4).png,Serum 207 (4),50.0,1789651580.0,35.0,1789647773.0
"If a shade had knees, this would keep them nice and warm.",548,False,12.0,125.0,30.0,18.0,Shade robe.png,Shade robe,210.0,1789654239.0,121.0,1789651595.0
I feel closer to the gods when I am wearing this.,546,False,16.0,125.0,40.0,24.0,Shade robe top.png,Shade robe top,3500.0,1789650337.0,981.0,1789652297.0
Large glistening bones which glow with a pale yellow aura.,3123,True,1.0,7500.0,1.0,1.0,Shaikahan bones.png,Shaikahan bones,4988.0,1789586535.0,5000.0,1789572315.0
The mask worn by ogre shamans.,21838,False,3200.0,125.0,8000.0,4800.0,Shaman mask.png,Shaman mask,47300.0,1789652585.0,43002.0,1789651501.0
Allows you to pass through the Shantay pass into the Kharid Desert.,1854,True,2.0,18000.0,5.0,3.0,Shantay pass (item).png,Shantay pass (item),27.0,1789654401.0,26.0,1789651322.0
I'd better be careful eating this.,385,True,68.0,10000.0,170.0,102.0,Shark.png,Shark,999.0,1789654418.0,981.0,1789654301.0
Sharks just can't get enough of these,30900,True,4.0,10000.0,10.0,6.0,Shark lure.png,Shark lure,209.0,1789653825.0,209.0,1789651947.0
A grey paint. This might look good on a boat.,32090,True,1.0,5.0,1.0,1.0,Shark paint.png,Shark paint,816.0,1789653919.0,706.0,1789653614.0
A banner showcasing the colours of Leagues III - Shattered Relics.,26424,True,400.0,,1000.0,600.0,Shattered banner.png,Shattered banner,84181.0,1789620057.0,30000.0,1789443743.0
The boots of a Shattered Relic Hunter.,26436,True,6000.0,,15000.0,9000.0,Shattered boots (t1).png,Shattered boots (t1),18561.0,1789613849.0,10.0,1789614918.0
The boots of a Shattered Relic Hunter.,26448,True,,,15000.0,,Shattered boots (t2).png,Shattered boots (t2),126350.0,1789387686.0,125000.0,1789541855.0
The boots of a Shattered Relic Hunter.,26460,True,6000.0,,15000.0,9000.0,Shattered boots (t3).png,Shattered boots (t3),184357.0,1789517880.0,131000.0,1789517967.0
The cane of a Shattered relic hunter.,26517,True,400.0,,1000.0,600.0,Shattered cane.png,Shattered cane,1604609.0,1789647554.0,1505555.0,1789388971.0
An ornamental kit for the Dwarf multicannon in the style of Leagues III - Shattered Relics.,26528,True,10000.0,5.0,25000.0,15000.0,Shattered cannon ornament kit.png,Shattered cannon ornament kit,420000.0,1789651684.0,401948.0,1789652890.0
The headgear of a Shattered Relic Hunter.,26427,True,6000.0,,15000.0,9000.0,Shattered hood (t1).png,Shattered hood (t1),102405.0,1789594199.0,50000.0,1789523956.0
The headgear of a Shattered Relic Hunter.,26439,True,6000.0,,15000.0,9000.0,Shattered hood (t2).png,Shattered hood (t2),159541.0,1789589373.0,1000.0,1789459980.0
The headgear of a Shattered Relic Hunter.,26451,True,6000.0,,15000.0,9000.0,Shattered hood (t3).png,Shattered hood (t3),1544443.0,1789623129.0,1385000.0,1789629332.0
"A set containing Shattered boots (t1), Shattered trousers (t1), Shattered top (t1) and Shattered hood (t1).",26554,True,20000.0,,50000.0,30000.0,Shattered relic hunter (t1) armour set.png,Shattered relic hunter (t1) armour set,335564.0,1789609440.0,350000.0,1789589781.0
"A set containing Shattered boots (t2), Shattered trousers (t2), Shattered top (t2) and Shattered hood (t2).",26557,True,20000.0,,50000.0,30000.0,Shattered relic hunter (t2) armour set.png,Shattered relic hunter (t2) armour set,1077327.0,1789570008.0,1538843.0,1789173080.0
"A set containing Shattered boots (t3), Shattered trousers (t3), Shattered top (t3) and Shattered hood (t3).",26560,True,20000.0,,50000.0,30000.0,Shattered relic hunter (t3) armour set.png,Shattered relic hunter (t3) armour set,3860462.0,1789647884.0,3633005.0,1789570231.0
A kit that can be used to apply a Leagues III - Shattered Relics theme to a blue Mystic robe piece.,26541,True,10000.0,5.0,25000.0,15000.0,Shattered relics mystic ornament kit.png,Shattered relics mystic ornament kit,53053.0,1789650331.0,67878.0,1789614238.0
"A kit that can be used to apply a Leagues III - Shattered Relics theme to an Abyssal whip or Tentacle, Rune crossbow or God book piece.",26421,True,10000.0,5.0,25000.0,15000.0,Shattered relics variety ornament kit.png,Shattered relics variety ornament kit,705809.0,1789652689.0,610897.0,1789653810.0
A kit that can be used on void armour to theme it to Leagues III - Shattered Relics.,26479,True,10000.0,5.0,25000.0,15000.0,Shattered relics void ornament kit.png,Shattered relics void ornament kit,412339.0,1789653400.0,393961.0,1789653798.0
A scroll which unlocks the Shattered Relics home teleport animation.,26500,True,10000.0,,25000.0,15000.0,Shattered teleport scroll.png,Shattered teleport scroll,700000.0,1789649775.0,450000.0,1789465778.0
The shirt of a Shattered Relic Hunter.,26430,True,6000.0,,15000.0,9000.0,Shattered top (t1).png,Shattered top (t1),76259.0,1789629771.0,9069.0,1789440816.0
The shirt of a Shattered Relic Hunter.,26442,True,6000.0,,15000.0,9000.0,Shattered top (t2).png,Shattered top (t2),361000.0,1789480926.0,222222.0,1789459965.0
The shirt of a Shattered Relic Hunter.,26454,True,6000.0,,15000.0,9000.0,Shattered top (t3).png,Shattered top (t3),979000.0,1789510678.0,472000.0,1789511924.0
The trousers of a Shattered Relic Hunter.,26433,True,6000.0,,15000.0,9000.0,Shattered trousers (t1).png,Shattered trousers (t1),70852.0,1789577019.0,15000.0,1789599284.0
The trousers of a Shattered Relic Hunter.,26445,True,6000.0,,15000.0,9000.0,Shattered trousers (t2).png,Shattered trousers (t2),67688.0,1789599816.0,50000.0,1789543485.0
The trousers of a Shattered Relic Hunter.,26457,True,6000.0,,15000.0,9000.0,Shattered trousers (t3).png,Shattered trousers (t3),446240.0,1789634385.0,131313.0,1789511932.0
How does it all fit in there?,8596,True,4.0,500.0,10.0,6.0,Shaving stand (flatpack).png,Shaving stand (flatpack),100000.0,1784936108.0,100000.0,1784936107.0
A war torn banner baring the sigil of house Shayzien.,20263,True,28.0,4.0,70.0,42.0,Shayzien banner.png,Shayzien banner,15000.0,1789504224.0,2000.0,1789646618.0
A rare hood from Shayzien.,20125,True,1.0,4.0,1.0,1.0,Shayzien hood.png,Shayzien hood,9850.0,1789634442.0,2777.0,1789653649.0
A red scarf adorned with a skull.,19955,True,4000.0,4.0,10000.0,6000.0,Shayzien scarf.png,Shayzien scarf,127115.0,1789610581.0,5755.0,1789651519.0
For shearing sheep.,1735,False,1.0,40.0,1.0,1.0,Shears.png,Shears,140.0,1789654333.0,129.0,1789651902.0
The left half of a dragon square shield.,2366,True,44000.0,50.0,110000.0,66000.0,Shield left half.png,Shield left half,65170.0,1789652144.0,64850.0,1789653897.0
The right half of a dragon square shield.,2368,True,200000.0,50.0,500000.0,300000.0,Shield right half.png,Shield right half,799999.0,1789650323.0,750000.0,1789626404.0
Allows you passage on the 'Lady of the waves' ship.,621,True,2.0,18000.0,5.0,3.0,Ship ticket.png,Ship ticket,40000.0,1788914806.0,500.0,1789627210.0
Tiny!,5030,True,180.0,150.0,450.0,270.0,Shirt (brown).png,Shirt (brown),772.0,1789608010.0,10.0,1789494968.0
Tiny!,5034,True,250.0,150.0,625.0,375.0,Shirt (lilac).png,Shirt (lilac),1016.0,1789644828.0,533.0,1789619759.0
Tiny!,5032,True,240.0,150.0,600.0,360.0,Shirt (yellow).png,Shirt (yellow),1016.0,1789654127.0,45.0,1789302312.0
How does it all fit in there?,8610,True,4.0,500.0,10.0,6.0,Shoe box (flatpack).png,Shoe box (flatpack),6.0,1788958682.0,55.0,1788119869.0
A Short Green Guy... looks good.,2080,True,12.0,2000.0,30.0,18.0,Short green guy.png,Short green guy,3000.0,1789651237.0,3000.0,1789630513.0
Short but effective.,841,False,20.0,18000.0,50.0,30.0,Shortbow.png,Shortbow,61.0,1789653350.0,60.0,1789653987.0
I need to find a string for this.,50,True,9.0,10000.0,23.0,13.0,Shortbow (u).png,Shortbow (u),23.0,1789623813.0,17.0,1789648576.0
"Blue shorts, these would look great on dwarves!",5046,True,156.0,150.0,390.0,234.0,Shorts (blue).png,Shorts (blue),1500.0,1789651631.0,1500.0,1789644385.0
"These look great, on dwarves!",5042,True,112.0,150.0,280.0,168.0,Shorts (brown).png,Shorts (brown),1592.0,1789647568.0,25.0,1789576159.0
Yellow shorts. Far too small for you.,5044,True,144.0,150.0,360.0,216.0,Shorts (yellow).png,Shorts (yellow),1530.0,1789648439.0,25.0,1789576157.0
Polly want a cracker?,23300,False,400.0,4.0,1000.0,600.0,Shoulder parrot.png,Shoulder parrot,78986.0,1789648073.0,83982.0,1789651682.0
Some nicely cooked shrimp.,315,False,2.0,6000.0,5.0,3.0,Shrimps.png,Shrimps,32.0,1789654138.0,30.0,1789654265.0
A shrunk ogleroot! How odd...,11205,True,1.0,15.0,2.0,1.0,Shrunk ogleroot 5.png,Shrunk ogleroot,524.0,1789600265.0,524.0,1789615065.0
Used to make sickles.,2976,True,4.0,40.0,10.0,6.0,Sickle mould.png,Sickle mould,51.0,1789648282.0,51.0,1789653227.0
It's a sheet of silk.,950,False,12.0,18000.0,30.0,18.0,Silk.png,Silk,15.0,1789654220.0,15.0,1789653730.0
It's a bar of silver.,2355,False,60.0,10000.0,150.0,90.0,Silver bar.png,Silver bar,113.0,1789654366.0,110.0,1789654384.0
Silver crossbow bolts.,9145,True,2.0,11000.0,5.0,3.0,Silver bolts 5.png,Silver bolts,8.0,1789653313.0,7.0,1789647151.0
Some poisoned silver bolts.,9292,True,2.0,11000.0,5.0,3.0,Silver bolts (p) 5.png,Silver bolts (p),3500.0,1786404583.0,1792.0,1786900448.0
Some poisoned silver bolts.,9299,True,2.0,11000.0,5.0,3.0,Silver bolts (p+) 5.png,Silver bolts (p+),50.0,1789618692.0,4.0,1789617020.0
Some poisoned silver bolts.,9306,True,2.0,11000.0,5.0,3.0,Silver bolts (p++) 5.png,Silver bolts (p++),2.0,1785300874.0,407.0,1787164504.0
Unfeathered silver crossbow bolts.,9382,True,1.0,13000.0,1.0,1.0,Silver bolts (unf) 5.png,Silver bolts (unf),10.0,1789620496.0,2.0,1789620505.0
It's ground up silver.,7650,True,80.0,13000.0,200.0,120.0,Silver dust.png,Silver dust,900.0,1789653584.0,900.0,1789612478.0
Perhaps someone can do something with this.,25451,True,7680.0,8.0,19200.0,11520.0,Silver locks.png,Silver locks,10541.0,1789639821.0,10204.0,1789645643.0
This needs refining.,442,False,30.0,13000.0,75.0,45.0,Silver ore.png,Silver ore,68.0,1789652992.0,69.0,1789654396.0
It's a silver sickle.,2961,True,70.0,15.0,175.0,105.0,Silver sickle.png,Silver sickle,400.0,1789654416.0,240.0,1789652921.0
I can use this to make a crossbow string.,9436,True,1.0,13000.0,2.0,1.0,Sinew.png,Sinew,500.0,1789654056.0,500.0,1789645466.0
You get a sense of dread from this key.,993,True,32.0,11000.0,80.0,48.0,Sinister key.png,Sinister key,22585.0,1789619829.0,22800.0,1789650487.0
"A set containing a Skeletal helm, Skeletal top, Skeletal bottoms, Skeletal boots and Skeletal gloves.",31154,True,58000.0,2.0,145000.0,87000.0,Skeletal armour set.png,Skeletal armour set,999995.0,1789611419.0,607680.0,1789611466.0
"Some finely crafted Fremennik boots, made from the bones of a wallasalki.",6147,True,260.0,125.0,650.0,390.0,Skeletal boots.png,Skeletal boots,118518.0,1789506846.0,77555.0,1789620513.0
A superior set of strengthened slacks for any self respecting seer.,6141,True,16000.0,70.0,40000.0,24000.0,Skeletal bottoms.png,Skeletal bottoms,29000.0,1789623111.0,22300.0,1789653481.0
Fremennik gloves stitched together from wallasalki bones fragments.,6153,True,260.0,125.0,650.0,390.0,Skeletal gloves.png,Skeletal gloves,221094.0,1789614233.0,220555.0,1789623684.0
Make your foes cower by wearing a skull as a helmet!,6137,True,4000.0,70.0,10000.0,6000.0,Skeletal helm.png,Skeletal helm,240703.0,1789614200.0,140555.0,1789614379.0
The bones in this armour seem to vibrate with a magical quality...,6139,True,18000.0,70.0,45000.0,27000.0,Skeletal top.png,Skeletal top,26358.0,1789635055.0,26358.0,1789653479.0
It looks like this could be attached to a shield somehow.,22006,True,600000.0,5.0,1500000.0,900000.0,Skeletal visage.png,Skeletal visage,12072652.0,1789610789.0,11705003.0,1789654156.0
Generally used for impaling fresh meat.,7443,True,1280.0,50.0,3200.0,1920.0,Skewer.png,Skewer,2152.0,1789320350.0,280.0,1789323558.0
"A sharp pointed stick, quite resistant to fire.",6305,True,4.0,13000.0,10.0,6.0,Skewer stick.png,Skewer stick,30.0,1789650125.0,28.0,1789600236.0
You will need to recharge the necklace at the Legends Guild.,11113,True,8080.0,10000.0,20200.0,12120.0,Skills necklace.png,Skills necklace,11654.0,1789653135.0,11543.0,1789654376.0
This will help me travel.,11105,True,8080.0,10000.0,20200.0,12120.0,Skills necklace(4).png,Skills necklace(4),11622.0,1789654385.0,11564.0,1789651297.0
This will help me travel.,11968,True,8080.0,10000.0,20200.0,12120.0,Skills necklace(6).png,Skills necklace(6),11985.0,1789654413.0,11985.0,1789653949.0
A blue skirt.,5052,True,250.0,150.0,625.0,375.0,Skirt (blue).png,Skirt (blue),485.0,1789608655.0,2994.0,1788228940.0
A brown skirt. Size small!,5048,True,140.0,150.0,350.0,210.0,Skirt (brown).png,Skirt (brown),493.0,1789527042.0,1500.0,1789482841.0
Lilac skirt.,5050,True,220.0,150.0,550.0,330.0,Skirt (lilac).png,Skirt (lilac),463.0,1789608032.0,800.0,1788944929.0
"The skull of an oathbound warrior. Severed from its body, it still maintains some power.",27673,True,32000.0,8.0,80000.0,48000.0,Skull of Vet'ion.png,Skull of Vet'ion,49537.0,1789649853.0,48050.0,1789653402.0
A fearsome looking skull.,6163,True,24.0,11000.0,60.0,36.0,Skull piece.png,Skull piece,77344.0,1789472541.0,77344.0,1789543353.0
Don't make anyone jump when you ring this!,10952,True,60.0,40.0,150.0,90.0,Slayer bell.png,Slayer bell,91.0,1789654430.0,2.0,1789539856.0
The parchment contains a spell invented by Slayer Masters in ancient times.,21257,True,480.0,500.0,1200.0,720.0,Slayer's enchantment.png,Slayer's enchantment,1313.0,1789651871.0,1259.0,1789653797.0
Ale with bite.,5759,True,1.0,2000.0,2.0,1.0,Slayer's respite.png,Slayer's respite,112.0,1789653952.0,112.0,1789653966.0
This keg contains 4 pints of Slayer's Respite.,5841,True,1.0,2000.0,1.0,1.0,Slayer's respite(4).png,Slayer's respite(4),14973.0,1789368696.0,146248.0,1789186454.0
This looks a good deal stronger than normal Slayer's Respite.,5761,True,1.0,2000.0,2.0,1.0,Slayer's respite(m).png,Slayer's respite(m),35000.0,1789651178.0,25000.0,1789605699.0
This keg contains 4 pints of mature Slayer's Respite.,5921,True,1.0,2000.0,1.0,1.0,Slayer's respite(m4).png,Slayer's respite(m4),287288.0,1789483800.0,116000.0,1789494266.0
An old and magical staff.,4170,True,8400.0,70.0,21000.0,12600.0,Slayer's staff.png,Slayer's staff,24525.0,1789653918.0,21555.0,1789650410.0
A cap for wearing whilzzzzzzzzzz.,10398,True,800.0,4.0,2000.0,1200.0,Sleeping cap.png,Sleeping cap,25500.0,1789645907.0,15000.0,1789652679.0
You swear you had more than three slices before.,3162,False,1.0,15.0,2.0,1.0,Sliced banana.png,Sliced banana,57.0,1789652819.0,191.0,1789577264.0
A bowl of sliced Bittercap mushrooms.,7080,True,16.0,13000.0,42.0,25.0,Sliced mushrooms.png,Sliced mushrooms,113.0,1788853504.0,200.0,1789079515.0
You can plant this in your garden.,8441,True,6000.0,10000.0,15000.0,9000.0,Small box hedge (bagged).png,Small box hedge (bagged),15440.0,1789642546.0,11000.0,1789515010.0
Useful for catching small fish.,303,False,2.0,40.0,5.0,3.0,Small fishing net.png,Small fishing net,189.0,1789654232.0,187.0,1789654312.0
It gives a 10% accuracy and damage bonus for spells on the standard spellbook.,11998,True,6200.0,8.0,15500.0,9300.0,Smoke battlestaff.png,Smoke battlestaff,1961622.0,1789653638.0,1888821.0,1789654051.0
A combined Air and Fire Rune.,4697,True,8.0,18000.0,20.0,12.0,Smoke rune.png,Smoke rune,64.0,1789654369.0,64.0,1789654361.0
A smouldering stone from the depths of Hell.,13233,True,18000.0,5.0,45000.0,27000.0,Smouldering stone.png,Smouldering stone,3506177.0,1789654137.0,3368863.0,1789652958.0
Scaly but not slimy! It could be a useful material if it were tanned.,6287,True,14.0,13000.0,35.0,21.0,Snake hide.png,Snake hide,181.0,1789596422.0,195.0,1789652183.0
Scaly but not slimy!,7801,True,14.0,11000.0,35.0,21.0,Snake hide (swamp).png,Snake hide (swamp),280.0,1789651453.0,19.0,1789591762.0
Nicely tanned skin from a snake.,6289,True,20.0,13000.0,50.0,30.0,Snakeskin.png,Snakeskin,11.0,1789654264.0,10.0,1789653653.0
Lightweight head protection.,6326,True,120.0,125.0,300.0,180.0,Snakeskin bandana.png,Snakeskin bandana,263.0,1789652077.0,516.0,1789654188.0
Made from 100% real snakeskin.,6322,True,500.0,125.0,1250.0,750.0,Snakeskin body.png,Snakeskin body,1777.0,1789654106.0,830.0,1789653387.0
Made from snakes.,6328,True,100.0,125.0,250.0,150.0,Snakeskin boots.png,Snakeskin boots,266.0,1789654431.0,258.0,1789654186.0
Made from 100% real snake.,6324,True,470.0,125.0,1175.0,705.0,Snakeskin chaps.png,Snakeskin chaps,1253.0,1789654129.0,450.0,1789650461.0
A solid willow shield covered in snakeskin leather.,22272,True,368.0,125.0,920.0,552.0,Snakeskin shield.png,Snakeskin shield,207.0,1789653485.0,111.0,1789626508.0
Made from 100% real snake.,6330,True,173.0,125.0,434.0,260.0,Snakeskin vambraces.png,Snakeskin vambraces,157.0,1789653679.0,20.0,1789649029.0
A powerful herb.,3000,True,23.0,11000.0,59.0,35.0,Snapdragon.png,Snapdragon,7553.0,1789654430.0,7553.0,1789654279.0
I need another ingredient to finish this Snapdragon potion.,3004,True,23.0,10000.0,59.0,35.0,Snapdragon potion (unf).png,Snapdragon potion (unf),7922.0,1789654397.0,7900.0,1789654412.0
A snapdragon seed - plant in a herb patch.,5300,True,24.0,200.0,60.0,36.0,Snapdragon seed 5.png,Snapdragon seed,47000.0,1789654434.0,45687.0,1789654425.0
Strange spiky grass.,231,True,4.0,13000.0,10.0,6.0,Snape grass.png,Snape grass,1103.0,1789654418.0,1090.0,1789654375.0
A snape grass seed - plant in an allotment.,22879,True,37.0,200.0,94.0,56.0,Snape grass seed 5.png,Snape grass seed,9599.0,1789654398.0,9435.0,1789654323.0
There's a snowy knight butterfly in here.,10016,True,20.0,125.0,50.0,30.0,Snowy knight (item).png,Snowy knight (item),2014.0,1789653918.0,1754.0,1789654282.0
There's a snowy knight butterfly in here.,29201,True,20.0,,50.0,30.0,Snowy knight mix (1).png,Snowy knight mix (1),1500.0,1788557803.0,1000.0,1789624056.0
There's a snowy knight butterfly in here.,29183,True,20.0,,50.0,30.0,Snowy knight mix (2).png,Snowy knight mix (2),5150.0,1789652632.0,5200.0,1789633326.0
"It feels clammy, like second-hand toilet paper.",25578,True,68.0,11000.0,170.0,102.0,Soaked page.png,Soaked page,4250.0,1789653778.0,4242.0,1789654327.0
One of the ingredients for making glass.,1781,True,1.0,13000.0,2.0,1.0,Soda ash.png,Soda ash,21.0,1789653802.0,18.0,1789654224.0
Clay soft enough to mould.,1761,False,1.0,13000.0,2.0,1.0,Soft clay.png,Soft clay,128.0,1789653961.0,123.0,1789654371.0
It's a bit dirty.,30068,True,80.0,11000.0,200.0,120.0,Soiled page.png,Soiled page,4206.0,1789653801.0,4077.0,1789654030.0
Used for high level curse spells.,566,True,120.0,25000.0,300.0,180.0,Soul rune.png,Soul rune,383.0,1789654431.0,376.0,1789654424.0
A horn sculpted in the depths of the earth. Its violent reverbrations fan the flames of the soul.,30759,True,88000.0,5.0,220000.0,132000.0,Soulflame horn.png,Soulflame horn,3626000.0,1789654276.0,3500000.0,1789653571.0
An axe that manipulates the very lifeforce of those who touch it.,28338,True,96000.0,5.0,240000.0,144000.0,Soulreaper axe.png,Soulreaper axe,421838220.0,1789652018.0,415989000.0,1789654170.0
A slightly muddy spade.,952,False,1.0,40.0,3.0,1.0,Spade.png,Spade,151.0,1789654403.0,150.0,1789653267.0
A large spatula... of doom!,7439,True,768.0,50.0,1920.0,1152.0,Spatula.png,Spatula,1467.0,1788973417.0,111.0,1789504595.0
A sigil in the shape of a spectral symbol.,12823,True,300000.0,5.0,750000.0,450000.0,Spectral sigil.png,Spectral sigil,27169194.0,1789636782.0,22200002.0,1789632258.0
An ethereal shield with a spectral sigil attached to it.,12821,True,800000.0,8.0,2000000.0,1200000.0,Spectral spirit shield.png,Spectral spirit shield,23883920.0,1789651224.0,23268431.0,1789653071.0
This could liven up an otherwise bland stew.,2007,True,92.0,11000.0,230.0,138.0,Spice.png,Spice,78.0,1789654242.0,61.0,1789654283.0
Yum... smells spicy.,2213,True,1.0,6000.0,2.0,1.0,Spicy crunchies.png,Spicy crunchies,7000.0,1789643889.0,1600.0,1789628602.0
A bowl of fiery minced meat.,9996,True,3.0,8000.0,8.0,4.0,Spicy minced meat.png,Spicy minced meat,3248.0,1789631774.0,949.0,1789652834.0
A bowl of spicy sauce.,7072,True,3.0,13000.0,9.0,5.0,Spicy sauce.png,Spicy sauce,800.0,1789625696.0,1221.0,1789548066.0
A bowl of chopped tomatoes with an extra kick.,9994,True,1.0,8000.0,3.0,1.0,Spicy tomato.png,Spicy tomato,481.0,1789607349.0,481.0,1789491935.0
Its creeping days are over!,6291,True,6.0,13000.0,15.0,9.0,Spider carcass.png,Spider carcass,348.0,1789654424.0,96.0,1789654132.0
Teleports you to Morytania Spider Cave.,29782,True,4.0,,10.0,6.0,Spider cave teleport.png,Spider cave teleport,31080.0,1789654240.0,31080.0,1789654240.0
A nicely roasted spider threaded onto an arrow shaft.,6299,True,16.0,6000.0,40.0,24.0,Spider on shaft.png,Spider on shaft,25.0,1789649329.0,16.0,1789650824.0
A nicely roasted spider threaded onto a skewer stick.,6297,True,20.0,6000.0,50.0,30.0,Spider on stick.png,Spider on stick,366.0,1789647787.0,366.0,1789606599.0
Climbing boots with spikes.,3107,True,12.0,15.0,30.0,18.0,Spiked boots.png,Spiked boots,4663.0,1789653614.0,4003.0,1789652410.0
"Some very spikey metal bands, better make sure I don't cut myself while walking.",23389,True,1000.0,8.0,2500.0,1500.0,Spiked manacles.png,Spiked manacles,387995.0,1789653502.0,385847.0,1789653540.0
Attack at your own risk.,10077,True,64.0,125.0,160.0,96.0,Spiky vambraces.png,Spiky vambraces,95000.0,1789506595.0,600.0,1789646152.0
A home made spinach thing.,1969,False,1.0,50.0,1.0,1.0,Spinach roll.png,Spinach roll,500.0,1789650523.0,500.0,1789654225.0
"A set containing a Spined helm, Spined body, Spined chaps, Spined boots and Spined gloves.",31157,True,58000.0,,145000.0,87000.0,Spined armour set.png,Spined armour set,149995.0,1789652313.0,115555.0,1789591410.0
A constant reminder that I'm above a Dagannoth in the food chain.,6133,True,3120.0,70.0,7800.0,4680.0,Spined body.png,Spined body,8999.0,1789654105.0,5555.0,1789649636.0
"Some finely crafted Fremennik boots, made from spined dagannoth hide.",6143,True,260.0,125.0,650.0,390.0,Spined boots.png,Spined boots,4555.0,1789330577.0,4624.0,1789630533.0
Stylish leg armour for rangers with a lingering smell of raw fish...,6135,True,1560.0,70.0,3900.0,2340.0,Spined chaps.png,Spined chaps,29348.0,1789654091.0,22068.0,1789653489.0
Fremennik gloves stitched together from spined dagannoth hide.,6149,True,260.0,125.0,650.0,390.0,Spined gloves.png,Spined gloves,10000.0,1789652242.0,7555.0,1789632444.0
A helm fit for any Fremennik ranger.,6131,True,24000.0,70.0,60000.0,36000.0,Spined helm.png,Spined helm,44200.0,1789637586.0,40055.0,1789637599.0
You don't want to wear it inside-out.,4551,True,260.0,125.0,650.0,390.0,Spiny helmet.png,Spiny helmet,1894.0,1789654203.0,750.0,1789650956.0
An ethereal shield.,12829,True,28000.0,8.0,70000.0,42000.0,Spirit shield.png,Spirit shield,115000.0,1789654381.0,106813.0,1789654365.0
Used to repair bridges.,10812,True,36.0,11000.0,90.0,54.0,Split log.png,Split log,3800.0,1789654197.0,980.0,1789654095.0
Provides good protection.,3387,True,18000.0,70.0,45000.0,27000.0,Splitbark body.png,Splitbark body,28263.0,1789654256.0,27113.0,1789652210.0
Wooden foot protection.,3393,True,2000.0,70.0,5000.0,3000.0,Splitbark boots.png,Splitbark boots,10000.0,1789646619.0,7750.0,1789640385.0
These should keep my hands safe.,3391,True,2000.0,70.0,5000.0,3000.0,Splitbark gauntlets.png,Splitbark gauntlets,3372.0,1789653466.0,2305.0,1789650506.0
A wooden helmet.,3385,True,4000.0,70.0,10000.0,6000.0,Splitbark helm.png,Splitbark helm,11850.0,1789646723.0,6130.0,1789653265.0
These should protect my legs.,3389,True,16000.0,70.0,40000.0,24000.0,Splitbark legs.png,Splitbark legs,24409.0,1789654226.0,23500.0,1789652667.0
Use the spork.,7437,True,130.0,50.0,325.0,195.0,Spork.png,Spork,3898.0,1789168491.0,719.0,1789588947.0
A surprisingly aerodynamic cape.,10069,True,160.0,125.0,400.0,240.0,Spotted cape.png,Spotted cape,1160.0,1789653434.0,1160.0,1789614492.0
Maybe this is why people think furry dice make you go faster.,10125,True,60.0,10000.0,150.0,90.0,Spotted kebbit fur.png,Spotted kebbit fur,247.0,1789646506.0,121.0,1789653893.0
A really surprisingly aerodynamic cape.,10071,True,320.0,125.0,800.0,480.0,Spottier cape.png,Spottier cape,200.0,1789653860.0,10.0,1789645255.0
The beak of a squid.,31572,True,2000.0,,5000.0,3000.0,Squid beak.png,Squid beak,1099000.0,1789646140.0,1002003.0,1789652964.0
A paste made by crushing squid.,31569,True,40.0,,100.0,60.0,Squid paste.png,Squid paste,1009.0,1789633046.0,1211.0,1789654277.0
It's a slightly magical stick.,1379,False,6.0,125.0,15.0,9.0,Staff.png,Staff,223.0,1789652754.0,140.0,1789654279.0
A ghastly weapon with evil origins combined with an icon of balance.,24144,True,400001.0,,1000004.0,600002.0,Staff of Balance.png,Staff of Balance,24800000.0,1789606414.0,24111111.0,1789623620.0
A staff styled after the elusive cat.,23363,True,600.0,8.0,1500.0,900.0,Staff of Bob the Cat.png,Staff of Bob the Cat,127500.0,1789649021.0,117003.0,1789642499.0
A ghastly weapon with evil origins combined with a holy light.,22296,True,400002.0,8.0,1000005.0,600003.0,Staff of Light.png,Staff of Light,4995995.0,1789652103.0,4784188.0,1789650950.0
A Magical staff.,1381,False,600.0,125.0,1500.0,900.0,Staff of air.png,Staff of air,1291.0,1789654152.0,1284.0,1789654427.0
A Magical staff.,1385,False,600.0,125.0,1500.0,900.0,Staff of earth.png,Staff of earth,993.0,1789654267.0,752.0,1789654405.0
A Magical staff.,1387,False,600.0,125.0,1500.0,900.0,Staff of fire.png,Staff of fire,920.0,1789654408.0,820.0,1789654430.0
A ghastly weapon with evil origins.,11791,True,400002.0,8.0,1000005.0,600003.0,Staff of the Dead.png,Staff of the Dead,4953000.0,1789651158.0,4680581.0,1789653488.0
A Magical staff.,1383,False,600.0,125.0,1500.0,900.0,Staff of water.png,Staff of water,885.0,1789654078.0,855.0,1789654185.0
Baguette ready for pain.,20590,False,90.0,5.0,225.0,135.0,Stale baguette.png,Stale baguette,839341.0,1789651667.0,824813.0,1789651855.0
One dose of fishy stamina potion.,12635,True,36.0,2000.0,90.0,54.0,Stamina mix(1).png,Stamina mix(1),1700.0,1789599195.0,1700.0,1789599211.0
Two doses of fishy stamina potion.,12633,True,64.0,2000.0,160.0,96.0,Stamina mix(2).png,Stamina mix(2),1802.0,1789622186.0,1777.0,1789646012.0
1 dose of stamina potion.,12631,True,40.0,2000.0,100.0,60.0,Stamina potion(1).png,Stamina potion(1),974.0,1789653716.0,844.0,1789652392.0
2 doses of stamina potion.,12629,True,80.0,2000.0,200.0,120.0,Stamina potion(2).png,Stamina potion(2),1889.0,1789652467.0,1889.0,1789653978.0
3 doses of stamina potion.,12627,True,120.0,2000.0,300.0,180.0,Stamina potion(3).png,Stamina potion(3),3391.0,1789653732.0,3044.0,1789653698.0
4 doses of stamina potion.,12625,True,160.0,2000.0,400.0,240.0,Stamina potion(4).png,Stamina potion(4),3850.0,1789654411.0,3802.0,1789654399.0
It's a slightly magical stick.,11787,True,6800.0,8.0,17000.0,10200.0,Steam battlestaff.png,Steam battlestaff,47000.0,1789654097.0,45101.0,1789654212.0
A combined Water and Fire Rune.,4694,True,8.0,18000.0,20.0,12.0,Steam rune.png,Steam rune,91.0,1789654329.0,91.0,1789654319.0
Makes a steam battlestaff or mystic steam staff more beautiful.,12798,True,600.0,50.0,1500.0,900.0,Steam staff upgrade kit.png,Steam staff upgrade kit,630000.0,1789621028.0,590000.0,1789646804.0
A dwarven delight from Cam Torum.,29412,True,3.0,,8.0,4.0,Steamforge brew.png,Steamforge brew,3500.0,1789614959.0,100.0,1789528415.0
A two handed sword.,1311,False,400.0,125.0,1000.0,600.0,Steel 2h sword.png,Steel 2h sword,945.0,1789648537.0,352.0,1789653644.0
Arrows with steel heads.,886,False,4.0,7000.0,12.0,7.0,Steel arrow 5.png,Steel arrow,8.0,1789654189.0,8.0,1789654323.0
Venomous-looking arrows.,887,True,4.0,7000.0,12.0,7.0,Steel arrow(p) 5.png,Steel arrow(p),70.0,1789650868.0,159.0,1789082328.0
Venomous-looking arrows.,5618,True,4.0,7000.0,12.0,7.0,Steel arrow(p+) 5.png,Steel arrow(p+),169.0,1789431409.0,1689.0,1789224643.0
Venomous-looking arrows.,5624,True,4.0,7000.0,12.0,7.0,Steel arrow(p++) 5.png,Steel arrow(p++),933.0,1789551207.0,689.0,1789546299.0
I can make some arrows with these.,41,True,2.0,10000.0,6.0,3.0,Steel arrowtips.png,Steel arrowtips,41.0,1789653438.0,35.0,1789651120.0
A woodcutter's axe.,1353,False,80.0,40.0,200.0,120.0,Steel axe.png,Steel axe,166.0,1789654103.0,161.0,1789654061.0
It's a bar of steel.,2353,False,40.0,10000.0,100.0,60.0,Steel bar.png,Steel bar,661.0,1789654412.0,656.0,1789654417.0
A vicious looking axe.,1365,False,260.0,125.0,650.0,390.0,Steel battleaxe.png,Steel battleaxe,145.0,1789653967.0,100.0,1789653349.0
Steel crossbow bolts.,9141,True,3.0,7000.0,8.0,4.0,Steel bolts 5.png,Steel bolts,61.0,1789653422.0,58.0,1789653582.0
Some poisoned steel bolts.,9288,True,3.0,11000.0,8.0,4.0,Steel bolts (p) 5.png,Steel bolts (p),205.0,1789546224.0,245.0,1786492300.0
Some poisoned steel bolts.,9295,True,3.0,11000.0,8.0,4.0,Steel bolts (p+) 5.png,Steel bolts (p+),306.0,1787437284.0,291.0,1789285628.0
Super poisoned steel bolts.,9302,True,3.0,11000.0,8.0,4.0,Steel bolts (p++) 5.png,Steel bolts (p++),995.0,1787437093.0,2.0,1788315176.0
Unfeathered steel crossbow bolts.,9378,True,1.0,13000.0,1.0,1.0,Steel bolts (unf) 5.png,Steel bolts (unf),82.0,1789646601.0,66.0,1789652715.0
These will protect my feet.,4123,True,120.0,125.0,300.0,180.0,Steel boots.png,Steel boots,1435.0,1789650621.0,1421.0,1789652960.0
Blunt steel arrow... ouch.,4783,True,8.0,11000.0,20.0,12.0,Steel brutal 5.png,Steel brutal,165.0,1789654280.0,100.0,1789648796.0
Ammo suited for a boat's cannon or for a dwarf multicannon.,2,True,2.0,11000.0,5.0,3.0,Steel cannonball.png,Steel cannonball,245.0,1789654420.0,243.0,1789654379.0
A series of connected metal rings.,1105,False,300.0,125.0,750.0,450.0,Steel chainbody.png,Steel chainbody,3000.0,1789653504.0,242.0,1789653806.0
Ammo suited for a boat's cannon.,31922,True,4.0,,10.0,6.0,Steel chainshot cannonball.png,Steel chainshot cannonball,322.0,1789513447.0,389.0,1789275285.0
A set of fighting claws.,3097,True,70.0,125.0,175.0,105.0,Steel claws.png,Steel claws,271.0,1789604718.0,369.0,1789653463.0
A steel crossbow.,9179,True,144.0,125.0,360.0,216.0,Steel crossbow.png,Steel crossbow,108.0,1789654011.0,118.0,1789596413.0
An unstrung steel crossbow.,9459,True,130.0,10000.0,327.0,196.0,Steel crossbow (u).png,Steel crossbow (u),1.0,1789563613.0,100.0,1788604741.0
Short but pointy.,1207,False,50.0,125.0,125.0,75.0,Steel dagger.png,Steel dagger,174.0,1789654136.0,133.0,1789653506.0
The blade has been poisoned.,1223,True,50.0,125.0,125.0,75.0,Steel dagger(p).png,Steel dagger(p),296.0,1789168077.0,344.0,1787628754.0
The blade has been poisoned.,5672,True,50.0,125.0,125.0,75.0,Steel dagger(p+).png,Steel dagger(p+),90.0,1789106657.0,1.0,1788360987.0
The blade has been poisoned.,5690,True,50.0,125.0,125.0,75.0,Steel dagger(p++).png,Steel dagger(p++),4013.0,1789357587.0,4013.0,1789358510.0
A deadly throwing dart with a steel tip.,808,True,4.0,7000.0,10.0,6.0,Steel dart.png,Steel dart,4.0,1789654420.0,3.0,1789652704.0
A deadly-looking dart tip made of steel - needs feathers for flight.,821,True,2.0,13000.0,5.0,3.0,Steel dart tip.png,Steel dart tip,87.0,1789654253.0,84.0,1789654220.0
A deadly poisoned dart with a steel tip.,814,True,4.0,7000.0,10.0,6.0,Steel dart(p).png,Steel dart(p),1.0,1789192851.0,47.0,1787010523.0
A deadly poisoned dart with a steel tip.,5630,True,4.0,7000.0,10.0,6.0,Steel dart(p+).png,Steel dart(p+),94050.0,1788134089.0,126.0,1789184107.0
A deadly poisoned dart with a steel tip.,5637,True,4.0,7000.0,10.0,6.0,Steel dart(p++).png,Steel dart(p++),115.0,1788538738.0,128.0,1788972571.0
Do I look scary?,12367,True,4000.0,4.0,10000.0,6000.0,Steel dragon mask.png,Steel dragon mask,5573.0,1789511253.0,4550.0,1789653828.0
A woodcutter's axe.,28202,True,80.0,,200.0,120.0,Steel felling axe.png,Steel felling axe,1368743.0,1789353565.0,600555.0,1789487618.0
A full face helmet.,1157,False,220.0,125.0,550.0,330.0,Steel full helm.png,Steel full helm,125.0,1789654269.0,115.0,1789653825.0
A steel full helmet with gold trim.,20178,False,220.0,125.0,550.0,330.0,Steel full helm (g).png,Steel full helm (g),20000.0,1789615223.0,13000.0,1789654108.0
A steel full helmet with trim.,20193,False,220.0,125.0,550.0,330.0,Steel full helm (t).png,Steel full helm (t),11500.0,1789530533.0,11001.0,1789653034.0
"A set containing a full helm, platebody, legs and kiteshield.",20382,False,360.0,8.0,900.0,540.0,Steel gold-trimmed set (lg).png,Steel gold-trimmed set (lg),50676.0,1789616729.0,32250.0,1789588862.0
"A set containing a full helm, platebody, legs and kiteshield.",20385,False,360.0,8.0,900.0,540.0,Steel gold-trimmed set (sk).png,Steel gold-trimmed set (sk),66681.0,1789599501.0,30500.0,1789153700.0
A steel halberd.,3194,True,400.0,125.0,1000.0,600.0,Steel halberd.png,Steel halberd,2199.0,1789562313.0,2563.0,1788921252.0
"A steel-tipped, one-handed hasta.",11371,True,130.0,125.0,325.0,195.0,Steel hasta.png,Steel hasta,48.0,1789351660.0,5.0,1789612282.0
"A poison-tipped, one-handed steel hasta.",11393,True,130.0,125.0,325.0,195.0,Steel hasta(p).png,Steel hasta(p),999.0,1786465845.0,10.0,1781944999.0
"A poison-tipped, one-handed steel hasta.",11396,True,130.0,125.0,325.0,195.0,Steel hasta(p+).png,Steel hasta(p+),1486.0,1788960233.0,4000.0,1773783533.0
"A poison-tipped, one-handed steel hasta.",11398,True,130.0,125.0,325.0,195.0,Steel hasta(p++).png,Steel hasta(p++),5012.0,1786321294.0,6814.0,1783870504.0
Ammo suited for a boat's cannon.,31936,True,4.0,,10.0,6.0,Steel incendiary cannonball.png,Steel incendiary cannonball,1511.0,1789570593.0,388.0,1789579699.0
A steel tipped javelin.,827,True,9.0,7000.0,24.0,14.0,Steel javelin.png,Steel javelin,2.0,1789643679.0,2.0,1789639079.0
Needs a shaft.,19574,True,36.0,10000.0,90.0,54.0,Steel javelin tips 5.png,Steel javelin tips,84.0,1789643425.0,3.0,1789645532.0
A steel tipped javelin.,833,True,9.0,7000.0,24.0,14.0,Steel javelin(p).png,Steel javelin(p),95.0,1786817569.0,250000.0,1785633251.0
A steel tipped javelin.,5644,True,9.0,7000.0,24.0,14.0,Steel javelin(p+).png,Steel javelin(p+),50000.0,1788134016.0,50000.0,1786405491.0
A steel tipped javelin.,5650,True,9.0,7000.0,24.0,14.0,Steel javelin(p++).png,Steel javelin(p++),35.0,1786381304.0,34.0,1786573451.0
Parts for creating a steel keel for a boat.,32005,True,200.0,100.0,500.0,300.0,Steel keel parts.png,Steel keel parts,3000.0,1789653292.0,2719.0,1789653585.0
A large metal shield.,1193,False,340.0,125.0,850.0,510.0,Steel kiteshield.png,Steel kiteshield,393.0,1789654312.0,275.0,1789654286.0
Steel kiteshield with gold trim.,20181,False,340.0,125.0,850.0,510.0,Steel kiteshield (g).png,Steel kiteshield (g),14888.0,1789615230.0,7806.0,1789652483.0
Steel kiteshield with trim.,20196,False,340.0,125.0,850.0,510.0,Steel kiteshield (t).png,Steel kiteshield (t),11288.0,1789535444.0,11001.0,1789650436.0
A finely balanced throwing knife.,865,True,4.0,7000.0,11.0,6.0,Steel knife.png,Steel knife,57.0,1789647895.0,57.0,1789653951.0
A finely balanced throwing knife.,872,True,4.0,7000.0,10.0,6.0,Steel knife(p).png,Steel knife(p),94.0,1789201993.0,5888.0,1789170941.0
A finely balanced throwing knife.,5656,True,4.0,7000.0,10.0,6.0,Steel knife(p+).png,Steel knife(p+),5000.0,1788133896.0,4999.0,1775395690.0
A finely balanced throwing knife.,5663,True,4.0,7000.0,10.0,6.0,Steel knife(p++).png,Steel knife(p++),534.0,1789541145.0,787.0,1787258849.0
A pair of steel crossbow limbs.,9425,True,100.0,10000.0,250.0,150.0,Steel limbs.png,Steel limbs,152.0,1789614820.0,125.0,1789523003.0
Perhaps someone can do something with this.,25445,True,640.0,8.0,1600.0,960.0,Steel locks.png,Steel locks,574.0,1789650418.0,250.0,1789613754.0
A razor sharp longsword.,1295,False,200.0,125.0,500.0,300.0,Steel longsword.png,Steel longsword,109.0,1789654276.0,105.0,1789653504.0
A spiky mace.,1424,False,90.0,125.0,225.0,135.0,Steel mace.png,Steel mace,79.0,1789654123.0,32.0,1789653667.0
A medium sized helmet.,1141,False,120.0,125.0,300.0,180.0,Steel med helm.png,Steel med helm,57.0,1789653893.0,28.0,1789654410.0
Keeps things in place fairly permanently.,1539,False,1.0,13000.0,3.0,1.0,Steel nails.png,Steel nails,30.0,1789654412.0,30.0,1789654066.0
Used for mining.,1269,False,200.0,40.0,500.0,300.0,Steel pickaxe.png,Steel pickaxe,180.0,1789654074.0,150.0,1789654368.0
Provides excellent protection.,1119,False,800.0,125.0,2000.0,1200.0,Steel platebody.png,Steel platebody,993.0,1789654381.0,990.0,1789654205.0
Steel platebody with a gold trim.,20169,False,800.0,125.0,2000.0,1200.0,Steel platebody (g).png,Steel platebody (g),17500.0,1789615241.0,13222.0,1789652450.0
Steel platebody with a trim.,20184,False,800.0,125.0,2000.0,1200.0,Steel platebody (t).png,Steel platebody (t),10058.0,1789599302.0,10058.0,1789653087.0
These look pretty heavy.,1069,False,400.0,125.0,1000.0,600.0,Steel platelegs.png,Steel platelegs,287.0,1789654390.0,250.0,1789653974.0
Steel platelegs with a gold trim.,20172,False,400.0,125.0,1000.0,600.0,Steel platelegs (g).png,Steel platelegs (g),9854.0,1789615252.0,5926.0,1789653779.0
Steel platelegs with a trim.,20187,False,400.0,125.0,1000.0,600.0,Steel platelegs (t).png,Steel platelegs (t),3219.0,1789617813.0,610.0,1789608737.0
Designer leg protection.,1083,False,400.0,125.0,1000.0,600.0,Steel plateskirt.png,Steel plateskirt,327.0,1789653506.0,327.0,1789653078.0
Steel plateskirt with a gold trim.,20175,False,400.0,125.0,1000.0,600.0,Steel plateskirt (g).png,Steel plateskirt (g),2000.0,1789653308.0,2000.0,1789637784.0
Steel plateskirt with a trim.,20190,False,400.0,125.0,1000.0,600.0,Steel plateskirt (t).png,Steel plateskirt (t),2542.0,1789592300.0,2537.0,1789644244.0
A very old enchanted ring.,30895,True,6000.0,,15000.0,9000.0,Steel ring.png,Steel ring,166235.0,1789653897.0,145117.0,1789653866.0
"A vicious, curved sword.",1325,False,160.0,125.0,400.0,240.0,Steel scimitar.png,Steel scimitar,90.0,1789654132.0,83.0,1789652174.0
"A set containing a full helm, platebody, legs and kiteshield.",12984,False,560.0,8.0,1400.0,840.0,Steel set (lg).png,Steel set (lg),3900.0,1789654162.0,2113.0,1789649389.0
"A set containing a full helm, platebody, skirt and kiteshield.",12986,False,560.0,8.0,1400.0,840.0,Steel set (sk).png,Steel set (sk),2020.0,1789623910.0,2023.0,1789493003.0
A steel tipped spear.,1241,True,130.0,125.0,325.0,195.0,Steel spear.png,Steel spear,1087.0,1789606681.0,569.0,1789651764.0
A poisoned steel tipped spear.,1255,True,130.0,125.0,325.0,195.0,Steel spear(p).png,Steel spear(p),5.0,1789523984.0,5.0,1789594249.0
A poisoned steel tipped spear.,5708,True,130.0,125.0,325.0,195.0,Steel spear(p+).png,Steel spear(p+),170.0,1782545879.0,1.0,1778033073.0
A poisoned steel tipped spear.,5722,True,130.0,125.0,325.0,195.0,Steel spear(p++).png,Steel spear(p++),475.0,1789231702.0,120.0,1785031757.0
A medium square shield.,1177,False,240.0,125.0,600.0,360.0,Steel sq shield.png,Steel sq shield,485.0,1789651753.0,124.0,1789650681.0
A set of studs for leather armour.,2370,True,60.0,13000.0,150.0,90.0,Steel studs.png,Steel studs,800.0,1789651797.0,311.0,1789651717.0
A razor sharp sword.,1281,False,130.0,125.0,325.0,195.0,Steel sword.png,Steel sword,231.0,1789654089.0,53.0,1789653913.0
A finely balanced throwing axe.,802,True,10.0,7000.0,26.0,15.0,Steel thrownaxe.png,Steel thrownaxe,48.0,1789604366.0,48.0,1789534524.0
"A set containing a full helm, platebody, legs and kiteshield.",20376,False,360.0,8.0,900.0,540.0,Steel trimmed set (lg).png,Steel trimmed set (lg),56429.0,1789607524.0,52806.0,1789562750.0
"A set containing a full helm, platebody, skirt and kiteshield.",20379,False,360.0,8.0,900.0,540.0,Steel trimmed set (sk).png,Steel trimmed set (sk),55999.0,1789376885.0,49873.0,1788758361.0
I don't think it's intended for joinery.,1339,False,256.0,125.0,640.0,384.0,Steel warhammer.png,Steel warhammer,144.0,1789654306.0,108.0,1789652190.0
It's a meat and potato stew.,2003,False,8.0,10000.0,20.0,12.0,Stew.png,Stew,130.0,1789654335.0,127.0,1789654341.0
Little ornament in the shape of a scarab.,9030,True,8.0,13000.0,20.0,12.0,Stone scarab.png,Stone scarab,165.0,1789652076.0,160.0,1789654337.0
A seal. Made out of stone obviously.,9042,True,8.0,13000.0,20.0,12.0,Stone seal.png,Stone seal,147.0,1789653543.0,145.0,1789652579.0
A small statuette.,9038,True,8.0,13000.0,20.0,12.0,Stone statuette.png,Stone statuette,196.0,1789654380.0,196.0,1789651520.0
The crushed rock seems to glow and is warm to the touch.,22601,True,36.0,10000.0,90.0,54.0,Stony basalt.png,Stony basalt,1345.0,1789654311.0,1322.0,1789652712.0
I wonder what this tastes like?,464,True,1.0,2000.0,1.0,1.0,Strange fruit.png,Strange fruit,379.0,1789648816.0,377.0,1789653490.0
A pristine set of lockpicks engraved with six names.,24740,True,12800.0,50.0,32000.0,19200.0,Strange old lockpick (full).png,Strange old lockpick (full),19000.0,1789654327.0,19216.0,1789654220.0
A fruit basket filled with strawberries.,5406,True,1.0,200.0,1.0,1.0,Strawberries(5).png,Strawberries(5),843.0,1789653947.0,499.0,1789652705.0
A freshly picked strawberry.,5504,True,6.0,11000.0,17.0,10.0,Strawberry.png,Strawberry,72.0,1789654122.0,72.0,1789651972.0
A strawberry seed - plant in an allotment.,5323,True,7.0,600.0,18.0,10.0,Strawberry seed 5.png,Strawberry seed,7.0,1789654300.0,7.0,1789654158.0
An enchanted ruby amulet.,10364,False,810.0,5.0,2025.0,1215.0,Strength amulet (t).png,Strength amulet (t),22998.0,1789654336.0,20589.0,1789654266.0
One dose of fishy strength potion.,11441,True,4.0,2000.0,11.0,6.0,Strength mix(1).png,Strength mix(1),32.0,1788850964.0,259.0,1781814226.0
Two doses of fishy strength potion.,11443,True,5.0,2000.0,13.0,7.0,Strength mix(2).png,Strength mix(2),48.0,1789653440.0,50.0,1789615742.0
1 dose of Strength potion.,119,False,4.0,2000.0,11.0,6.0,Strength potion(1).png,Strength potion(1),25.0,1789631897.0,25.0,1789652830.0
2 doses of Strength potion.,117,False,5.0,2000.0,13.0,7.0,Strength potion(2).png,Strength potion(2),44.0,1789649334.0,44.0,1789654290.0
3 doses of Strength potion.,115,False,5.0,2000.0,13.0,7.0,Strength potion(3).png,Strength potion(3),72.0,1789651437.0,72.0,1789653891.0
4 doses of Strength potion.,113,False,5.0,2000.0,14.0,8.0,Strength potion(4).png,Strength potion(4),110.0,1789653982.0,110.0,1789654128.0
A weathered chunk of dagannoth hide.,6173,True,24.0,11000.0,60.0,36.0,Stretched hide.png,Stretched hide,2172.0,1789651967.0,3000.0,1789338993.0
Attractive to other birds and hunters alike.,10087,True,8.0,8000.0,20.0,12.0,Stripy feather.png,Stripy feather,23.0,1789653020.0,19.0,1789649493.0
A sea worthy shirt.,7110,True,120.0,150.0,300.0,180.0,Stripy pirate shirt (beige).png,Stripy pirate shirt (beige),10.0,1789642434.0,1.0,1788041437.0
A sea worthy shirt.,7128,True,120.0,150.0,300.0,180.0,Stripy pirate shirt (blue).png,Stripy pirate shirt (blue),85.0,1789650669.0,291.0,1788902211.0
A sea worthy shirt.,7134,True,120.0,150.0,300.0,180.0,Stripy pirate shirt (brown).png,Stripy pirate shirt (brown),440.0,1789642405.0,5.0,1789526347.0
A sea worthy shirt.,7122,True,120.0,150.0,300.0,180.0,Stripy pirate shirt (red).png,Stripy pirate shirt (red),88.0,1789643365.0,6.0,1789651276.0
Information regarding the Stronghold of Security.,9004,False,1.0,15.0,2.0,1.0,Stronghold notes.png,Stronghold notes,600.0,1789645619.0,290.0,1789646030.0
Not so lucky for the rabbit.,10132,True,12.0,150.0,30.0,18.0,Strung rabbit foot.png,Strung rabbit foot,2599.0,1789650933.0,1000.0,1789635296.0
The bones of a deadly strykewyrm.,31726,True,64.0,,160.0,96.0,Strykewyrm bones.png,Strykewyrm bones,2800.0,1789651769.0,2712.0,1789654403.0
Those studs should provide a bit more protection.,1133,False,340.0,125.0,850.0,510.0,Studded body.png,Studded body,360.0,1789654086.0,320.0,1789654106.0
Those studs should provide a bit more protection. Nice trim too!,7362,False,340.0,8.0,850.0,510.0,Studded body (g).png,Studded body (g),5737.0,1789653647.0,4500.0,1789653001.0
Those studs should provide a bit more protection. Nice trim too!,7364,False,340.0,8.0,850.0,510.0,Studded body (t).png,Studded body (t),6000.0,1789647139.0,5250.0,1789653154.0
Those studs should provide a bit more protection.,1097,False,300.0,125.0,750.0,450.0,Studded chaps.png,Studded chaps,490.0,1789654242.0,400.0,1789653839.0
Those studs should provide a bit more protection. Nice trim too!,7366,False,300.0,8.0,750.0,450.0,Studded chaps (g).png,Studded chaps (g),8112.0,1789653635.0,2200.0,1789649378.0
Those studs should provide a bit more protection. Nice trim too!,7368,False,300.0,8.0,750.0,450.0,Studded chaps (t).png,Studded chaps (t),8068.0,1789626078.0,3763.0,1789644095.0
I can use this to combine the forestry kit and log basket into one tool.,28149,True,2000.0,,5000.0,3000.0,Sturdy harness.png,Sturdy harness,718000.0,1789652655.0,690100.0,1789651223.0
An alien feather from an alien bird.,33651,True,4.0,,12.0,7.0,Stymphike feather.png,Stymphike feather,41.0,1789651578.0,39.0,1789654339.0
A Sulliuscep mushroom cap. Edible? Probably...,21626,True,1.0,100.0,3.0,1.0,Sulliuscep cap.png,Sulliuscep cap,10579.0,1789651044.0,9997.0,1789647194.0
Are these explosive?,29084,True,12000.0,15.0,30000.0,18000.0,Sulphur blades.png,Sulphur blades,96794.0,1789653572.0,97164.0,1789653679.0
All the fruits of a very small forest.,7218,True,56.0,10000.0,140.0,84.0,Summer pie.png,Summer pie,698.0,1789654330.0,677.0,1789654290.0
A tablet containing a magic spell.,31441,True,1.0,,1.0,1.0,Summon boat (tablet).png,Summon boat,791.0,1789653081.0,664.0,1789639189.0
A highly desirable liquor.,29421,True,40.0,,100.0,60.0,Sun-shine.png,Sun-shine,8000.0,1788847352.0,240.0,1789606533.0
Just the thing you need for a day in the sun.,29409,True,3.0,,8.0,4.0,Sunbeam ale.png,Sunbeam ale,399.0,1789620395.0,208.0,1789618308.0
"A set containing a Sunfire Fanatic Helm, Sunfire Fanatic Platebody and Sunfire Fanatic Platelegs.",29424,True,22000.0,,55000.0,33000.0,Sunfire fanatic armour set.png,Sunfire fanatic armour set,7400000.0,1789653936.0,7200000.0,1789652945.0
Chausses forged from sunfire.,28939,True,200000.0,,500000.0,300000.0,Sunfire fanatic chausses.png,Sunfire fanatic chausses,3567363.0,1789654320.0,3459728.0,1789654311.0
A cuirass forged from sunfire.,28936,True,200000.0,,500000.0,300000.0,Sunfire fanatic cuirass.png,Sunfire fanatic cuirass,2044428.0,1789651589.0,2018000.0,1789653742.0
A helmet forged from sunfire.,28933,True,150000.0,,375000.0,225000.0,Sunfire fanatic helm.png,Sunfire fanatic helm,1674315.0,1789653635.0,1635000.0,1789653855.0
A fire rune empowered by the sun.,28929,True,8.0,18000.0,20.0,12.0,Sunfire rune.png,Sunfire rune,106.0,1789651083.0,105.0,1789652450.0
Vaporised material from the sun.,28924,True,40.0,30000.0,100.0,60.0,Sunfire splinters 4.png,Sunfire splinters,369.0,1789654261.0,367.0,1789654247.0
I don't think I can stick it back on.,29168,True,1.0,,1.0,1.0,Sunlight antelope antler.png,Sunlight antelope antler,2142.0,1789648331.0,2127.0,1789653667.0
I can make something out of this.,29177,True,4.0,,10.0,6.0,Sunlight antelope fur.png,Sunlight antelope fur,840.0,1789653390.0,801.0,1789654384.0
Bolts made from the antlers of a sunlight antelope.,28872,True,12.0,11000.0,31.0,18.0,Sunlight antler bolts 5.png,Sunlight antler bolts,217.0,1789653711.0,198.0,1789654022.0
There's a sunlight moth in here.,28890,True,1.0,,1.0,1.0,Sunlight moth (item).png,Sunlight moth (item),1140.0,1789648971.0,706.0,1789644520.0
There's a sunlight moth in here.,29210,True,12.0,,30.0,18.0,Sunlight moth mix (1).png,Sunlight moth mix (1),99999.0,1784799438.0,1012.0,1789632061.0
There's a sunlight moth in here.,29192,True,12.0,125.0,30.0,18.0,Sunlight moth mix (2).png,Sunlight moth mix (2),3999.0,1789645546.0,3303.0,1789654051.0
One dose of fishy super anti-firebreath potion.,21997,True,52.0,2000.0,132.0,79.0,Super antifire mix(1).png,Super antifire mix(1),219999.0,1775333291.0,800.0,1788524549.0
Two doses of fishy super anti-firebreath potion.,21994,True,79.0,2000.0,198.0,118.0,Super antifire mix(2).png,Super antifire mix(2),40000.0,1789640596.0,3883.0,1789640607.0
1 dose of super anti-firebreath potion.,21987,True,272.0,2000.0,680.0,408.0,Super antifire potion(1).png,Super antifire potion(1),4630.0,1789647649.0,4101.0,1789647212.0
2 doses of super anti-firebreath potion.,21984,True,288.0,2000.0,720.0,432.0,Super antifire potion(2).png,Super antifire potion(2),9878.0,1789643995.0,7888.0,1789644378.0
3 doses of super anti-firebreath potion.,21981,True,304.0,2000.0,760.0,456.0,Super antifire potion(3).png,Super antifire potion(3),15000.0,1789643320.0,14000.0,1789652578.0
4 doses of super anti-firebreath potion.,21978,True,320.0,2000.0,800.0,480.0,Super antifire potion(4).png,Super antifire potion(4),20000.0,1789654426.0,19425.0,1789653092.0
1 dose of super Attack potion.,149,True,36.0,2000.0,90.0,54.0,Super attack(1).png,Super attack(1),521.0,1789620146.0,500.0,1789652178.0
2 doses of super Attack potion.,147,True,54.0,2000.0,135.0,81.0,Super attack(2).png,Super attack(2),970.0,1789617129.0,1018.0,1789652885.0
3 doses of super Attack potion.,145,True,72.0,2000.0,180.0,108.0,Super attack(3).png,Super attack(3),1480.0,1789651508.0,1490.0,1789654357.0
4 doses of super Attack potion.,2436,True,90.0,2000.0,225.0,135.0,Super attack(4).png,Super attack(4),2111.0,1789654329.0,2045.0,1789653654.0
1 dose of super combat potion.,12701,True,16.0,2000.0,40.0,24.0,Super combat potion(1).png,Super combat potion(1),3292.0,1789654343.0,3207.0,1789654036.0
2 doses of super combat potion.,12699,True,36.0,2000.0,90.0,54.0,Super combat potion(2).png,Super combat potion(2),6475.0,1789653956.0,6073.0,1789654407.0
3 doses of super combat potion.,12697,True,68.0,2000.0,170.0,102.0,Super combat potion(3).png,Super combat potion(3),9395.0,1789654014.0,9011.0,1789653914.0
4 doses of super combat potion.,12695,True,100.0,2000.0,250.0,150.0,Super combat potion(4).png,Super combat potion(4),12250.0,1789654207.0,12186.0,1789654423.0
One dose of fishy super Defence potion.,11499,True,52.0,2000.0,132.0,79.0,Super def. mix(1).png,Super def. mix(1),507.0,1789604983.0,507.0,1789603911.0
Two doses of fishy super Defence potion.,11497,True,79.0,2000.0,198.0,118.0,Super def. mix(2).png,Super def. mix(2),1036.0,1789653160.0,720.0,1789650024.0
1 dose of super Defence potion.,167,True,52.0,2000.0,132.0,79.0,Super defence(1).png,Super defence(1),850.0,1789553567.0,1597.0,1789651858.0
2 doses of super Defence potion.,165,True,79.0,2000.0,198.0,118.0,Super defence(2).png,Super defence(2),1004.0,1789604911.0,1601.0,1789652337.0
3 doses of super Defence potion.,163,True,105.0,2000.0,264.0,158.0,Super defence(3).png,Super defence(3),2427.0,1789651123.0,2413.0,1789654350.0
4 doses of super Defence potion.,2442,True,132.0,2000.0,330.0,198.0,Super defence(4).png,Super defence(4),3460.0,1789654376.0,3345.0,1789653214.0
One dose of fishy super energy potion.,11483,True,36.0,2000.0,90.0,54.0,Super energy mix(1).png,Super energy mix(1),20000.0,1788873836.0,1000.0,1779112049.0
Two doses of fishy super energy potion.,11481,True,64.0,2000.0,160.0,96.0,Super energy mix(2).png,Super energy mix(2),1000.0,1789631433.0,418.0,1789564761.0
1 dose of super energy potion.,3022,True,36.0,2000.0,90.0,54.0,Super energy(1).png,Super energy(1),810.0,1789611434.0,600.0,1789652477.0
2 doses of super energy potion.,3020,True,64.0,2000.0,160.0,96.0,Super energy(2).png,Super energy(2),600.0,1789649643.0,500.0,1789640850.0
3 doses of super energy potion.,3018,True,92.0,2000.0,230.0,138.0,Super energy(3).png,Super energy(3),1888.0,1789653379.0,1934.0,1789654325.0
4 doses of super energy potion.,3016,True,120.0,2000.0,300.0,180.0,Super energy(4).png,Super energy(4),2693.0,1789654337.0,2618.0,1789654037.0
1 dose of super fishing potion.,31611,True,16.0,,40.0,24.0,Super fishing potion(1).png,Super fishing potion(1),1044.0,1789653474.0,10.0,1789415757.0
2 doses of super fishing potion.,31608,True,36.0,,90.0,54.0,Super fishing potion(2).png,Super fishing potion(2),1850.0,1789643722.0,490.0,1789596197.0
3 doses of super fishing potion.,31605,True,68.0,,170.0,102.0,Super fishing potion(3).png,Super fishing potion(3),835.0,1789653369.0,810.0,1789652722.0
4 doses of super fishing potion.,31602,True,100.0,,250.0,150.0,Super fishing potion(4).png,Super fishing potion(4),2106.0,1789654336.0,1758.0,1789650974.0
1 dose of super hunter potion.,31635,True,16.0,,40.0,24.0,Super hunter potion(1).png,Super hunter potion(1),275.0,1789637339.0,101.0,1789646393.0
2 doses of super hunter potion.,31632,True,36.0,,90.0,54.0,Super hunter potion(2).png,Super hunter potion(2),496.0,1789652845.0,302.0,1789651995.0
3 doses of super hunter potion.,31629,True,68.0,,170.0,102.0,Super hunter potion(3).png,Super hunter potion(3),538.0,1789644325.0,425.0,1789653097.0
4 doses of super hunter potion.,31626,True,100.0,,250.0,150.0,Super hunter potion(4).png,Super hunter potion(4),721.0,1789654028.0,550.0,1789642910.0
A meaty and very hot kebab.,4608,True,1.0,15.0,3.0,1.0,Super kebab.png,Super kebab,5000.0,1789653761.0,2100.0,1789651320.0
"A set containing 4-dose vials of Super Attack, Super Strength and Super Defence potions.",13066,True,40.0,2000.0,100.0,60.0,Super potion set.png,Super potion set,9300.0,1789626450.0,8534.0,1789652575.0
One dose of fishy super restore potion.,11495,True,48.0,2000.0,120.0,72.0,Super restore mix(1).png,Super restore mix(1),1622.0,1789573328.0,1591.0,1789652696.0
Two doses of fishy super restore potion.,11493,True,72.0,2000.0,180.0,108.0,Super restore mix(2).png,Super restore mix(2),3859.0,1789635491.0,3500.0,1789653272.0
1 dose of super restore potion.,3030,True,48.0,2000.0,120.0,72.0,Super restore(1).png,Super restore(1),2850.0,1789650744.0,2436.0,1789654012.0
2 doses of super restore potion.,3028,True,72.0,2000.0,180.0,108.0,Super restore(2).png,Super restore(2),5220.0,1789642344.0,4450.0,1789653996.0
3 doses of super restore potion.,3026,True,96.0,2000.0,240.0,144.0,Super restore(3).png,Super restore(3),7350.0,1789654216.0,7327.0,1789654405.0
4 doses of super restore potion.,3024,True,120.0,2000.0,300.0,180.0,Super restore(4).png,Super restore(4),10182.0,1789654425.0,9999.0,1789654401.0
One dose of fishy super Strength potion.,11487,True,44.0,2000.0,110.0,66.0,Super str. mix(1).png,Super str. mix(1),534.0,1789416631.0,1000.0,1789645762.0
Two doses of fishy super Strength potion.,11485,True,66.0,2000.0,165.0,99.0,Super str. mix(2).png,Super str. mix(2),845.0,1789635304.0,1000.0,1789642684.0
1 dose of super Strength potion.,161,True,44.0,2000.0,110.0,66.0,Super strength(1).png,Super strength(1),661.0,1789604948.0,750.0,1789652263.0
2 doses of super Strength potion.,159,True,66.0,2000.0,165.0,99.0,Super strength(2).png,Super strength(2),1482.0,1789620861.0,1450.0,1789652841.0
3 doses of super Strength potion.,157,True,88.0,2000.0,220.0,132.0,Super strength(3).png,Super strength(3),2406.0,1789652483.0,2325.0,1789654323.0
4 doses of super Strength potion.,2440,True,110.0,2000.0,275.0,165.0,Super strength(4).png,Super strength(4),3303.0,1789654386.0,3243.0,1789654319.0
1 dose of super antipoison potion.,185,True,57.0,2000.0,144.0,86.0,Superantipoison(1).png,Superantipoison(1),649.0,1789654324.0,376.0,1789653127.0
2 doses of super antipoison potion.,183,True,86.0,2000.0,216.0,129.0,Superantipoison(2).png,Superantipoison(2),674.0,1789653264.0,674.0,1789653602.0
3 doses of super antipoison potion.,181,True,115.0,2000.0,288.0,172.0,Superantipoison(3).png,Superantipoison(3),930.0,1789648265.0,891.0,1789654311.0
4 doses of super antipoison potion.,2448,True,144.0,2000.0,360.0,216.0,Superantipoison(4).png,Superantipoison(4),1425.0,1789654316.0,1297.0,1789653345.0
One dose of fishy super Attack potion.,11471,True,36.0,2000.0,90.0,54.0,Superattack mix(1).png,Superattack mix(1),50.0,1789488861.0,50.0,1789488321.0
Two doses of fishy super Attack potion.,11469,True,54.0,2000.0,135.0,81.0,Superattack mix(2).png,Superattack mix(2),199.0,1789635285.0,119.0,1789642890.0
Super-good for the smallest or largest of plants.,6034,True,34.0,2000.0,85.0,51.0,Supercompost.png,Supercompost,21.0,1789654403.0,15.0,1789654243.0
There's something unnatural about these bones.,22124,True,64.0,7500.0,160.0,96.0,Superior dragon bones.png,Superior dragon bones,20000.0,1789654384.0,20000.0,1789654373.0
A very slimy and generally disgusting green lizard.,10149,True,20.0,125.0,50.0,30.0,Swamp lizard.png,Swamp lizard,90.0,1789639860.0,99.0,1789650799.0
A tar-like substance mixed with flour and warmed.,1941,True,12.0,13000.0,30.0,18.0,Swamp paste.png,Swamp paste,25.0,1789654400.0,22.0,1789650923.0
A foul smelling thick tar-like substance.,1939,True,1.0,13000.0,1.0,1.0,Swamp tar.png,Swamp tar,4.0,1789654417.0,3.0,1789654402.0
A slippery little blighter.,2150,True,1.0,13000.0,2.0,1.0,Swamp toad (item).png,Swamp toad (item),200.0,1789600848.0,142.0,1789652146.0
Swamp weed found in the caves near Dorgesh-Kaan.,10978,True,1.0,13000.0,2.0,1.0,Swamp weed.png,Swamp weed,650.0,1789627641.0,307.0,1789618026.0
"A set containing a Swampbark helm, Swampbark body, Swampbark legs, Swampbark boots and Swampbark gloves.",31160,True,58000.0,2.0,145000.0,87000.0,Swampbark armour set.png,Swampbark armour set,275111.0,1789652025.0,200000.0,1789649207.0
Keeps my chest protected.,25389,True,48000.0,,120000.0,72000.0,Swampbark body.png,Swampbark body,80000.0,1789652904.0,73000.0,1789652837.0
Great foot protection.,25395,True,4000.0,,10000.0,6000.0,Swampbark boots.png,Swampbark boots,26801.0,1789653556.0,22010.0,1789653914.0
These should protect my hands.,25392,True,4000.0,,10000.0,6000.0,Swampbark gauntlets.png,Swampbark gauntlets,19000.0,1789641565.0,18071.0,1789653918.0
A rather interesting smelling helmet.,25398,True,6000.0,,15000.0,9000.0,Swampbark helm.png,Swampbark helm,48931.0,1789653106.0,40307.0,1789652733.0
Strong leg protection.,25401,True,32000.0,,80000.0,48000.0,Swampbark legs.png,Swampbark legs,93024.0,1789653191.0,87001.0,1789652849.0
Raw sweetcorn.,5986,True,3.0,11000.0,9.0,5.0,Sweetcorn.png,Sweetcorn,77.0,1789652400.0,77.0,1789654413.0
A bowl of cooked sweetcorn.,7088,True,5.0,13000.0,13.0,7.0,Sweetcorn (bowl).png,Sweetcorn (bowl),50.0,1789614062.0,20.0,1789499267.0
A sweetcorn seed - plant in an allotment.,5320,True,3.0,600.0,8.0,4.0,Sweetcorn seed 5.png,Sweetcorn seed,10.0,1789653824.0,7.0,1789654225.0
"An elegant feather from an albatross, not so swift anymore.",31952,True,3200.0,15.0,8000.0,4800.0,Swift albatross feather.png,Swift albatross feather,335478.0,1789651208.0,320380.0,1789653966.0
A dull blade that moves at incredible speed.,24219,False,600.0,,1500.0,900.0,Swift blade.png,Swift blade,3329922.0,1789647652.0,3174455.0,1789644675.0
I'd better be careful eating this!,373,False,32.0,6000.0,80.0,48.0,Swordfish.png,Swordfish,198.0,1789654334.0,194.0,1789654187.0
"Sadly, the blades are only decorative",31193,True,,,100000.0,,Swords and emblem.png,Swords and emblem,40124.0,1789514858.0,42235.0,1789323426.0
"Sadly, the blades are only decorative",31196,True,,,100000.0,,Swords and emblem (b).png,Swords and emblem (b),51194.0,1789588849.0,2010.0,1789498140.0
"Sadly, the blades are only decorative",31202,True,,,100000.0,,Swords and emblem (g).png,Swords and emblem (g),83886.0,1789645930.0,316783.0,1789450441.0
"Sadly, the blades are only decorative",31199,True,,,100000.0,,Swords and emblem (p).png,Swords and emblem (p),50000.0,1789645858.0,2000.0,1789598547.0
"Doesn't look too appetising, but looks can be deceiving.",31556,True,40.0,,100.0,60.0,Swordtip squid.png,Swordtip squid,100.0,1789652917.0,100.0,1789412552.0
Teleports you to Tai bwo wannai.,12409,True,4.0,10000.0,10.0,6.0,Tai bwo wannai teleport.png,Tai bwo wannai teleport,3550.0,1789653789.0,3497.0,1789654321.0
You can plant this in your garden.,8449,True,40000.0,10000.0,100000.0,60000.0,Tall box hedge (bagged).png,Tall box hedge (bagged),109999.0,1789640621.0,90000.0,1789629942.0
You can plant this in your garden.,8447,True,20000.0,10000.0,50000.0,30000.0,Tall fancy hedge (bagged).png,Tall fancy hedge (bagged),44855.0,1789652308.0,33111.0,1789643599.0
All for one and one for all!,2639,True,80.0,4.0,200.0,120.0,Tan cavalier.png,Tan cavalier,5116.0,1789650666.0,5000.0,1789652937.0
It actually smells quite good.,2187,True,1.0,6000.0,2.0,1.0,Tangled toad's legs.png,Tangled toad's legs,1999.0,1789651478.0,1229.0,1789651426.0
Maybe you could use a chisel to fletch this into a blowpipe.,12922,True,44000.0,5.0,110000.0,66000.0,Tanzanite fang.png,Tanzanite fang,9857050.0,1789649243.0,9859025.0,1789651899.0
A teleport to your Bounty Hunter target.,24336,True,1.0,,1.0,1.0,Target teleport.png,Target teleport,1305.0,1789648866.0,1355.0,1789654293.0
Unlocks the level 85 Target Teleport spell.,12846,True,12000.0,5.0,30000.0,18000.0,Target teleport scroll.png,Target teleport scroll,7380000.0,1789606718.0,6712345.0,1789583233.0
A useful herb.,253,True,4.0,13000.0,11.0,6.0,Tarromin.png,Tarromin,311.0,1789654199.0,300.0,1789654420.0
I need another ingredient to finish this Tarromin potion.,95,True,4.0,10000.0,11.0,6.0,Tarromin potion (unf).png,Tarromin potion (unf),460.0,1789654393.0,460.0,1789653908.0
A tarromin seed - plant in a herb patch.,5293,True,1.0,600.0,3.0,1.0,Tarromin seed 5.png,Tarromin seed,14.0,1789653723.0,11.0,1789654226.0
"A thick, foul-smelling, tar-like substance with a red tinge.",10144,True,1.0,7000.0,1.0,1.0,Tarromin tar.png,Tarromin tar,2.0,1789653769.0,2.0,1789640239.0
It's a shabby-looking graahk fur.,10097,True,36.0,10000.0,90.0,54.0,Tatty graahk fur.png,Tatty graahk fur,149.0,1789613027.0,142.0,1789648713.0
It's a shabby-looking kyatt fur.,10101,True,48.0,10000.0,120.0,72.0,Tatty kyatt fur.png,Tatty kyatt fur,87.0,1789634124.0,21.0,1789649168.0
It's a shabby-looking Larupia fur.,10093,True,24.0,10000.0,60.0,36.0,Tatty larupia fur.png,Tatty larupia fur,1140.0,1789653159.0,74.0,1789653289.0
"A red salt, that when burned with other salts provides various benefits.",22593,True,4.0,10000.0,10.0,6.0,Te salt.png,Te salt,115.0,1789654423.0,105.0,1789654021.0
A teacher level wand.,6912,True,800.0,70.0,2000.0,1200.0,Teacher wand.png,Teacher wand,3000000.0,1789595110.0,2300000.0,1789600639.0
How does it all fit in there?,8506,True,4.0,500.0,10.0,6.0,Teak armchair (flatpack).png,Teak armchair (flatpack),20000.0,1789407747.0,112.0,1789524784.0
How does it all fit in there?,9860,True,4.0,500.0,10.0,6.0,Teak armour case (flatpack).png,Teak armour case (flatpack),4999.0,1789638672.0,189.0,1789362997.0
How does it all fit in there?,8582,True,4.0,500.0,10.0,6.0,Teak bed (flatpack).png,Teak bed (flatpack),2039.0,1789275514.0,2488.0,1787554423.0
Feed and catch the birds by placing this in the right spot.,21521,True,2.0,250.0,5.0,3.0,Teak bird house.png,Teak bird house,1262.0,1789651625.0,1045.0,1789648217.0
How does it all fit in there?,9844,True,4.0,500.0,10.0,6.0,Teak cape rack (flatpack).png,Teak cape rack (flatpack),57.0,1788893462.0,3693.0,1789378774.0
How does it all fit in there?,8592,True,4.0,500.0,10.0,6.0,Teak clock (flatpack).png,Teak clock (flatpack),1675.0,1789511856.0,2044.0,1788889781.0
How does it all fit in there?,8568,True,4.0,500.0,10.0,6.0,Teak dining bench (flatpack).png,Teak dining bench (flatpack),1.0,1789330948.0,2.0,1787779954.0
How does it all fit in there?,8616,True,4.0,500.0,10.0,6.0,Teak drawers (flatpack).png,Teak drawers (flatpack),58.0,1781463358.0,134.0,1767724370.0
How does it all fit in there?,8602,True,4.0,500.0,10.0,6.0,Teak dresser (flatpack).png,Teak dresser (flatpack),157.0,1781759563.0,239.0,1782144188.0
Teak fancy dress box.,9866,True,4.0,500.0,10.0,6.0,Teak fancy dress box (flatpack).png,Teak fancy dress box (flatpack),15000.0,1789573525.0,15000.0,1789572890.0
Parts for creating a teak hull for a boat.,32047,True,500.0,100.0,1250.0,750.0,Teak hull parts.png,Teak hull parts,1363.0,1789653743.0,969.0,1789649361.0
How does it all fit in there?,8532,True,4.0,500.0,10.0,6.0,Teak kitchen table (flatpack).png,Teak kitchen table (flatpack),47.0,1789395155.0,1633.0,1789174061.0
Some well-cut teak logs.,6333,True,12.0,13000.0,30.0,18.0,Teak logs.png,Teak logs,124.0,1789654040.0,130.0,1789654332.0
Teak magic wardrobe.,9854,True,4.0,500.0,10.0,6.0,Teak magic wardrobe (flatpack).png,Teak magic wardrobe (flatpack),45.0,1789586159.0,85.0,1789586839.0
A plank of fine teak.,8780,True,200.0,13000.0,500.0,300.0,Teak plank.png,Teak plank,915.0,1789654342.0,896.0,1789654410.0
Teak logs prepared with sacred oil for a funeral pyre.,6211,True,40.0,11000.0,100.0,60.0,Teak pyre logs.png,Teak pyre logs,3510.0,1789635901.0,3200.0,1789636029.0
A boat repair kit made from teak.,31970,True,400.0,13000.0,1000.0,600.0,Teak repair kit.png,Teak repair kit,376.0,1789654330.0,361.0,1789654027.0
This sapling is ready to be replanted in a hardwood tree patch.,21477,True,1.0,200.0,1.0,1.0,Teak sapling.png,Teak sapling,480.0,1789652858.0,411.0,1789653923.0
Plant this in a plantpot of soil to grow a sapling.,21486,True,19.0,200.0,48.0,28.0,Teak seed 5.png,Teak seed,80.0,1789652914.0,80.0,1789653377.0
A teak crossbow stock.,9446,True,30.0,10000.0,77.0,46.0,Teak stock.png,Teak stock,43.0,1789153984.0,45.0,1789646884.0
How does it all fit in there?,8554,True,4.0,500.0,10.0,6.0,Teak table (flatpack).png,Teak table (flatpack),1.0,1789102650.0,3.0,1789633595.0
How does it all fit in there?,9850,True,4.0,500.0,10.0,6.0,Teak toy box (flatpack).png,Teak toy box (flatpack),50.0,1789607385.0,52.0,1788729363.0
How does it all fit in there?,9863,True,4.0,500.0,10.0,6.0,Teak treasure chest (flatpack).png,Teak treasure chest (flatpack),2000.0,1789077316.0,2000.0,1789091404.0
How does it all fit in there?,8618,True,4.0,500.0,10.0,6.0,Teak wardrobe (flatpack).png,Teak wardrobe (flatpack),2.0,1787425906.0,198.0,1789044334.0
Very stylish!,2924,False,200.0,150.0,500.0,300.0,Teal boots.png,Teal boots,23299.0,1789650775.0,700.0,1789636674.0
These will keep my hands warm!,2932,False,200.0,150.0,500.0,300.0,Teal gloves.png,Teal gloves,492.0,1789650655.0,492.0,1789651030.0
A silly pointed hat.,2930,True,200.0,150.0,500.0,300.0,Teal hat.png,Teal hat,739.0,1789548341.0,650.0,1789626846.0
Made by werewolves for werewolves.,2928,True,200.0,150.0,500.0,300.0,Teal robe bottoms.png,Teal robe bottoms,431.0,1789475351.0,862.0,1788736656.0
Some fine werewolf clothing.,2926,True,200.0,150.0,500.0,300.0,Teal robe top.png,Teal robe top,215.0,1789573017.0,525.0,1787795658.0
Ooohhh look at the dirty colours...,20217,False,20.0,4.0,50.0,30.0,Team cape i.png,Team cape i,1167933.0,1789654228.0,1118405.0,1789653087.0
Ooohhh look at the dirty colours...,20214,False,20.0,4.0,50.0,30.0,Team cape x.png,Team cape x,1226176.0,1789642325.0,1177133.0,1789653533.0
Ooohhh look at the dirty colours...,20211,False,20.0,4.0,50.0,30.0,Team cape zero.png,Team cape zero,2687493.0,1789630678.0,2578459.0,1789649915.0
Ooohhh look at the pretty colours...,4315,False,20.0,150.0,50.0,30.0,Team-1 cape.png,Team-1 cape,643.0,1789653997.0,100.0,1789653000.0
Ooohhh look at the pretty colours...,4333,False,20.0,150.0,50.0,30.0,Team-10 cape.png,Team-10 cape,500.0,1789637039.0,101.0,1789651474.0
Ooohhh look at the pretty colours...,4335,False,20.0,150.0,50.0,30.0,Team-11 cape.png,Team-11 cape,735.0,1789653752.0,160.0,1789649674.0
Ooohhh look at the pretty colours...,4337,False,20.0,150.0,50.0,30.0,Team-12 cape.png,Team-12 cape,560.0,1789654171.0,647.0,1789632972.0
Ooohhh look at the pretty colours...,4339,False,20.0,150.0,50.0,30.0,Team-13 cape.png,Team-13 cape,430.0,1789646780.0,111.0,1789506727.0
Ooohhh look at the pretty colours...,4341,False,20.0,150.0,50.0,30.0,Team-14 cape.png,Team-14 cape,1109.0,1789642865.0,100.0,1789572497.0
Ooohhh look at the pretty colours...,4343,False,20.0,150.0,50.0,30.0,Team-15 cape.png,Team-15 cape,945.0,1789640707.0,10.0,1789614804.0
Ooohhh look at the pretty colours...,4345,False,20.0,150.0,50.0,30.0,Team-16 cape.png,Team-16 cape,114.0,1789654262.0,78.0,1789647679.0
Ooohhh look at the pretty colours...,4347,False,20.0,150.0,50.0,30.0,Team-17 cape.png,Team-17 cape,250.0,1789649791.0,72.0,1789614408.0
Ooohhh look at the pretty colours...,4349,False,20.0,150.0,50.0,30.0,Team-18 cape.png,Team-18 cape,999.0,1789653768.0,712.0,1789638131.0
Ooohhh look at the pretty colours...,4351,False,20.0,150.0,50.0,30.0,Team-19 cape.png,Team-19 cape,326.0,1789652644.0,50.0,1789651234.0
Ooohhh look at the pretty colours...,4317,False,20.0,150.0,50.0,30.0,Team-2 cape.png,Team-2 cape,603.0,1789646746.0,603.0,1789612081.0
Ooohhh look at the pretty colours...,4353,False,20.0,150.0,50.0,30.0,Team-20 cape.png,Team-20 cape,187.0,1789654090.0,50.0,1789638122.0
Ooohhh look at the pretty colours...,4355,False,20.0,150.0,50.0,30.0,Team-21 cape.png,Team-21 cape,1999.0,1789623950.0,1333.0,1789646589.0
Ooohhh look at the pretty colours...,4357,False,20.0,150.0,50.0,30.0,Team-22 cape.png,Team-22 cape,343.0,1789618659.0,203.0,1789631008.0
Ooohhh look at the pretty colours...,4359,False,20.0,150.0,50.0,30.0,Team-23 cape.png,Team-23 cape,377.0,1789648630.0,377.0,1789623176.0
Ooohhh look at the pretty colours...,4361,False,20.0,150.0,50.0,30.0,Team-24 cape.png,Team-24 cape,1999.0,1789653549.0,40.0,1789567599.0
Ooohhh look at the pretty colours...,4363,False,20.0,150.0,50.0,30.0,Team-25 cape.png,Team-25 cape,1029.0,1789638616.0,1079.0,1789578270.0
Ooohhh look at the pretty colours...,4365,False,20.0,150.0,50.0,30.0,Team-26 cape.png,Team-26 cape,599.0,1789650392.0,110.0,1789643734.0
Ooohhh look at the pretty colours...,4367,False,20.0,150.0,50.0,30.0,Team-27 cape.png,Team-27 cape,922.0,1789653320.0,659.0,1789638164.0
Ooohhh look at the pretty colours...,4369,False,20.0,150.0,50.0,30.0,Team-28 cape.png,Team-28 cape,592.0,1789581269.0,210.0,1789610850.0
Ooohhh look at the pretty colours...,4371,False,20.0,150.0,50.0,30.0,Team-29 cape.png,Team-29 cape,420.0,1789642705.0,364.0,1789621271.0
Ooohhh look at the pretty colours...,4319,False,20.0,150.0,50.0,30.0,Team-3 cape.png,Team-3 cape,898.0,1789646760.0,111.0,1789506642.0
Ooohhh look at the pretty colours...,4373,False,20.0,150.0,50.0,30.0,Team-30 cape.png,Team-30 cape,217.0,1789634261.0,321.0,1789509251.0
Ooohhh look at the pretty colours...,4375,False,20.0,150.0,50.0,30.0,Team-31 cape.png,Team-31 cape,457.0,1789630458.0,739.0,1789286906.0
Ooohhh look at the pretty colours...,4377,False,20.0,150.0,50.0,30.0,Team-32 cape.png,Team-32 cape,612.0,1789630026.0,390.0,1789631502.0
Ooohhh look at the pretty colours...,4379,False,20.0,150.0,50.0,30.0,Team-33 cape.png,Team-33 cape,1499.0,1789649567.0,111.0,1789374615.0
Ooohhh look at the pretty colours...,4381,False,20.0,150.0,50.0,30.0,Team-34 cape.png,Team-34 cape,431.0,1789541947.0,10.0,1789509920.0
Ooohhh look at the pretty colours...,4383,False,20.0,150.0,50.0,30.0,Team-35 cape.png,Team-35 cape,506.0,1789629964.0,10.0,1789529393.0
Ooohhh look at the pretty colours...,4385,False,20.0,150.0,50.0,30.0,Team-36 cape.png,Team-36 cape,30.0,1789634829.0,49.0,1789484675.0
Ooohhh look at the pretty colours...,4387,False,20.0,150.0,50.0,30.0,Team-37 cape.png,Team-37 cape,999.0,1789616224.0,277.0,1789625740.0
Ooohhh look at the pretty colours...,4389,False,20.0,150.0,50.0,30.0,Team-38 cape.png,Team-38 cape,525.0,1789641901.0,51.0,1789567830.0
Ooohhh look at the pretty colours...,4391,False,20.0,150.0,50.0,30.0,Team-39 cape.png,Team-39 cape,313.0,1789623815.0,30.0,1789591876.0
Ooohhh look at the pretty colours...,4321,False,20.0,150.0,50.0,30.0,Team-4 cape.png,Team-4 cape,954.0,1789540332.0,203.0,1789349720.0
Ooohhh look at the pretty colours...,4393,False,20.0,150.0,50.0,30.0,Team-40 cape.png,Team-40 cape,244.0,1789629109.0,69.0,1789650940.0
Ooohhh look at the pretty colours...,4395,False,20.0,150.0,50.0,30.0,Team-41 cape.png,Team-41 cape,900.0,1789644010.0,900.0,1789646002.0
Ooohhh look at the pretty colours...,4397,False,20.0,150.0,50.0,30.0,Team-42 cape.png,Team-42 cape,899.0,1789623376.0,51.0,1789572443.0
Ooohhh look at the pretty colours...,4399,False,20.0,150.0,50.0,30.0,Team-43 cape.png,Team-43 cape,190.0,1789616754.0,571.0,1789447615.0
Ooohhh look at the pretty colours...,4401,False,20.0,150.0,50.0,30.0,Team-44 cape.png,Team-44 cape,1143.0,1789564603.0,972.0,1789610815.0
Ooohhh look at the pretty colours...,4403,False,20.0,150.0,50.0,30.0,Team-45 cape.png,Team-45 cape,1012.0,1789648958.0,100.0,1789617011.0
Ooohhh look at the pretty colours...,4405,False,20.0,150.0,50.0,30.0,Team-46 cape.png,Team-46 cape,250.0,1789649574.0,106.0,1789654374.0
Ooohhh look at the pretty colours...,4407,False,20.0,150.0,50.0,30.0,Team-47 cape.png,Team-47 cape,450.0,1789640494.0,8.0,1789617837.0
Ooohhh look at the pretty colours...,4409,False,20.0,150.0,50.0,30.0,Team-48 cape.png,Team-48 cape,532.0,1789644307.0,258.0,1789610837.0
Ooohhh look at the pretty colours...,4411,False,20.0,150.0,50.0,30.0,Team-49 cape.png,Team-49 cape,345.0,1789650237.0,111.0,1789506144.0
Ooohhh look at the pretty colours...,4323,False,20.0,150.0,50.0,30.0,Team-5 cape.png,Team-5 cape,1999.0,1789639241.0,200.0,1789454437.0
Ooohhh look at the pretty colours...,4413,False,20.0,150.0,50.0,30.0,Team-50 cape.png,Team-50 cape,177.0,1789651313.0,5.0,1789651944.0
Ooohhh look at the pretty colours...,4325,False,20.0,150.0,50.0,30.0,Team-6 cape.png,Team-6 cape,64.0,1789645588.0,2.0,1789634333.0
Ooohhh look at the pretty colours...,4327,False,20.0,150.0,50.0,30.0,Team-7 cape.png,Team-7 cape,404.0,1789644536.0,111.0,1789495287.0
Ooohhh look at the pretty colours...,4329,False,20.0,150.0,50.0,30.0,Team-8 cape.png,Team-8 cape,899.0,1789426820.0,458.0,1789552928.0
Ooohhh look at the pretty colours...,4331,False,20.0,150.0,50.0,30.0,Team-9 cape.png,Team-9 cape,110.0,1789650173.0,55.0,1789638108.0
"Reduces the risk of hand severage when poking large, vicious carnivores.",10029,True,20.0,40.0,50.0,30.0,Teasing stick.png,Teasing stick,5.0,1789654433.0,5.0,1789654018.0
I thought this would be slimier.,28834,True,80.0,125.0,200.0,120.0,Tecu salamander.png,Tecu salamander,500000.0,1789654414.0,465458.0,1789653246.0
A formidable magic spell which prevents unwanted teleportation.,29455,True,20000.0,5.0,50000.0,30000.0,Teleport anchoring scroll.png,Teleport anchoring scroll,42999.0,1789653689.0,41846.0,1789648799.0
A card which has magical properties.,13658,False,,500.0,100.0,,Teleport card.png,Teleport card,255.0,1789653304.0,235.0,1789649351.0
A tablet containing a magic spell.,31443,True,1.0,,1.0,1.0,Teleport to boat (tablet).png,Teleport to boat,698.0,1789654362.0,686.0,1789646313.0
A teleport to one's own house.,8013,True,1.0,15000.0,1.0,1.0,Teleport to house (tablet).png,Teleport to house (tablet),580.0,1789654430.0,575.0,1789654001.0
A mighty sceptre used in long forgotten battles.,27785,True,48000.0,8.0,120000.0,72000.0,Thammaron's sceptre (au).png,Thammaron's sceptre (au),2755000.0,1789653591.0,2621111.0,1789646700.0
A mighty sceptre used in long forgotten battles.,22552,True,48000.0,8.0,120000.0,72000.0,Thammaron's sceptre (u).png,Thammaron's sceptre (u),2696959.0,1789653618.0,2590001.0,1789652278.0
A wooden pole for use in primitive construction.,6285,True,8.0,100.0,20.0,12.0,Thatch spar dense.png,Thatch spar dense,849.0,1789650897.0,500.0,1789649517.0
A wooden pole for use in primitive construction.,6281,True,4.0,100.0,10.0,6.0,Thatch spar light.png,Thatch spar light,2000.0,1789621139.0,250.0,1789651491.0
A wooden pole for use in primitive construction.,6283,True,6.0,100.0,15.0,9.0,Thatch spar med.png,Thatch spar med,5000.0,1789621120.0,250.0,1789653486.0
A good place to store your stolen goods.,23224,True,400.0,8.0,1000.0,600.0,Thieving bag.png,Thieving bag,39000.0,1789640416.0,9700.0,1789652893.0
"The thin, slimy corpse of a deceased giant snail.",3363,True,2.0,13000.0,5.0,3.0,Thin snail.png,Thin snail,1053.0,1789653770.0,552.0,1789653674.0
A succulently slimy slice of sumptuous snail.,3369,True,4.0,6000.0,10.0,6.0,Thin snail meat.png,Thin snail meat,3000.0,1789654167.0,1113.0,1789654372.0
You can plant this in your garden.,8437,True,2000.0,10000.0,5000.0,3000.0,Thorny hedge (bagged).png,Thorny hedge (bagged),2861.0,1789512047.0,2000.0,1789449409.0
Used with a needle to make clothes.,1734,False,1.0,18000.0,1.0,1.0,Thread.png,Thread,7.0,1789654428.0,6.0,1789654036.0
Makes me feel like a Princess.,5525,False,40.0,10000.0,100.0,60.0,Tiara.png,Tiara,91.0,1789654322.0,90.0,1789654293.0
A mould for tiaras.,5523,False,40.0,40.0,100.0,60.0,Tiara mould.png,Tiara mould,174.0,1789652618.0,100.0,1789651582.0
"A hefty beam of timber, perfect for building temples.",8837,True,1.0,13000.0,1.0,1.0,Timber beam.png,Timber beam,1000.0,1789652251.0,999.0,1789651522.0
This needs refining.,438,False,1.0,13000.0,3.0,1.0,Tin ore.png,Tin ore,19.0,1789654176.0,18.0,1789654290.0
Useful for lighting a fire.,590,False,1.0,40.0,1.0,1.0,Tinderbox.png,Tinderbox,100.0,1789654370.0,81.0,1789653919.0
It actually smells quite good.,2255,True,1.0,6000.0,2.0,1.0,Toad batta.png,Toad batta,4848.0,1789643901.0,1500.0,1789651390.0
It actually smells quite good.,2217,True,1.0,6000.0,2.0,1.0,Toad crunchies.png,Toad crunchies,3849.0,1789654264.0,2411.0,1789639927.0
They're a gnome delicacy apparently.,2152,True,1.0,13000.0,2.0,1.0,Toad's legs.png,Toad's legs,281.0,1789654297.0,230.0,1789651104.0
A useful herb.,2998,True,19.0,13000.0,48.0,28.0,Toadflax.png,Toadflax,2338.0,1789654342.0,2334.0,1789654250.0
I need another ingredient to finish this Toadflax potion.,3002,True,19.0,10000.0,48.0,28.0,Toadflax potion (unf).png,Toadflax potion (unf),2625.0,1789653990.0,2626.0,1789652209.0
A toadflax seed - plant in a herb patch.,5296,True,4.0,600.0,10.0,6.0,Toadflax seed 5.png,Toadflax seed,1214.0,1789654413.0,1074.0,1789654417.0
A spiked shield of obsidian.,6524,True,18000.0,70.0,45000.0,27000.0,Toktz-ket-xil.png,Toktz-ket-xil,250976.0,1789654395.0,255626.0,1789654050.0
A staff of obsidian.,6526,True,14000.0,70.0,35000.0,21000.0,Toktz-mej-tal.png,Toktz-mej-tal,516270.0,1789653060.0,490000.0,1789653716.0
A razor sharp sword of obsidian.,6523,True,16000.0,70.0,40000.0,24000.0,Toktz-xil-ak.png,Toktz-xil-ak,514260.0,1789653032.0,486686.0,1789653899.0
A large knife of obsidian.,6525,True,10000.0,70.0,25000.0,15000.0,Toktz-xil-ek.png,Toktz-xil-ek,70869.0,1789626403.0,69000.0,1789628240.0
A razor sharp ring of obsidian.,6522,True,100.0,11000.0,250.0,150.0,Toktz-xil-ul.png,Toktz-xil-ul,2159.0,1789654416.0,1926.0,1789651891.0
This would make good ketchup.,1982,False,1.0,13000.0,4.0,2.0,Tomato.png,Tomato,20.0,1789652727.0,22.0,1789653484.0
A tomato seed - plant in an allotment.,5322,True,1.0,600.0,4.0,2.0,Tomato seed 5.png,Tomato seed,3.0,1789654011.0,2.0,1789654162.0
A fruit basket filled with tomatoes.,5968,True,1.0,600.0,1.0,1.0,Tomatoes(5).png,Tomatoes(5),550.0,1789654353.0,666.0,1789647158.0
An ancient tome containing the secrets of earth magic.,30066,True,8000.0,15.0,20000.0,12000.0,Tome of Earth (empty).png,Tome of Earth (empty),996662.0,1789653736.0,971585.0,1789654079.0
An ancient tome containing the secrets of fire magic.,20716,True,8000.0,15.0,20000.0,12000.0,Tome of Fire (empty).png,Tome of Fire (empty),2090624.0,1789653973.0,2033035.0,1789653962.0
An ancient tome containing the secrets of water magic.,25576,True,7800.0,15.0,19500.0,11700.0,Tome of Water (empty).png,Tome of Water (empty),999996.0,1789654115.0,960000.0,1789652902.0
A rebounding throwing weapon of devastating proportions.,28919,True,240000.0,,600000.0,360000.0,Tonalztics of Ralos (uncharged).png,Tonalztics of Ralos (uncharged),47300000.0,1789653418.0,46496266.0,1789654071.0
A rich and bold Darkfrost White that's considered by some to be sacred.,29958,True,240.0,,600.0,360.0,Tonameyo white.png,Tonameyo white,1381.0,1789177000.0,671.0,1789161604.0
The tooth end of the mysterious Crystal Key. Can you find the other half?,985,True,40.0,11000.0,100.0,60.0,Tooth half of key.png,Tooth half of key,9660.0,1789643085.0,9686.0,1789654434.0
Aint no rabbits in this hat.,12432,True,720.0,4.0,1800.0,1080.0,Top hat.png,Top hat,108922.0,1789603004.0,108745.0,1789653780.0
Like a sir.,12434,True,1600.0,4.0,4000.0,2400.0,Top hat & monocle.png,Top hat & monocle,170587.0,1789636403.0,116377.0,1789609257.0
I wonder if I can get this enchanted.,21114,True,500.0,10000.0,1250.0,750.0,Topaz amulet.png,Topaz amulet,1387.0,1789651823.0,1387.0,1789646872.0
It needs a string so I can wear it.,21105,True,510.0,10000.0,1275.0,765.0,Topaz amulet (u).png,Topaz amulet (u),1460.0,1789654052.0,1373.0,1789653450.0
Red Topaz bolt tips.,9188,True,5.0,11000.0,13.0,7.0,Topaz bolt tips 5.png,Topaz bolt tips,113.0,1789653351.0,93.0,1789653751.0
Topaz tipped Steel crossbow bolts.,9336,True,8.0,11000.0,22.0,13.0,Topaz bolts 5.png,Topaz bolts,219.0,1789653576.0,218.0,1789653715.0
Enchanted Red Topaz tipped Steel Crossbow Bolts.,9239,True,9.0,11000.0,24.0,14.0,Topaz bolts (e) 5.png,Topaz bolts (e),3.0,1789650138.0,3.0,1789653691.0
I wonder if this is valuable.,21123,True,600.0,10000.0,1500.0,900.0,Topaz bracelet.png,Topaz bracelet,1634.0,1789648483.0,1617.0,1789653352.0
"Dragon crossbow bolts, tipped with red topaz.",21961,True,280.0,11000.0,700.0,420.0,Topaz dragon bolts 5.png,Topaz dragon bolts,2795.0,1789649408.0,420.0,1789610027.0
"Enchanted Dragon crossbow bolts, tipped with red topaz.",21938,True,292.0,11000.0,730.0,438.0,Topaz dragon bolts (e) 5.png,Topaz dragon bolts (e),1017.0,1789653663.0,711.0,1789649448.0
I wonder if this is valuable.,21096,True,570.0,10000.0,1425.0,855.0,Topaz necklace.png,Topaz necklace,722.0,1789633583.0,600.0,1789507057.0
A valuable ring.,21087,True,570.0,10000.0,1425.0,855.0,Topaz ring.png,Topaz ring,1501.0,1789654422.0,1579.0,1789654300.0
You can plant this in your garden.,8443,True,8000.0,10000.0,20000.0,12000.0,Topiary hedge (bagged).png,Topiary hedge (bagged),22991.0,1789653644.0,26969.0,1789606625.0
"A set containing a Torag's helm, platelegs, platebody and hammers.",12879,True,160000.0,8.0,400000.0,240000.0,Torag's armour set.png,Torag's armour set,1036997.0,1789653847.0,926666.0,1789652619.0
Torag the Corrupted's twin hammers.,4747,True,64000.0,15.0,160000.0,96000.0,Torag's hammers.png,Torag's hammers,97803.0,1789641290.0,97208.0,1789654137.0
Torag the Corrupted's twin hammers.,4962,True,64000.0,15.0,160000.0,96000.0,Torag's hammers 0.png,Torag's hammers 0,95604.0,1788823482.0,93000.0,1789637187.0
Torag the Corrupted's helm.,4745,True,41200.0,15.0,103000.0,61800.0,Torag's helm.png,Torag's helm,246769.0,1789654418.0,229402.0,1789654395.0
Torag the Corrupted's helm.,4956,True,41200.0,15.0,103000.0,61800.0,Torag's helm 0.png,Torag's helm 0,133712.0,1789399841.0,159896.0,1789651705.0
Torag the Corrupted's platebody armour.,4749,True,112000.0,15.0,280000.0,168000.0,Torag's platebody.png,Torag's platebody,287000.0,1789654432.0,272221.0,1789653824.0
Torag the Corrupted's platebody armour.,4968,True,112000.0,15.0,280000.0,168000.0,Torag's platebody 0.png,Torag's platebody 0,217989.0,1789646034.0,211000.0,1789654352.0
Torag the Corrupted's plate leg armour.,4751,True,110000.0,15.0,275000.0,165000.0,Torag's platelegs.png,Torag's platelegs,324791.0,1789654114.0,313428.0,1789653811.0
Torag the Corrupted's plate leg armour.,4974,True,110000.0,15.0,275000.0,165000.0,Torag's platelegs 0.png,Torag's platelegs 0,270000.0,1789533600.0,272010.0,1789653579.0
A deep sense of torment burns within this powerful bracelet.,19544,True,80400.0,8.0,201000.0,120600.0,Tormented bracelet.png,Tormented bracelet,19575000.0,1789653852.0,19549099.0,1789654315.0
Use on a tormented bracelet to make it look fancier!,23348,True,2000.0,4.0,5000.0,3000.0,Tormented ornament kit.png,Tormented ornament kit,34467.0,1789653857.0,37000.0,1789651593.0
Glowing hot and writhing in pain.,29580,True,320000.0,5.0,800000.0,480000.0,Tormented synapse.png,Tormented synapse,38805330.0,1789652840.0,39000000.0,1789654283.0
Scrawled words that can invoke the power of the gods.,21047,True,32000.0,5.0,80000.0,48000.0,Torn prayer scroll.png,Torn prayer scroll,50000.0,1789653855.0,46974.0,1789653876.0
A powerful herb.,269,True,30.0,11000.0,75.0,45.0,Torstol.png,Torstol,3726.0,1789654014.0,3646.0,1789654352.0
I need another ingredient to finish this Torstol potion.,111,True,10.0,10000.0,25.0,15.0,Torstol potion (unf).png,Torstol potion (unf),4061.0,1789653297.0,3953.0,1789648095.0
A torstol seed - plant in a herb patch.,5304,True,28.0,200.0,70.0,42.0,Torstol seed 5.png,Torstol seed,14394.0,1789654350.0,13782.0,1789654114.0
A word in your shell-like.,7939,True,400.0,7500.0,1000.0,600.0,Tortoise shell.png,Tortoise shell,618.0,1789610975.0,501.0,1789619293.0
Use on an amulet of torture to make it look fancier!,20062,True,2000.0,4.0,5000.0,3000.0,Torture ornament kit.png,Torture ornament kit,66449.0,1789652452.0,50000.0,1789652765.0
"A set containing a Torva full helm, Torva platebody and Torva platelegs.",31145,True,58000.0,2.0,145000.0,87000.0,Torva armour set.png,Torva armour set,485741299.0,1789651494.0,484444000.0,1789649214.0
An ancient warrior's full helm.,26382,True,80000.0,8.0,200000.0,120000.0,Torva full helm.png,Torva full helm,214485008.0,1789651271.0,209577777.0,1789653629.0
An ancient warrior's full helm.,26376,True,80000.0,8.0,200000.0,120000.0,Torva full helm (damaged).png,Torva full helm (damaged),200789997.0,1789645936.0,200010000.0,1789651707.0
An ancient warrior's platebody.,26384,True,240000.0,8.0,600000.0,360000.0,Torva platebody.png,Torva platebody,169320000.0,1789651256.0,165500000.0,1789653618.0
An ancient warrior's platebody.,26378,True,240000.0,8.0,600000.0,360000.0,Torva platebody (damaged).png,Torva platebody (damaged),148000000.0,1789511252.0,149582000.0,1789652491.0
An ancient warrior's platelegs.,26386,True,160000.0,8.0,400000.0,240000.0,Torva platelegs.png,Torva platelegs,112480000.0,1789654359.0,111450000.0,1789653808.0
An ancient warrior's platelegs.,26380,True,160000.0,8.0,400000.0,240000.0,Torva platelegs (damaged).png,Torva platelegs (damaged),93463200.0,1789646093.0,94010000.0,1789651697.0
Fires darts while coating them with venom.,12924,True,48000.0,8.0,120000.0,72000.0,Toxic blowpipe (empty).png,Toxic blowpipe (empty),10200000.0,1789653939.0,9960910.0,1789654324.0
It needs to be charged with Zulrah's scales.,12902,True,400002.0,8.0,1000006.0,600003.0,Toxic staff (uncharged).png,Toxic staff (uncharged),8144789.0,1789654407.0,7961612.0,1789654147.0
Nice bit of crafting!,7771,True,4.0,150.0,10.0,6.0,Toy cat.png,Toy cat,4777.0,1789652341.0,4000.0,1789647706.0
Nice bit of crafting!,7763,True,4.0,150.0,10.0,6.0,Toy doll.png,Toy doll,13373.0,1789511339.0,4851.0,1789628032.0
Nice bit of crafting!,7765,True,4.0,150.0,10.0,6.0,Toy doll.png,Toy doll (wound),4741.0,1789621196.0,4741.0,1789351866.0
Nice bit of crafting!,7767,True,4.0,150.0,10.0,6.0,Toy mouse.png,Toy mouse,10000.0,1789583592.0,5000.0,1789650612.0
Nice bit of crafting!,7769,True,4.0,150.0,10.0,6.0,Toy mouse.png,Toy mouse (wound),3547.0,1789354297.0,4218.0,1789574223.0
Nice bit of crafting!,7759,True,4.0,150.0,10.0,6.0,Toy soldier.png,Toy soldier,2960.0,1789365310.0,7857.0,1789595813.0
Nice bit of crafting!,7761,True,4.0,150.0,10.0,6.0,Toy soldier.png,Toy soldier (wound),4718.0,1789511429.0,1500.0,1789305877.0
Karamja currency.,6306,True,1.0,18000.0,1.0,1.0,Trading sticks 10000.png,Trading sticks,6.0,1789654212.0,6.0,1789654115.0
A banner showcasing the colours of Leagues II - Trailblazer.,25056,True,400.0,5.0,1000.0,600.0,Trailblazer banner.png,Trailblazer banner,85468.0,1789521581.0,150255.0,1789614307.0
The boots of a trailblazer relic hunter.,25037,True,6000.0,5.0,15000.0,9000.0,Trailblazer boots (t1).png,Trailblazer boots (t1),22670.0,1789084524.0,55997.0,1789520072.0
The boots of a trailblazer relic hunter.,25025,True,6000.0,5.0,15000.0,9000.0,Trailblazer boots (t2).png,Trailblazer boots (t2),136581.0,1789606614.0,100000.0,1789161764.0
The boots of a trailblazer relic hunter.,25010,True,60000.0,5.0,150000.0,90000.0,Trailblazer boots (t3).png,Trailblazer boots (t3),496000.0,1789622333.0,113000.0,1789597850.0
A cane of the trailblazer relic hunter.,25013,True,60000.0,5.0,150000.0,90000.0,Trailblazer cane.png,Trailblazer cane,560000.0,1789641567.0,250000.0,1789609353.0
A globe which can be built into a statue in a PoH hotspot in your League Trophy Room.,25093,True,16000.0,5.0,40000.0,24000.0,Trailblazer globe.png,Trailblazer globe,1006785.0,1789647580.0,1100000.0,1789573326.0
A dye which can be used to recolour a piece of graceful clothing.,25099,True,10000.0,6.0,25000.0,15000.0,Trailblazer graceful ornament kit.png,Trailblazer graceful ornament kit,498000.0,1789639181.0,400245.0,1789651719.0
The headgear of a trailblazer relic hunter.,25028,True,6000.0,5.0,15000.0,9000.0,Trailblazer hood (t1).png,Trailblazer hood (t1),31262.0,1789602143.0,31262.0,1789611302.0
The headgear of a trailblazer relic hunter.,25016,True,6000.0,5.0,15000.0,9000.0,Trailblazer hood (t2).png,Trailblazer hood (t2),137461.0,1789167694.0,30000.0,1789319092.0
The headgear of a trailblazer relic hunter.,25001,True,60000.0,5.0,150000.0,90000.0,Trailblazer hood (t3).png,Trailblazer hood (t3),118881.0,1789441991.0,150000.0,1789640758.0
"A set containing Trailblazer boots (t1), Trailblazer trousers (t1), Trailblazer top (t1) and Trailblazer hood (t1).",25380,True,20000.0,,50000.0,30000.0,Trailblazer relic hunter (t1) armour set.png,Trailblazer relic hunter (t1) armour set,200000.0,1789570159.0,110000.0,1789559102.0
"A set containing Trailblazer boots (t2), Trailblazer trousers (t2), Trailblazer top (t2) and Trailblazer hood (t2).",25383,True,20000.0,,50000.0,30000.0,Trailblazer relic hunter (t2) armour set.png,Trailblazer relic hunter (t2) armour set,999461.0,1789570170.0,1669275.0,1788929026.0
"A set containing Trailblazer boots (t3), Trailblazer trousers (t3), Trailblazer top (t3) and Trailblazer hood (t3).",25386,True,20000.0,,50000.0,30000.0,Trailblazer relic hunter (t3) armour set.png,Trailblazer relic hunter (t3) armour set,2950000.0,1789647649.0,3000000.0,1789597799.0
A scroll which unlocks the Trailblazer Reloaded Alchemy animation.,28693,True,10000.0,,25000.0,15000.0,Trailblazer reloaded alchemy scroll.png,Trailblazer reloaded alchemy scroll,949999.0,1789645455.0,772332.0,1789585664.0
A banner showcasing the colours of Leagues IV: Trailblazer Reloaded.,28702,True,400.0,,1000.0,600.0,Trailblazer reloaded banner.png,Trailblazer reloaded banner,50000.0,1789614890.0,52000.0,1789443739.0
Used on an uncharged Toxic Blowpipe to give it the a theme from Leagues IV: Trailblazer Reloaded.,28690,True,2000.0,,5000.0,3000.0,Trailblazer reloaded blowpipe ornament kit.png,Trailblazer reloaded blowpipe ornament kit,2015619.0,1789652827.0,1928463.0,1789653593.0
The boots of a Trailblazer Reloaded Relic Hunter.,28721,True,6000.0,,15000.0,9000.0,Trailblazer reloaded boots (t1).png,Trailblazer reloaded boots (t1),10000.0,1789537231.0,112804.0,1788815840.0
The boots of a Trailblazer Reloaded Relic Hunter.,28733,True,6000.0,,15000.0,9000.0,Trailblazer reloaded boots (t2).png,Trailblazer reloaded boots (t2),931583.0,1788987457.0,195515.0,1789330841.0
The boots of a Trailblazer Reloaded Relic Hunter.,28745,True,6000.0,,15000.0,9000.0,Trailblazer reloaded boots (t3).png,Trailblazer reloaded boots (t3),178015.0,1789423915.0,151000.0,1789488654.0
Used on the Dinh's Bulwark to give it a theme from Leagues IV: Trailblazer Reloaded.,28684,True,2000.0,,5000.0,3000.0,Trailblazer reloaded bulwark ornament kit.png,Trailblazer reloaded bulwark ornament kit,3703057.0,1789650848.0,3541966.0,1789652045.0
A scroll which unlocks the Trailblazer Reloaded death and respawn animation.,28699,True,10000.0,5.0,25000.0,15000.0,Trailblazer reloaded death scroll.png,Trailblazer reloaded death scroll,1161467.0,1789653930.0,1000000.0,1789644008.0
The headgear of a Trailblazer Reloaded Relic Hunter.,28712,True,6000.0,,15000.0,9000.0,Trailblazer reloaded headband (t1).png,Trailblazer reloaded headband (t1),59076.0,1789617981.0,46000.0,1789543762.0
The headgear of a Trailblazer Reloaded Relic Hunter.,28724,True,6000.0,,15000.0,9000.0,Trailblazer reloaded headband (t2).png,Trailblazer reloaded headband (t2),2140.0,1789208511.0,100.0,1788997276.0
The headgear of a Trailblazer Reloaded Relic Hunter.,28736,True,6000.0,,15000.0,9000.0,Trailblazer reloaded headband (t3).png,Trailblazer reloaded headband (t3),1420069.0,1789417870.0,1018888.0,1789494492.0
A scroll which unlocks the Trailblazer Reloaded Home Teleport animation.,28705,True,10000.0,5.0,25000.0,15000.0,Trailblazer reloaded home teleport scroll.png,Trailblazer reloaded home teleport scroll,390000.0,1789622411.0,268731.0,1789456302.0
Used on an Ornate rejuvination pool inside your Player owned house to give it a theme from Leagues IV: Trailblazer Reloaded.,28708,True,10000.0,,25000.0,15000.0,Trailblazer reloaded rejuvenation pool scroll.png,Trailblazer reloaded rejuvenation pool scroll,3610939.0,1789640922.0,3500000.0,1789650416.0
"A set containing Trailblazer Reloaded boots (t1), Trailblazer Reloaded trousers (t1), Trailblazer Reloaded top (t1) and Trailblazer Reloaded hood (t1).",28777,True,20000.0,,50000.0,30000.0,Trailblazer reloaded relic hunter (t1) armour set.png,Trailblazer reloaded relic hunter (t1) armour set,459504.0,1789570112.0,55000.0,1789059668.0
"A set containing Trailblazer Reloaded boots (t2), Trailblazer Reloaded trousers (t2), Trailblazer Reloaded top (t2) and Trailblazer Reloaded hood (t2).",28780,True,20000.0,,50000.0,30000.0,Trailblazer reloaded relic hunter (t2) armour set.png,Trailblazer reloaded relic hunter (t2) armour set,1663643.0,1789572956.0,2000000.0,1788983536.0
"A set containing Trailblazer Reloaded boots (t3), Trailblazer Reloaded trousers (t3), Trailblazer Reloaded top (t3) and Trailblazer Reloaded hood (t3).",28783,True,20000.0,,50000.0,30000.0,Trailblazer reloaded relic hunter (t3) armour set.png,Trailblazer reloaded relic hunter (t3) armour set,4244000.0,1789589653.0,3100000.0,1789601850.0
The shirt of a Trailblazer Reloaded Relic Hunter.,28715,True,6000.0,,15000.0,9000.0,Trailblazer reloaded top (t1).png,Trailblazer reloaded top (t1),80000.0,1789599327.0,1001.0,1789599445.0
The shirt of a Trailblazer Reloaded Relic Hunter.,28727,True,6000.0,,15000.0,9000.0,Trailblazer reloaded top (t2).png,Trailblazer reloaded top (t2),207000.0,1789152274.0,100.0,1789152353.0
The shirt of a Trailblazer Reloaded Relic Hunter.,28739,True,6000.0,,15000.0,9000.0,Trailblazer reloaded top (t3).png,Trailblazer reloaded top (t3),759439.0,1789427496.0,656034.0,1789563299.0
The torch of a Trailblazer Reloaded Relic Hunter.,28748,True,6000.0,,15000.0,9000.0,Trailblazer reloaded torch.png,Trailblazer reloaded torch,1744443.0,1789590268.0,1080000.0,1789605174.0
The trousers of a Trailblazer Reloaded Relic Hunter.,28718,True,6000.0,,15000.0,9000.0,Trailblazer reloaded trousers (t1).png,Trailblazer reloaded trousers (t1),53609.0,1789635789.0,5000.0,1789599410.0
The trousers of a Trailblazer Reloaded Relic Hunter.,28730,True,6000.0,,15000.0,9000.0,Trailblazer reloaded trousers (t2).png,Trailblazer reloaded trousers (t2),126000.0,1789530426.0,70001.0,1789530505.0
The trousers of a Trailblazer Reloaded Relic Hunter.,28742,True,,,15000.0,,Trailblazer reloaded trousers (t3).png,Trailblazer reloaded trousers (t3),556957.0,1789426690.0,678000.0,1789563296.0
A scroll which unlocks the Trailblazer Reloaded Vengeance animation.,28696,True,10000.0,,25000.0,15000.0,Trailblazer reloaded vengeance scroll.png,Trailblazer reloaded vengeance scroll,2800000.0,1789634949.0,2641446.0,1789534421.0
A rug which can be built into a rug hotspot in your PoH League Trophy Room.,25096,True,20000.0,5.0,50000.0,30000.0,Trailblazer rug.png,Trailblazer rug,1868000.0,1789542747.0,1870073.0,1789524699.0
A scroll which unlocks the Leagues II - Trailblazer home teleport animation.,25087,True,10000.0,5.0,25000.0,15000.0,Trailblazer teleport scroll.png,Trailblazer teleport scroll,381720.0,1789644139.0,270000.0,1789465774.0
"A kit which can be attached to any Dragon or Infernal axe, pickaxe or harpoon to recolour it.",25090,True,10000.0,5.0,25000.0,15000.0,Trailblazer tool ornament kit.png,Trailblazer tool ornament kit,590000.0,1789652417.0,528158.0,1789645462.0
The coat of a trailblazer relic hunter.,25031,True,6000.0,5.0,15000.0,9000.0,Trailblazer top (t1).png,Trailblazer top (t1),27096.0,1789611323.0,1011.0,1789088729.0
The coat of a trailblazer relic hunter.,25019,True,6000.0,5.0,15000.0,9000.0,Trailblazer top (t2).png,Trailblazer top (t2),96472.0,1789442017.0,178525.0,1789436371.0
The coat of a trailblazer relic hunter.,25004,True,60000.0,5.0,150000.0,90000.0,Trailblazer top (t3).png,Trailblazer top (t3),799000.0,1789586739.0,400000.0,1789585885.0
The trousers of a trailblazer relic hunter.,25034,True,,5.0,15000.0,,Trailblazer trousers (t1).png,Trailblazer trousers (t1),17624.0,1789611358.0,100.0,1789033801.0
The trousers of a trailblazer relic hunter.,25022,True,6000.0,5.0,15000.0,9000.0,Trailblazer trousers (t2).png,Trailblazer trousers (t2),136276.0,1789587833.0,136276.0,1789460029.0
The trousers of a trailblazer relic hunter.,25007,True,60000.0,5.0,150000.0,90000.0,Trailblazer trousers (t3).png,Trailblazer trousers (t3),286793.0,1789217679.0,71000.0,1789339976.0
A glass of frothy ale.,29277,True,1.0,,2.0,1.0,Trapper's tipple.png,Trapper's tipple,154.0,1789614730.0,160.0,1789650733.0
A razor sharp ring.,12605,True,20000.0,8.0,50000.0,30000.0,Treasonous ring.png,Treasonous ring,95986.0,1789652982.0,80500.0,1789652903.0
A freshly made triangle sandwich.,6962,False,10.0,6000.0,25.0,15.0,Triangle sandwich.png,Triangle sandwich,398.0,1789630386.0,364.0,1789652927.0
A ceremonial wooden mask.,6339,True,200.0,150.0,500.0,300.0,Tribal mask (combat).png,Tribal mask (combat),1232.0,1789651038.0,1025.0,1789643813.0
A ceremonial wooden mask.,6337,True,200.0,150.0,500.0,300.0,Tribal mask (disease).png,Tribal mask (disease),1759.0,1789651047.0,997.0,1789636800.0
A ceremonial wooden mask.,6335,True,200.0,150.0,500.0,300.0,Tribal mask (poison).png,Tribal mask (poison),49750.0,1789626650.0,2000.0,1789654129.0
Local dress.,6351,True,120.0,150.0,300.0,180.0,Tribal top (blue).png,Tribal top (blue),74111.0,1789619965.0,177.0,1789494998.0
Local dress.,6341,True,120.0,150.0,300.0,180.0,Tribal top (brown).png,Tribal top (brown),7093.0,1789648161.0,707.0,1789644363.0
Local dress.,6371,True,120.0,150.0,300.0,180.0,Tribal top (pink).png,Tribal top (pink),4125.0,1789639192.0,6443.0,1789617147.0
Local dress.,6361,True,120.0,150.0,300.0,180.0,Tribal top (yellow).png,Tribal top (yellow),1442.0,1789484333.0,5.0,1789541900.0
A weapon from the deep.,11905,True,27600.0,8.0,69000.0,41400.0,Trident of the Seas (full).png,Trident of the Seas (full),861757.0,1789654288.0,840667.0,1789651386.0
"A pair of long dwarven trousers... long for dwarves, of course.",5040,True,300.0,150.0,750.0,450.0,Trousers (blue).png,Trousers (blue),400.0,1789549388.0,1001.0,1787187546.0
"A pair of long dwarven trousers... long for dwarves, of course.",5036,True,220.0,150.0,550.0,330.0,Trousers (brown).png,Trousers (brown),43221.0,1789628061.0,400.0,1789623143.0
"A pair of long dwarven trousers... long for dwarves, of course.",5038,True,280.0,150.0,700.0,420.0,Trousers (lilac).png,Trousers (lilac),100.0,1789599227.0,50.0,1787059852.0
Some nicely cooked trout.,333,False,4.0,6000.0,10.0,6.0,Trout.png,Trout,20.0,1789654402.0,19.0,1789654321.0
Take it to Perdu to help you avoid losing certain items.,24187,True,80.0,500.0,200.0,120.0,Trouver parchment.png,Trouver parchment,193087.0,1789654315.0,187810.0,1789654011.0
An ancient staff created using a higher power.,27277,True,2800000.0,8.0,7000000.0,4200000.0,Tumeken's shadow (uncharged).png,Tumeken's shadow (uncharged),800703050.0,1789654342.0,795000000.0,1789654166.0
"Wow, this is a big fish.",361,False,16.0,6000.0,40.0,24.0,Tuna.png,Tuna,45.0,1789654394.0,42.0,1789654345.0
A bowl of cooked tuna and sweetcorn.,7068,True,45.0,13000.0,113.0,67.0,Tuna and corn.png,Tuna and corn,939.0,1789611878.0,977.0,1789615797.0
A baked potato with tuna and sweetcorn.,7060,True,45.0,13000.0,113.0,67.0,Tuna potato.png,Tuna potato,1358.0,1789654049.0,1360.0,1789654127.0
"They're soft, silky and turquoise.",634,True,80.0,150.0,200.0,120.0,Turquoise boots.png,Turquoise boots,135.0,1789629928.0,25.0,1789595182.0
A silly turquoise pointed hat.,664,True,64.0,150.0,160.0,96.0,Turquoise hat.png,Turquoise hat,1415.0,1789642184.0,926.0,1789649871.0
Made by Tree Gnomes with a thing for turquoise.,654,True,72.0,150.0,180.0,108.0,Turquoise robe bottoms.png,Turquoise robe bottoms,1700.0,1789652904.0,1350.0,1789606131.0
"The ultimate in gnome design, now in turquoise!",644,True,72.0,150.0,180.0,108.0,Turquoise robe top.png,Turquoise robe top,1084.0,1789652176.0,222.0,1789627970.0
A magical staff imbued with the power of ice and fire.,30634,True,20000.0,8.0,50000.0,30000.0,Twinflame staff.png,Twinflame staff,8549735.0,1789653060.0,8326000.0,1789653982.0
A banner showcasing the colours of the Twisted League.,24413,True,400.0,5.0,1000.0,600.0,Twisted banner.png,Twisted banner,99997.0,1789614511.0,85499.0,1789593100.0
A scroll which unlocks the twisted player-owned house wall-kit.,24463,True,10000.0,5.0,25000.0,15000.0,Twisted blueprints.png,Twisted blueprints,1433879.0,1789637484.0,1400000.0,1789638316.0
The boots of a twisted relic hunter.,24411,True,400.0,5.0,1000.0,600.0,Twisted boots (t1).png,Twisted boots (t1),1000.0,1789653348.0,1000.0,1789609362.0
The boots of a twisted relic hunter.,24403,True,4000.0,5.0,10000.0,6000.0,Twisted boots (t2).png,Twisted boots (t2),1000.0,1789653366.0,1000.0,1789426775.0
The boots of a twisted relic hunter.,24393,True,40000.0,5.0,100000.0,60000.0,Twisted boots (t3).png,Twisted boots (t3),344000.0,1789653617.0,141050.0,1789623263.0
A mystical bow carved from the twisted remains of the Great Olm.,20997,True,1600000.0,8.0,4000000.0,2400000.0,Twisted bow.png,Twisted bow,1399250000.0,1789654360.0,1393266000.0,1789650138.0
A buckler carved from the twisted remains of the Great Olm.,21000,True,36000.0,8.0,90000.0,54000.0,Twisted buckler.png,Twisted buckler,10945349.0,1789654357.0,10773179.0,1789654151.0
A cane of the twisted relic hunter.,24395,True,400.0,10.0,1000.0,600.0,Twisted cane.png,Twisted cane,1427824.0,1789614347.0,1258888.0,1789653494.0
The coat of a twisted relic hunter.,24407,True,400.0,5.0,1000.0,600.0,Twisted coat (t1).png,Twisted coat (t1),130347.0,1789622432.0,89998.0,1789653397.0
The coat of a twisted relic hunter.,24399,True,4000.0,5.0,10000.0,6000.0,Twisted coat (t2).png,Twisted coat (t2),670000.0,1789521649.0,673480.0,1789621817.0
The coat of a twisted relic hunter.,24389,True,40000.0,5.0,100000.0,60000.0,Twisted coat (t3).png,Twisted coat (t3),1081437.0,1789653672.0,930000.0,1789624833.0
The headgear of a twisted relic hunter.,24405,True,400.0,5.0,1000.0,600.0,Twisted hat (t1).png,Twisted hat (t1),84777.0,1789652729.0,55004.0,1789650490.0
The headgear of a twisted relic hunter.,24397,True,4000.0,5.0,10000.0,6000.0,Twisted hat (t2).png,Twisted hat (t2),175022.0,1789647045.0,12000.0,1789540814.0
The headgear of a twisted relic hunter.,24387,True,40000.0,5.0,100000.0,60000.0,Twisted hat (t3).png,Twisted hat (t3),789888.0,1789653682.0,392500.0,1789623229.0
These look like they can be attached to a slayer helmet.,24466,True,40000.0,5.0,100000.0,60000.0,Twisted horns.png,Twisted horns,2300000.0,1789652502.0,2206273.0,1789653641.0
"A set containing Twisted boots (t1), Twisted trousers (t1), Twisted coat (t1) and Twisted hat (t1).",24469,True,20000.0,5.0,50000.0,30000.0,Twisted relic hunter (t1) armour set.png,Twisted relic hunter (t1) armour set,344664.0,1789634960.0,175000.0,1789568346.0
"A set containing Twisted boots (t2), Twisted trousers (t2), Twisted coat (t2) and Twisted hat (t2).",24472,True,20000.0,5.0,50000.0,30000.0,Twisted relic hunter (t2) armour set.png,Twisted relic hunter (t2) armour set,1089220.0,1789614031.0,600000.0,1789496501.0
"A set containing Twisted boots (t3), Twisted trousers (t3), Twisted coat (t3) and Twisted hat (t3).",24475,True,20000.0,5.0,50000.0,30000.0,Twisted relic hunter (t3) armour set.png,Twisted relic hunter (t3) armour set,2500000.0,1789610508.0,2270000.0,1789654376.0
A scroll which unlocks the twisted home teleport animation.,24460,True,10000.0,5.0,25000.0,15000.0,Twisted teleport scroll.png,Twisted teleport scroll,258139.0,1789617201.0,223000.0,1789465773.0
The trousers of a twisted relic hunter.,24409,True,400.0,5.0,1000.0,600.0,Twisted trousers (t1).png,Twisted trousers (t1),19228.0,1789627712.0,6432.0,1789617605.0
The trousers of a twisted relic hunter.,24401,True,4000.0,5.0,10000.0,6000.0,Twisted trousers (t2).png,Twisted trousers (t2),80173.0,1789612857.0,100.0,1789425352.0
The trousers of a twisted relic hunter.,24391,True,40000.0,5.0,100000.0,60000.0,Twisted trousers (t3).png,Twisted trousers (t3),212713.0,1789653655.0,140000.0,1789653280.0
An incredibly heavy ring.,12603,True,20000.0,8.0,50000.0,30000.0,Tyrannical ring.png,Tyrannical ring,204409.0,1789654252.0,200000.0,1789654352.0
As used by King Tyras' personal guard.,9629,True,220.0,150.0,550.0,330.0,Tyras helm.png,Tyras helm,300.0,1789546023.0,70.0,1789642869.0
A mace of obsidian.,6527,True,12000.0,70.0,30000.0,18000.0,Tzhaar-ket-em.png,Tzhaar-ket-em,197935.0,1789654168.0,191009.0,1789649051.0
A maul of obsidian.,6528,True,20000.0,70.0,50001.0,30000.0,Tzhaar-ket-om.png,Tzhaar-ket-om,173399.0,1789654416.0,170000.0,1789652815.0
Use on the TzHaar-ket-om to trim and spike it.,23232,True,2000.0,4.0,5000.0,3000.0,Tzhaar-ket-om ornament kit.png,Tzhaar-ket-om ornament kit,8999.0,1789640139.0,2250.0,1789650940.0
A mixture of chopped onions and ugthanki meat in a bowl.,1877,True,2.0,11000.0,7.0,4.0,Ugthanki & onion.png,Ugthanki & onion,200.0,1786803482.0,12.0,1789598546.0
A mixture of chopped tomatoes and ugthanki meat in a bowl.,1879,True,2.0,11000.0,7.0,4.0,Ugthanki & tomato.png,Ugthanki & tomato,50000.0,1789597151.0,12.0,1788799033.0
A fresh kebab made from ugthanki meat.,1885,True,8.0,10000.0,20.0,12.0,Ugthanki kebab.png,Ugthanki kebab,657.0,1789633269.0,600.0,1789654415.0
Freshly cooked ugthanki meat.,1861,True,2.0,11000.0,5.0,3.0,Ugthanki meat.png,Ugthanki meat,999999.0,1789417542.0,3000.0,1789652190.0
An occult ring that grants immense physical power.,28307,True,56000.0,,140000.0,84000.0,Ultor ring.png,Ultor ring,109341848.0,1789652518.0,106641727.0,1789654317.0
Ultra-good for the smallest or largest of plants.,21483,True,34.0,2000.0,85.0,51.0,Ultracompost.png,Ultracompost,599.0,1789654433.0,572.0,1789654427.0
Seems to absorb light from all around it.,31487,True,62.0,11000.0,156.0,93.0,Umbral coral.png,Umbral coral,2492.0,1789652538.0,2530.0,1789654263.0
This can be propagated in a coral nursery.,31515,True,31.0,200.0,78.0,46.0,Umbral frag.png,Umbral frag,2164.0,1789651955.0,1885.0,1789653491.0
I need another ingredient to finish this Umbral potion.,31668,True,10.0,,25.0,15.0,Umbral potion (unf).png,Umbral potion (unf),2860.0,1789648716.0,2848.0,1789652082.0
A symbol of Saradomin.,1716,False,80.0,10000.0,200.0,120.0,Unblessed symbol.png,Unblessed symbol,75.0,1789610741.0,45.0,1789653333.0
"It needs to be charged with death runes, chaos runes, fire runes and Zulrah's scales.",12900,True,31200.0,8.0,78000.0,46800.0,Uncharged toxic trident.png,Uncharged toxic trident,3202650.0,1789654065.0,3097220.0,1789652693.0
"It needs to be charged with death runes, chaos runes, fire runes and Zulrah's scales.",22294,True,43200.0,8.0,108000.0,64800.0,Uncharged toxic trident (e).png,Uncharged toxic trident (e),5240655.0,1789653127.0,5103731.0,1789654319.0
"It needs to be charged with death runes, chaos runes, fire runes and coins.",11908,True,27200.0,8.0,68000.0,40800.0,Uncharged trident.png,Uncharged trident,47555.0,1789652738.0,40746.0,1789654417.0
"It needs to be charged with death runes, chaos runes, fire runes and coins.",22290,True,39200.0,8.0,98000.0,58800.0,Uncharged trident (e).png,Uncharged trident (e),2500000.0,1789643675.0,2051000.0,1789606759.0
This would be much tastier cooked.,2317,False,6.0,13000.0,16.0,9.0,Uncooked apple pie.png,Uncooked apple pie,389.0,1789642024.0,389.0,1789650150.0
This would be much more appetising cooked.,2321,False,2.0,13000.0,6.0,3.0,Uncooked berry pie.png,Uncooked berry pie,444.0,1789634330.0,390.0,1789635402.0
This would be much tastier cooked.,19656,True,6.0,13000.0,16.0,9.0,Uncooked botanical pie.png,Uncooked botanical pie,2158.0,1789627301.0,2619.0,1789612909.0
This would be much tastier cooked.,22789,True,16.0,10000.0,40.0,24.0,Uncooked dragonfruit pie.png,Uncooked dragonfruit pie,1749.0,1789644123.0,1749.0,1789652085.0
A bowl of uncooked egg.,7076,True,3.0,13000.0,8.0,4.0,Uncooked egg.png,Uncooked egg,1000.0,1789055820.0,200.0,1789438842.0
This would be much healthier cooked.,2319,False,3.0,13000.0,8.0,4.0,Uncooked meat pie.png,Uncooked meat pie,408.0,1789642847.0,387.0,1789642859.0
This would be much tastier cooked.,21684,True,6.0,13000.0,16.0,9.0,Uncooked mushroom pie.png,Uncooked mushroom pie,14005.0,1789651462.0,13160.0,1789635449.0
This would be worth more cut.,1617,False,80.0,10000.0,200.0,120.0,Uncut diamond.png,Uncut diamond,2420.0,1789654151.0,2446.0,1789654412.0
This would be worth more cut.,1631,True,400.0,10000.0,1000.0,600.0,Uncut dragonstone.png,Uncut dragonstone,14850.0,1789653032.0,14752.0,1789654404.0
This would be worth more cut.,1621,False,20.0,10000.0,50.0,30.0,Uncut emerald.png,Uncut emerald,403.0,1789653903.0,405.0,1789654434.0
This would be worth more cut.,1627,True,12.0,10000.0,30.0,18.0,Uncut jade.png,Uncut jade,107.0,1789652514.0,107.0,1789654377.0
This would be worth more cut.,6571,True,80000.0,11000.0,200000.0,120000.0,Uncut onyx.png,Uncut onyx,2786819.0,1789652915.0,2786819.0,1789652749.0
This would be worth more cut.,1625,True,8.0,10000.0,20.0,12.0,Uncut opal.png,Uncut opal,107.0,1789653877.0,106.0,1789654427.0
This would be worth more cut.,1629,True,16.0,10000.0,40.0,24.0,Uncut red topaz.png,Uncut red topaz,1156.0,1789653475.0,1134.0,1789654313.0
This would be worth more cut.,1619,False,40.0,10000.0,100.0,60.0,Uncut ruby.png,Uncut ruby,984.0,1789654358.0,1005.0,1789654433.0
This would be worth more cut.,1623,False,10.0,10000.0,25.0,15.0,Uncut sapphire.png,Uncut sapphire,213.0,1789654365.0,223.0,1789654426.0
This would be worth more cut.,19496,True,30000.0,10000.0,75000.0,45000.0,Uncut zenyte.png,Uncut zenyte,19500000.0,1789618202.0,20030955.0,1789653564.0
Add feathers to make broad-tipped crossbow bolts.,11876,True,22.0,7000.0,55.0,33.0,Unfinished broad bolts 5.png,Unfinished broad bolts,73.0,1789651884.0,64.0,1789651913.0
I need another ingredient to finish this potion.,3406,True,4.0,10000.0,11.0,6.0,Unfinished potion.png,Unfinished potion,980.0,1789651901.0,312.0,1789652843.0
I need to put this in a pottery oven.,1791,False,1.0,10000.0,2.0,1.0,Unfired bowl.png,Unfired bowl,665.0,1789654077.0,200.0,1789654389.0
I need to put this in a pottery oven.,28193,True,1.0,,2.0,1.0,Unfired cup.png,Unfired cup,32.0,1789015245.0,1233.0,1789098436.0
I need to put this in a pottery oven.,1789,False,1.0,10000.0,3.0,1.0,Unfired pie dish.png,Unfired pie dish,92.0,1789604948.0,87.0,1789654370.0
An unfired plant pot.,5352,True,1.0,10000.0,1.0,1.0,Unfired plant pot.png,Unfired plant pot,96.0,1789596365.0,10000.0,1787612646.0
I need to put this in a pottery oven.,1787,False,1.0,10000.0,1.0,1.0,Unfired pot.png,Unfired pot,1.0,1789654359.0,2.0,1789635216.0
"This needs firing, then it should fit on a normal-sized pot.",4438,True,4.0,100.0,10.0,6.0,Unfired pot lid.png,Unfired pot lid,92.0,1789441772.0,105.0,1787168175.0
"The Dark Lord will rise again with his servant's aid, greater and more terrible than ever he was.",20223,True,32.0,5.0,80.0,48.0,Unholy blessing.png,Unholy blessing,10089.0,1789654270.0,8500.0,1789654310.0
A set containing the four pages of Zamorak's Unholy Book.,13151,True,2800.0,5.0,7000.0,4200.0,Unholy book page set.png,Unholy book page set,28110.0,1789653262.0,28110.0,1789650402.0
An unholy symbol of Zamorak.,1724,True,80.0,125.0,200.0,120.0,Unholy symbol.png,Unholy symbol,407.0,1789652756.0,333.0,1789654179.0
This horn has restorative properties.,237,True,8.0,13000.0,20.0,12.0,Unicorn horn.png,Unicorn horn,602.0,1789653938.0,600.0,1789654296.0
Finely ground horn of Unicorn.,235,True,8.0,13000.0,20.0,12.0,Unicorn horn dust.png,Unicorn horn dust,696.0,1789654418.0,693.0,1789654286.0
A lantern to aid attacking Harpie bugs.,7051,True,52.0,40.0,130.0,78.0,Unlit bug lantern.png,Unlit bug lantern,500.0,1789648633.0,478.0,1789635719.0
An unlit home-made torch.,596,True,1.0,40.0,4.0,2.0,Unlit torch.png,Unlit torch,99.0,1789652998.0,77.0,1789652355.0
I'd prefer it if it was powered.,567,True,40.0,10000.0,100.0,60.0,Unpowered orb.png,Unpowered orb,84.0,1789653382.0,78.0,1789654344.0
An unblessed symbol of Zamorak.,1722,True,80.0,10000.0,200.0,120.0,Unpowered symbol.png,Unpowered symbol,76.0,1789319706.0,33.0,1789651935.0
An unstrung composite ogre bow.,4825,True,36.0,10000.0,90.0,54.0,Unstrung comp bow.png,Unstrung comp bow,20000.0,1789618181.0,20000.0,1789574928.0
It needs a string so I can wear it.,1720,True,80.0,10000.0,200.0,120.0,Unstrung emblem.png,Unstrung emblem,138.0,1789342204.0,7.0,1789065779.0
Needs a suitably simian rope.,19607,True,20000.0,8.0,50000.0,30000.0,Unstrung heavy ballista.png,Unstrung heavy ballista,376838.0,1788878513.0,613822.0,1789608248.0
Needs a suitably simian rope.,19604,True,20000.0,8.0,50000.0,30000.0,Unstrung light ballista.png,Unstrung light ballista,84617.0,1789451165.0,38654.0,1789605189.0
It needs a string so I can wear it.,1714,False,80.0,10000.0,200.0,120.0,Unstrung symbol.png,Unstrung symbol,55.0,1789652882.0,45.0,1789653326.0
This is top secret comrade...,23255,True,400.0,4.0,1000.0,600.0,Uri's hat.png,Uri's hat,11500.0,1789627970.0,5155.0,1789651820.0
The remains of a deadly shade.,25419,True,1.0,7500.0,1.0,1.0,Urium remains.png,Urium remains,8358.0,1789653257.0,8600.0,1789650224.0
"An ancient and peculiar chainmace, corrupted by the power of Callisto.",27657,True,70000.0,8.0,175000.0,105000.0,Ursine chainmace (u).png,Ursine chainmace (u),4254038.0,1789654317.0,4151084.0,1789654402.0
"A green salt that, when burned with other salts provides various benefits.",22597,True,4.0,10000.0,10.0,6.0,Urt salt.png,Urt salt,100.0,1789654430.0,100.0,1789654034.0
That used to be a vampyre!,3325,True,1.0,11000.0,2.0,1.0,Vampyre dust.png,Vampyre dust,990.0,1789653861.0,935.0,1789652386.0
A meaty Varlamorian kebab.,29900,True,1.0,,3.0,1.0,Varlamorian kebab.png,Varlamorian kebab,25000.0,1788451023.0,526.0,1789631774.0
A teleport to Varrock.,8007,True,1.0,15000.0,1.0,1.0,Varrock teleport (tablet).png,Varrock teleport (tablet),482.0,1789654425.0,482.0,1789654061.0
This looks pretty healthy.,2195,True,1.0,6000.0,2.0,1.0,Veg ball.png,Veg ball,9400.0,1789643855.0,501.0,1789628638.0
Well... it looks healthy.,2281,True,1.0,6000.0,2.0,1.0,Vegetable batta.png,Vegetable batta,2077.0,1789643341.0,101.0,1789558858.0
A bow used by hunters from a forgotten empire.,27612,True,300000.0,8.0,750000.0,450000.0,Venator bow (uncharged).png,Venator bow (uncharged),64000000.0,1789653346.0,62469736.0,1789654315.0
A sharp tooth.,33661,True,200.0,,500.0,300.0,Venator fang.png,Venator fang,1845.0,1789652787.0,1848.0,1789654125.0
An occult ring that grants immense dexterity.,28310,True,56000.0,,140000.0,84000.0,Venator ring.png,Venator ring,47319570.0,1789652369.0,46127140.0,1789651914.0
A broken shard of an ancient weapon.,27614,True,60000.0,8.0,150000.0,90000.0,Venator shard.png,Venator shard,12404254.0,1789651539.0,12401000.0,1789652303.0
A pointy tooth.,33663,True,100.0,,250.0,150.0,Venator tooth.png,Venator tooth,1234.0,1789647896.0,1235.0,1789654297.0
"A set containing a Verac's helm, plateskirt, brassard and flail.",12875,True,160000.0,8.0,400000.0,240000.0,Verac's armour set.png,Verac's armour set,870000.0,1789653196.0,819447.0,1789650871.0
Verac the Defiled's brassard.,4757,True,112000.0,15.0,280000.0,168000.0,Verac's brassard.png,Verac's brassard,239988.0,1789652254.0,182756.0,1789654089.0
Verac the Defiled's brassard.,4992,True,112000.0,15.0,280000.0,168000.0,Verac's brassard 0.png,Verac's brassard 0,166817.0,1789062731.0,167050.0,1789646684.0
Verac the Defiled's flail.,4755,True,64000.0,15.0,160000.0,96000.0,Verac's flail.png,Verac's flail,117600.0,1789653537.0,112722.0,1789654375.0
Verac the Defiled's flail.,4986,True,64000.0,15.0,160000.0,96000.0,Verac's flail 0.png,Verac's flail 0,95136.0,1789504021.0,95100.0,1789651036.0
Verac the Defiled's helm.,4753,True,41200.0,15.0,103000.0,61800.0,Verac's helm.png,Verac's helm,200000.0,1789654266.0,183393.0,1789654046.0
Verac the Defiled's helm.,4980,True,41200.0,15.0,103000.0,61800.0,Verac's helm 0.png,Verac's helm 0,103439.0,1789350779.0,125000.0,1789654079.0
Verac the Defiled's plate skirt.,4759,True,110000.0,15.0,275000.0,165000.0,Verac's plateskirt.png,Verac's plateskirt,327108.0,1789654279.0,318214.0,1789653608.0
Verac the Defiled's plate skirt.,4998,True,110000.0,15.0,275000.0,165000.0,Verac's plateskirt 0.png,Verac's plateskirt 0,257805.0,1789602910.0,268124.0,1789654346.0
An empty glass vial.,229,False,1.0,13000.0,2.0,1.0,Vial.png,Vial,3.0,1789654418.0,3.0,1789654423.0
A glass vial containing blood.,22446,True,40.0,13000.0,100.0,60.0,Vial of blood.png,Vial of blood,8560.0,1789654398.0,8560.0,1789654020.0
A glass vial containing water.,227,False,1.0,13000.0,2.0,1.0,Vial of water.png,Vial of water,5.0,1789654429.0,5.0,1789654341.0
An ancient chainmace with a peculiar mechanism that allows for varying attack styles.,22542,True,48000.0,8.0,120000.0,72000.0,Viggora's chainmace (u).png,Viggora's chainmace (u),4128279.0,1789654023.0,4015248.0,1789654227.0
A heap of ashes.,25769,False,1.0,3000.0,1.0,1.0,Vile ashes.png,Vile ashes,136.0,1789652750.0,134.0,1789653606.0
"A light blue armband, as worn by the Tai Bwo Wannai locals.",6359,True,60.0,150.0,150.0,90.0,Villager armband (blue).png,Villager armband (blue),6001.0,1788884695.0,20000.0,1789352624.0
"A brown armband, as worn by the Tai Bwo Wannai locals.",6347,True,60.0,150.0,150.0,90.0,Villager armband (brown).png,Villager armband (brown),4999.0,1789614656.0,10148.0,1789075571.0
"A white armband, as worn by the Tai Bwo Wannai locals.",6379,True,60.0,150.0,150.0,90.0,Villager armband (pink).png,Villager armband (pink),500000.0,1789611846.0,69.0,1789611875.0
"A dark blue armband, as worn by the Tai Bwo Wannai locals.",6369,True,60.0,150.0,150.0,90.0,Villager armband (yellow).png,Villager armband (yellow),964.0,1789268157.0,50000.0,1789470258.0
A brightly coloured hat prized by the Tai Bwo Wannai peoples.,6355,True,80.0,150.0,200.0,120.0,Villager hat (blue).png,Villager hat (blue),3825.0,1789561637.0,250.0,1789512775.0
A brightly coloured hat prized by the Tai Bwo Wannai peoples.,6345,True,80.0,150.0,200.0,120.0,Villager hat (brown).png,Villager hat (brown),3463.0,1789633405.0,15000.0,1789307213.0
A brightly coloured hat prized by the Tai Bwo Wannai peoples.,6375,True,80.0,150.0,200.0,120.0,Villager hat (pink).png,Villager hat (pink),2818.0,1789642029.0,300.0,1789068013.0
A brightly coloured hat prized by the Tai Bwo Wannai peoples.,6365,True,80.0,150.0,200.0,120.0,Villager hat (yellow).png,Villager hat (yellow),2247.0,1789432002.0,6498.0,1789594074.0
A brightly coloured robe prized by the Tai Bwo Wannai peoples.,6353,True,100.0,150.0,250.0,150.0,Villager robe (blue).png,Villager robe (blue),30000.0,1789531467.0,10000.0,1789420592.0
A brightly coloured robe prized by the Tai Bwo Wannai peoples.,6343,True,100.0,150.0,250.0,150.0,Villager robe (brown).png,Villager robe (brown),3325.0,1789642374.0,15000.0,1789307203.0
A brightly coloured robe prized by the Tai Bwo Wannai peoples.,6373,True,100.0,150.0,250.0,150.0,Villager robe (pink).png,Villager robe (pink),4881.0,1789267847.0,10000.0,1789416309.0
A brightly coloured robe prized by the Tai Bwo Wannai peoples.,6363,True,100.0,150.0,250.0,150.0,Villager robe (yellow).png,Villager robe (yellow),500.0,1789394159.0,2617.0,1779911091.0
A brightly coloured pair of local sandals.,6357,True,40.0,150.0,100.0,60.0,Villager sandals (blue).png,Villager sandals (blue),95000.0,1789620210.0,10000.0,1789643909.0
A brightly coloured pair of local sandals.,6349,True,40.0,150.0,100.0,60.0,Villager sandals (brown).png,Villager sandals (brown),8000.0,1789653335.0,5000.0,1789654387.0
A brightly coloured pair of local sandals.,6377,True,40.0,150.0,100.0,60.0,Villager sandals (pink).png,Villager sandals (pink),49000.0,1789620884.0,3684.0,1789620228.0
A brightly coloured pair of local sandals.,6367,True,40.0,150.0,100.0,60.0,Villager sandals (yellow).png,Villager sandals (yellow),2957.0,1789633390.0,69.0,1789576230.0
"A set containing a Virtus mask, Virtus robe top and Virtus robe bottom.",31148,True,58000.0,2.0,145000.0,87000.0,Virtus armour set.png,Virtus armour set,59589000.0,1789654390.0,59535998.0,1789653448.0
An ancient mage's mask.,26241,True,80000.0,8.0,200000.0,120000.0,Virtus mask.png,Virtus mask,4513835.0,1789654403.0,4441000.0,1789654426.0
An ancient mage's robe bottom.,26245,True,160000.0,8.0,400000.0,240000.0,Virtus robe bottom.png,Virtus robe bottom,23731404.0,1789650479.0,23285791.0,1789653722.0
An ancient mage's robe top.,26243,True,240000.0,8.0,600000.0,360000.0,Virtus robe top.png,Virtus robe top,30980428.0,1789654384.0,30243929.0,1789654260.0
An absolutely clear spirit.,2015,True,2.0,13000.0,5.0,3.0,Vodka.png,Vodka,100.0,1789654374.0,94.0,1789636971.0
A truly fearsome weapon.,27690,True,800000.0,70.0,2000000.0,1200000.0,Voidwaker.png,Voidwaker,38219318.0,1789653758.0,37825123.0,1789654288.0
The blade of a broken sword.,27684,True,320000.0,8.0,800000.0,480000.0,Voidwaker blade.png,Voidwaker blade,1214616.0,1789641705.0,1150000.0,1789647359.0
The gem of a broken sword.,27687,True,320000.0,8.0,800000.0,480000.0,Voidwaker gem.png,Voidwaker gem,32700000.0,1789640945.0,34237420.0,1789654217.0
The hilt of a broken sword.,27681,True,320000.0,8.0,800000.0,480000.0,Voidwaker hilt.png,Voidwaker hilt,1350000.0,1789646685.0,1323000.0,1789653771.0
"An ancient magical orb, corrupted by darkness.",24514,True,1600000.0,8.0,4000000.0,2400000.0,Volatile orb.png,Volatile orb,31319000.0,1789653346.0,30416000.0,1789650208.0
One of the ingredients for making ultra compost.,21622,True,80.0,13000.0,200.0,120.0,Volcanic ash.png,Volcanic ash,192.0,1789654269.0,185.0,1789654380.0
How has lava been stored like this...?,12771,True,1.0,4.0,1.0,1.0,Volcanic whip mix.png,Volcanic whip mix,1477777.0,1789650385.0,1228888.0,1789651981.0
Dress like the powerful vyrewatch!,9636,True,200.0,150.0,500.0,300.0,Vyrewatch legs.png,Vyrewatch legs,1918.0,1789654361.0,310.0,1789540544.0
Dress like the powerful vyrewatch!,9638,True,200.0,150.0,500.0,300.0,Vyrewatch shoes.png,Vyrewatch shoes,2291.0,1789654351.0,2537.0,1789649443.0
Dress like the powerful vyrewatch!,9634,True,200.0,150.0,500.0,300.0,Vyrewatch top.png,Vyrewatch top,1666.0,1789654356.0,619.0,1789603811.0
The blood of the soldier makes the glory of the general.,20232,True,32.0,5.0,80.0,48.0,War blessing.png,War blessing,6441.0,1789654308.0,5555.0,1789653831.0
Makes a malediction or odium ward more beautiful.,12802,True,600.0,50.0,1500.0,900.0,Ward upgrade kit.png,Ward upgrade kit,909550.0,1789647677.0,880335.0,1789651395.0
A magical warped weapon.,28583,True,60000.0,,150000.0,90000.0,Warped sceptre (uncharged).png,Warped sceptre (uncharged),92081.0,1789653791.0,88715.0,1789654371.0
This helmet is worn by warriors.,3753,True,24000.0,70.0,60000.0,36000.0,Warrior helm.png,Warrior helm,39166.0,1789653698.0,39100.0,1789653437.0
The icon of a warrior.,28301,True,3200.0,,8000.0,4800.0,Warrior icon.png,Warrior icon,55000.0,1789636406.0,69044.0,1787843429.0
A legendary ring once worn by Fremennik warriors.,6735,True,4000.0,8.0,10000.0,6000.0,Warrior ring.png,Warrior ring,57478.0,1789654369.0,53136.0,1789653946.0
A teleport to the Yanille Watchtower.,8012,True,1.0,10000.0,1.0,1.0,Watchtower teleport (tablet).png,Watchtower teleport (tablet),424.0,1789654033.0,411.0,1789652903.0
It's a slightly magical stick.,1395,True,6200.0,18000.0,15500.0,9300.0,Water battlestaff.png,Water battlestaff,8860.0,1789654346.0,8811.0,1789654431.0
A magic glowing orb.,571,True,120.0,11000.0,300.0,180.0,Water orb.png,Water orb,1038.0,1789654372.0,1030.0,1789654388.0
One of the 4 basic elemental Runes.,555,False,1.0,50000.0,4.0,2.0,Water rune.png,Water rune,6.0,1789654410.0,5.0,1789654344.0
Who needs a watering can these days.,34410,True,8000.0,,20000.0,12000.0,Water sapphire.png,Water sapphire,241397.0,1789652879.0,230000.0,1789652124.0
A mysterious power emanates from the talisman...,1444,False,1.0,11000.0,4.0,2.0,Water talisman.png,Water talisman,340.0,1789654309.0,322.0,1789654380.0
A tiara infused with the properties of water.,5531,False,40.0,40.0,100.0,60.0,Water tiara.png,Water tiara,31.0,1789654269.0,31.0,1789653306.0
A teleport to Waterbirth Island.,24953,True,1.0,10000.0,1.0,1.0,Waterbirth teleport (tablet).png,Waterbirth teleport (tablet),825.0,1789654201.0,756.0,1789650168.0
This watering can is empty.,5331,True,3.0,40.0,8.0,4.0,Watering can.png,Watering can,165.0,1789654227.0,11.0,1789635849.0
A juicy watermelon.,5982,True,19.0,11000.0,48.0,28.0,Watermelon.png,Watermelon,17.0,1789654345.0,16.0,1789653991.0
A watermelon seed - plant in an allotment.,5321,True,22.0,200.0,56.0,33.0,Watermelon seed 5.png,Watermelon seed,155.0,1789654037.0,110.0,1789654415.0
A slice of watermelon.,5984,True,6.0,11000.0,16.0,9.0,Watermelon slice.png,Watermelon slice,50.0,1789596024.0,49.0,1789627673.0
A completely empty waterskin - you'll need to fill it up.,1831,True,6.0,10000.0,15.0,9.0,Waterskin(0).png,Waterskin(0),3998.0,1789650432.0,10.0,1789650839.0
A full waterskin with four portions of water.,1823,True,12.0,2000.0,30.0,18.0,Waterskin(4).png,Waterskin(4),90.0,1789654290.0,55.0,1789651371.0
Teleports you to Watson's house in Great Kourend.,23387,True,4.0,10000.0,10.0,6.0,Watson teleport.png,Watson teleport,4172.0,1789654089.0,3099.0,1789652875.0
For use on daggers and projectiles.,187,True,57.0,2000.0,144.0,86.0,Weapon poison.png,Weapon poison,271.0,1789653851.0,270.0,1789654014.0
"A vial of extra strong weapon poison, for spears and daggers.",5937,True,115.0,2000.0,288.0,172.0,Weapon poison(+).png,Weapon poison(+),775.0,1789648807.0,753.0,1789653801.0
"A vial of super strong weapon poison, for spears and daggers.",5940,True,172.0,2000.0,432.0,259.0,Weapon poison(++).png,Weapon poison(++),2188.0,1789654230.0,2305.0,1789654191.0
"A bow of a follower of Armadyl, corrupted by the power of Venenatis.",27652,True,70000.0,,175000.0,105000.0,Webweaver bow (u).png,Webweaver bow (u),15037999.0,1789654380.0,14661562.0,1789654382.0
A handful of weeds.,6055,True,1.0,600.0,1.0,1.0,Weeds.png,Weeds,152.0,1789654362.0,146.0,1789654191.0
A teleport to West Ardougne.,19623,True,1.0,10000.0,1.0,1.0,West ardougne teleport (tablet).png,West ardougne teleport (tablet),4149.0,1789654171.0,3562.0,1789653777.0
A bottle of Draynor Malt.,2017,True,2.0,13000.0,5.0,3.0,Whisky.png,Whisky,177.0,1789557398.0,128.0,1789653672.0
A two handed sword.,6609,True,768.0,125.0,1920.0,1152.0,White 2h sword.png,White 2h sword,2000.0,1789650636.0,1320.0,1789652321.0
A mostly clean apron.,1005,False,1.0,150.0,2.0,1.0,White apron.png,White apron,69.0,1789654067.0,67.0,1789653795.0
A vicious looking axe.,6589,True,499.0,125.0,1248.0,748.0,White battleaxe.png,White battleaxe,3280.0,1789455922.0,500.0,1789079910.0
A small round white bead.,1476,False,1.0,11000.0,4.0,2.0,White bead.png,White bead,1598.0,1789654396.0,1560.0,1789653878.0
Parlez-vous francais?,2637,True,32.0,4.0,80.0,48.0,White beret.png,White beret,16894.0,1789649090.0,12500.0,1789653172.0
"Sour berries, used in potions.",239,True,4.0,13000.0,10.0,6.0,White berries.png,White berries,653.0,1789654392.0,653.0,1789654324.0
Stylish!,12313,True,90.0,4.0,225.0,135.0,White boater.png,White boater,1097.0,1789649567.0,1094.0,1789647713.0
These will protect my feet.,6619,True,230.0,125.0,576.0,345.0,White boots.png,White boots,14999.0,1789623603.0,3782.0,1789646897.0
All for one and one for all!,12321,True,80.0,4.0,200.0,120.0,White cavalier.png,White cavalier,3999.0,1789640591.0,2500.0,1789652636.0
A series of connected metal rings.,6615,True,576.0,125.0,1440.0,864.0,White chainbody.png,White chainbody,834.0,1789635189.0,501.0,1789636433.0
A set of fighting claws.,6587,True,144.0,125.0,360.0,216.0,White claws.png,White claws,763.0,1789563601.0,20.0,1789520882.0
A vicious white dagger.,6591,True,96.0,125.0,240.0,144.0,White dagger.png,White dagger,180.0,1789455890.0,50000.0,1789513975.0
This dagger is poisoned.,6593,True,96.0,125.0,240.0,144.0,White dagger(p).png,White dagger(p),1.0,1788162291.0,157.0,1783252391.0
This dagger is poisoned.,6595,True,96.0,125.0,240.0,144.0,White dagger(p+).png,White dagger(p+),14234.0,1789455874.0,180.0,1787932229.0
This dagger is poisoned.,6597,True,96.0,125.0,240.0,144.0,White dagger(p++).png,White dagger(p++),25000.0,1788632750.0,4462.0,1789021917.0
Paints things white!,12763,True,1.0,4.0,1.0,1.0,White dark bow paint.png,White dark bow paint,925337.0,1789628852.0,877078.0,1789630886.0
A well made elegant ladies' white blouse.,10420,True,800.0,4.0,2000.0,1200.0,White elegant blouse.png,White elegant blouse,3261.0,1789617675.0,3101.0,1789647626.0
A rather elegant white skirt.,10422,True,800.0,4.0,2000.0,1200.0,White elegant skirt.png,White elegant skirt,1865.0,1789616591.0,75.0,1789633479.0
Makes firelighting a lot easier.,10327,True,6.0,250.0,15.0,9.0,White firelighter.png,White firelighter,77.0,1789653426.0,75.0,1789654134.0
A posy of flowers.,2474,True,40.0,150.0,100.0,60.0,White flowers.png,White flowers,139999.0,1789654087.0,99186.0,1789647536.0
A full face helmet.,6623,True,422.0,125.0,1056.0,633.0,White full helm.png,White full helm,1482.0,1789651148.0,20.0,1789646109.0
These will keep my hands warm!,6629,True,2.0,125.0,6.0,3.0,White gloves.png,White gloves,697.0,1789650701.0,697.0,1789651125.0
A white halberd.,6599,True,768.0,125.0,1920.0,1152.0,White halberd.png,White halberd,1134.0,1789641130.0,750.0,1789544224.0
A minimalist's hat.,12299,True,16.0,4.0,40.0,24.0,White headband.png,White headband,405.0,1789619309.0,1000.0,1789649033.0
A large metal shield.,6633,True,652.0,125.0,1632.0,979.0,White kiteshield.png,White kiteshield,1610.0,1789651174.0,755.0,1789615660.0
A fully bloomed White lily.,22932,True,2.0,600.0,5.0,3.0,White lily.png,White lily,501.0,1789650546.0,505.0,1789654265.0
A white lily seed - plant in a flower patch.,22887,True,120.0,600.0,300.0,180.0,White lily seed 5.png,White lily seed,2513.0,1789652453.0,2513.0,1789654246.0
A razor sharp longsword.,6607,True,384.0,125.0,960.0,576.0,White longsword.png,White longsword,1461.0,1789547578.0,1461.0,1788737469.0
A spiky mace.,6601,True,172.0,125.0,432.0,259.0,White mace.png,White mace,565.0,1789176916.0,50.0,1789526515.0
A Magical staff.,6603,True,80.0,125.0,200.0,120.0,White magic staff.png,White magic staff,1190.0,1789625262.0,827.0,1789649878.0
A medium sized helmet.,6621,True,230.0,125.0,576.0,345.0,White med helm.png,White med helm,1355.0,1789634260.0,1355.0,1789617302.0
A nice hat from a cracker.,1048,False,1.0,5.0,1.0,1.0,White partyhat.png,White partyhat,24917.0,1789651389.0,24000.0,1789654119.0
Provides excellent protection.,6617,True,1536.0,125.0,3840.0,2304.0,White platebody.png,White platebody,8578.0,1789653446.0,7793.0,1789639192.0
"Big, White and heavy looking.",6625,True,768.0,125.0,1920.0,1152.0,White platelegs.png,White platelegs,9965.0,1789653483.0,1208.0,1789646481.0
"Big, White and heavy looking.",6627,True,768.0,125.0,1920.0,1152.0,White plateskirt.png,White plateskirt,5000.0,1789616835.0,985.0,1789135078.0
"A vicious, curved sword.",6611,True,307.0,125.0,768.0,460.0,White scimitar.png,White scimitar,1196.0,1789608017.0,1849.0,1789595541.0
A medium square shield.,6631,True,460.0,125.0,1152.0,691.0,White sq shield.png,White sq shield,500.0,1789452673.0,358.0,1789153027.0
A razor sharp sword.,6605,True,249.0,125.0,624.0,374.0,White sword.png,White sword,59877.0,1789363955.0,1709.0,1789526826.0
A white toy horse.,2522,False,40.0,150.0,100.0,60.0,White toy horsey.png,White toy horsey,500.0,1789652197.0,400.0,1789654415.0
Pointy rainbows.,20269,True,400.0,4.0,1000.0,600.0,White unicorn mask.png,White unicorn mask,4794.0,1789641048.0,3100.0,1789610065.0
I don't think it's intended for joinery.,6613,True,392.0,125.0,980.0,588.0,White warhammer.png,White warhammer,10000.0,1789255680.0,2417.0,1789469060.0
A whiteberry bush seed - plant in a bush patch.,5105,True,53.0,200.0,133.0,79.0,Whiteberry seed 5.png,Whiteberry seed,9.0,1789649702.0,7.0,1789654189.0
A triumph of man over nature.,7208,True,72.0,10000.0,182.0,109.0,Wild pie.png,Wild pie,799.0,1789654234.0,626.0,1789654326.0
A handful of Wildblood Hops.,6002,True,6.0,11000.0,15.0,9.0,Wildblood hops.png,Wildblood hops,18.0,1789600197.0,100.0,1789645780.0
A Wildblood hop seed - plant in a hops patch.,5311,True,5.0,2000.0,14.0,8.0,Wildblood seed 5.png,Wildblood seed,95.0,1789647831.0,77.0,1789653721.0
"A teleport to near the dark crab fishing spots, in level 33 Wilderness.",24251,True,25.0,,63.0,37.0,Wilderness crabs teleport.png,Wilderness crabs teleport,20323.0,1789654349.0,20015.0,1789654399.0
Feed and catch the birds by placing this in the right spot.,21518,True,2.0,250.0,5.0,3.0,Willow bird house.png,Willow bird house,1562.0,1789646828.0,1562.0,1789651457.0
A handy little club made out of willow.,4600,True,240.0,125.0,600.0,360.0,Willow blackjack.png,Willow blackjack,317.0,1789652049.0,127.0,1789652702.0
A defensive blackjack.,6414,True,320.0,125.0,800.0,480.0,Willow blackjack(d).png,Willow blackjack(d),7000.0,1789641747.0,2489.0,1785565517.0
An offensive blackjack.,6412,True,320.0,125.0,800.0,480.0,Willow blackjack(o).png,Willow blackjack(o),3543.0,1789312425.0,13000.0,1789618779.0
A branch from a willow tree.,5933,True,1.0,11000.0,2.0,1.0,Willow branch.png,Willow branch,1772.0,1789654270.0,1772.0,1789653436.0
A powerful bow made from willow wood.,10280,False,120.0,8.0,300.0,180.0,Willow comp bow.png,Willow comp bow,3980.0,1789623842.0,4180.0,1789648336.0
A pile of Willow tree leaves.,6024,True,1.0,,1.0,1.0,Willow leaves.png,Willow leaves,158.0,1789623714.0,158.0,1789653501.0
Logs cut from a willow tree.,1519,False,16.0,15000.0,40.0,24.0,Willow logs.png,Willow logs,24.0,1789654393.0,24.0,1789654113.0
A nice sturdy bow made out of willow.,847,False,128.0,18000.0,320.0,192.0,Willow longbow.png,Willow longbow,133.0,1789654289.0,120.0,1789654310.0
An unstrung willow longbow; I need a bowstring for this.,58,True,64.0,10000.0,160.0,96.0,Willow longbow (u).png,Willow longbow (u),11.0,1789651091.0,10.0,1789654249.0
Willow logs prepared with sacred oil for a funeral pyre.,3442,True,32.0,11000.0,80.0,48.0,Willow pyre logs.png,Willow pyre logs,3017.0,1789654307.0,2600.0,1789623523.0
The roots of the Willow tree.,6045,True,1.0,11000.0,1.0,1.0,Willow roots.png,Willow roots,21.0,1789653424.0,21.0,1789654009.0
This sapling is ready to be replanted in a tree patch.,5371,True,1.0,200.0,1.0,1.0,Willow sapling.png,Willow sapling,378.0,1789652205.0,396.0,1789653850.0
Plant this in a plantpot of soil to grow a sapling.,5313,True,6.0,200.0,16.0,9.0,Willow seed 5.png,Willow seed,47.0,1789654331.0,47.0,1789654212.0
A solid willow shield.,22254,True,64.0,18000.0,160.0,96.0,Willow shield.png,Willow shield,10.0,1789638815.0,23.0,1789654111.0
"A shortbow made out of willow, still effective.",849,False,80.0,18000.0,200.0,120.0,Willow shortbow.png,Willow shortbow,121.0,1789654089.0,90.0,1789654300.0
An unstrung willow shortbow; I need a bowstring for this.,60,True,40.0,10000.0,100.0,60.0,Willow shortbow (u).png,Willow shortbow (u),13.0,1789652942.0,7.0,1789651206.0
A willow crossbow stock.,9444,True,21.0,10000.0,53.0,31.0,Willow stock.png,Willow stock,3.0,1789640276.0,3.0,1789633712.0
An evil wine for an evil god.,245,False,1.0,11000.0,1.0,1.0,Wine of Zamorak.png,Wine of Zamorak,933.0,1789654363.0,911.0,1789654423.0
This looks like a strange mix.,2054,True,12.0,2000.0,30.0,18.0,Wizard blizzard.png,Wizard blizzard,9480.0,1789643678.0,2575.0,1789628497.0
Slightly magical boots.,2579,True,80.0,8.0,200.0,120.0,Wizard boots.png,Wizard boots,190000.0,1789652914.0,185000.0,1789653852.0
A silly pointed hat.,1017,False,1.0,125.0,2.0,1.0,Wizard hat.png,Wizard hat,348.0,1789653114.0,252.0,1789654390.0
It's got strange bubbles in it.,1907,False,1.0,2000.0,2.0,1.0,Wizard's mind bomb.png,Wizard's mind bomb,120.0,1789654091.0,114.0,1789651372.0
A slightly bluish leaf.,1793,False,1.0,11000.0,1.0,1.0,Woad leaf 5.png,Woad leaf,100.0,1789652301.0,93.0,1789649592.0
A woad seed - plant in a flower patch.,5099,True,4.0,600.0,11.0,6.0,Woad seed 5.png,Woad seed,9.0,1789650297.0,4.0,1789653889.0
Bones of a recently slain wolf.,2859,True,1.0,13000.0,1.0,1.0,Wolf bones.png,Wolf bones,421.0,1789654366.0,352.0,1789652921.0
A very warm wolf cloak.,23410,False,400.0,4.0,1000.0,600.0,Wolf cloak.png,Wolf cloak,27333.0,1789651741.0,26668.0,1789653668.0
Howwwallll!,23407,True,960.0,4.0,2400.0,1440.0,Wolf mask.png,Wolf mask,28000.0,1789620985.0,20796.0,1789652904.0
I can make an ogre arrow with these.,2861,True,1.0,7000.0,3.0,1.0,Wolfbone arrowtips.png,Wolfbone arrowtips,490.0,1789630435.0,110.0,1789651272.0
These should make me harder to spot in wooded areas.,10055,True,8.0,,20.0,12.0,Wood camo legs.png,Wood camo legs,6524.0,1789653951.0,6850.0,1789648533.0
This should make me harder to spot in wooded areas.,10053,True,8.0,,20.0,12.0,Wood camo top.png,Wood camo top,939.0,1789653865.0,2347.0,1789422331.0
How does it all fit in there?,8548,True,4.0,500.0,10.0,6.0,Wood dining table (flatpack).png,Wood dining table (flatpack),2.0,1789240292.0,10.0,1789651183.0
How does it all fit in there?,8576,True,4.0,500.0,10.0,6.0,Wooden bed (flatpack).png,Wooden bed (flatpack),5.0,1788164808.0,3056.0,1771086815.0
How does it all fit in there?,8562,True,4.0,500.0,10.0,6.0,Wooden bench (flatpack).png,Wooden bench (flatpack),14.0,1787824599.0,33.0,1787430375.0
A wooden cat toy.,10891,True,1.0,15.0,1.0,1.0,Wooden cat.png,Wooden cat,3400.0,1789654019.0,3532.0,1789532823.0
How does it all fit in there?,8498,True,4.0,500.0,10.0,6.0,Wooden chair (flatpack).png,Wooden chair (flatpack),3545.0,1789621534.0,1907.0,1789573075.0
Parts for creating a wooden hull for a boat.,32041,True,100.0,100.0,250.0,150.0,Wooden hull parts.png,Wooden hull parts,20.0,1789653153.0,5.0,1789649399.0
A solid wooden shield.,1171,False,8.0,125.0,20.0,12.0,Wooden shield.png,Wooden shield,204.0,1789653708.0,206.0,1789654019.0
An epic wooden shield with a golden trim.,20166,False,8.0,125.0,20.0,12.0,Wooden shield (g).png,Wooden shield (g),68543.0,1789604932.0,70000.0,1789650877.0
Spoooooon!,7433,True,14.0,50.0,35.0,21.0,Wooden spoon.png,Wooden spoon,1909.0,1789605145.0,1250.0,1789630517.0
A wooden crossbow stock.,9440,True,8.0,10000.0,20.0,12.0,Wooden stock.png,Wooden stock,10.0,1789227445.0,69.0,1789653293.0
I think this came from a sheep.,1737,False,1.0,13000.0,1.0,1.0,Wool.png,Wool,17.0,1789653789.0,17.0,1789652868.0
It actually smells quite good.,2253,True,1.0,6000.0,1.0,1.0,Worm batta.png,Worm batta,2850.0,1789649845.0,10000.0,1789608315.0
It actually smells quite good.,2205,True,1.0,6000.0,2.0,1.0,Worm crunchies.png,Worm crunchies,15525.0,1789643147.0,15000.0,1789628612.0
It actually smells quite good.,2191,True,1.0,6000.0,2.0,1.0,Worm hole.png,Worm hole,9899.0,1789643826.0,2984.0,1789628617.0
"Blue top, very tiny.",5028,True,260.0,150.0,650.0,390.0,Woven top (blue).png,Woven top (blue),1385.0,1789549362.0,21.0,1789576164.0
Far too small to wear.,5024,True,200.0,150.0,500.0,300.0,Woven top (brown).png,Woven top (brown),739.0,1789338266.0,905.0,1789518104.0
"Yellow top, too small for me.",5026,True,250.0,150.0,625.0,375.0,Woven top (yellow).png,Woven top (yellow),408.0,1789507630.0,50.0,1789425415.0
Oomlie meat in a palm leaf pouch. It just needs to be cooked.,2341,True,6.0,15.0,16.0,9.0,Wrapped oomlie.png,Wrapped oomlie,5169.0,1789637616.0,3008.0,1789617258.0
Used for very high level missile spells.,21880,True,200.0,25000.0,500.0,300.0,Wrath rune.png,Wrath rune,345.0,1789654412.0,336.0,1789653696.0
A mysterious power emanates from the talisman...,22118,True,1.0,11000.0,4.0,2.0,Wrath talisman.png,Wrath talisman,292.0,1789652910.0,292.0,1789654393.0
A tiara infused with the properties of wrath.,22121,True,200.0,40.0,500.0,300.0,Wrath tiara.png,Wrath tiara,87.0,1789644800.0,98.0,1789630400.0
I wonder how Wyrms have bones...,22780,True,64.0,7500.0,160.0,96.0,Wyrm bones.png,Wyrm bones,2106.0,1789651730.0,2100.0,1789654005.0
Ew it's a pile of bones.,28899,True,1.0,3000.0,1.0,1.0,Wyrmling bones.png,Wyrmling bones,520.0,1789653993.0,515.0,1789654387.0
The leather is soft.,33881,True,4000.0,,10000.0,6000.0,Wyrmscraig boots.png,Wyrmscraig boots,10016.0,1789634479.0,4000.0,1789619260.0
You have a strange urge to clothe a golem in this.,34017,True,4.0,,10.0,6.0,Wyrmscraig goat fur.png,Wyrmscraig goat fur,30.0,1789652718.0,20.0,1789652123.0
A skirt woven from a thick wool.,33872,True,16000.0,,40000.0,24000.0,Wyrmscraig noble skirt (black).png,Wyrmscraig noble skirt (black),37762.0,1789337346.0,41632.0,1789620341.0
A skirt woven from a thick wool.,33860,True,16000.0,,40000.0,24000.0,Wyrmscraig noble skirt (blue).png,Wyrmscraig noble skirt (blue),444000.0,1789245717.0,77320.0,1789619724.0
A skirt woven from a thick wool.,33857,True,16000.0,,40000.0,24000.0,Wyrmscraig noble skirt (green).png,Wyrmscraig noble skirt (green),100000.0,1789429201.0,20750.0,1789281597.0
A skirt woven from a thick wool.,33875,True,16000.0,,40000.0,24000.0,Wyrmscraig noble skirt (pink).png,Wyrmscraig noble skirt (pink),1.0,1789612754.0,21670.0,1789591583.0
A skirt woven from a thick wool.,33863,True,16000.0,,40000.0,24000.0,Wyrmscraig noble skirt (red).png,Wyrmscraig noble skirt (red),150000.0,1789391122.0,10102.0,1789394431.0
A skirt woven from a thick wool.,33869,True,16000.0,,40000.0,24000.0,Wyrmscraig noble skirt (white).png,Wyrmscraig noble skirt (white),52525.0,1789530144.0,45397.0,1789379945.0
A skirt woven from a thick wool.,33866,True,16000.0,,40000.0,24000.0,Wyrmscraig noble skirt (yellow).png,Wyrmscraig noble skirt (yellow),25000.0,1788211925.0,32505.0,1788323312.0
Soft leather shoes.,33878,True,4000.0,,10000.0,6000.0,Wyrmscraig shoes.png,Wyrmscraig shoes,10250.0,1789642651.0,58.0,1789449565.0
A plain and simple robe bottom.,33923,True,160.0,,400.0,240.0,"Wyrmscraig villager robe bottom (A, black).png","Wyrmscraig villager robe bottom (A, black)",380.0,1789146702.0,5215.0,1789539073.0
A plain and simple robe bottom.,33911,True,160.0,,400.0,240.0,"Wyrmscraig villager robe bottom (A, blue).png","Wyrmscraig villager robe bottom (A, blue)",377.0,1789136751.0,2407.0,1788383378.0
A plain and simple robe bottom.,33908,True,160.0,,400.0,240.0,"Wyrmscraig villager robe bottom (A, green).png","Wyrmscraig villager robe bottom (A, green)",380.0,1789286229.0,2000.0,1789211055.0
A plain and simple robe bottom.,33926,True,160.0,,400.0,240.0,"Wyrmscraig villager robe bottom (A, pink).png","Wyrmscraig villager robe bottom (A, pink)",400.0,1789477262.0,5475.0,1787176002.0
A plain and simple robe bottom.,33914,True,160.0,,400.0,240.0,"Wyrmscraig villager robe bottom (A, red).png","Wyrmscraig villager robe bottom (A, red)",1.0,1789530609.0,400.0,1789562539.0
A plain and simple robe bottom.,33920,True,160.0,,400.0,240.0,"Wyrmscraig villager robe bottom (A, white).png","Wyrmscraig villager robe bottom (A, white)",380.0,1789511899.0,4000.0,1788132776.0
A plain and simple robe bottom.,33917,True,160.0,,400.0,240.0,"Wyrmscraig villager robe bottom (A, yellow).png","Wyrmscraig villager robe bottom (A, yellow)",400.0,1788414941.0,15000.0,1787195513.0
A plain and simple robe bottom.,33944,True,160.0,,400.0,240.0,"Wyrmscraig villager robe bottom (B, black).png","Wyrmscraig villager robe bottom (B, black)",343.0,1789642154.0,100000.0,1788787266.0
A plain and simple robe bottom.,33932,True,160.0,,400.0,240.0,"Wyrmscraig villager robe bottom (B, blue).png","Wyrmscraig villager robe bottom (B, blue)",1.0,1789381114.0,1215.0,1788890211.0
A plain and simple robe bottom.,33929,True,160.0,,400.0,240.0,"Wyrmscraig villager robe bottom (B, green).png","Wyrmscraig villager robe bottom (B, green)",380.0,1789653355.0,100000.0,1788716010.0
A plain and simple robe bottom.,33947,True,160.0,,400.0,240.0,"Wyrmscraig villager robe bottom (B, pink).png","Wyrmscraig villager robe bottom (B, pink)",326.0,1789530707.0,55125.0,1789581527.0
A plain and simple robe bottom.,33935,True,160.0,,400.0,240.0,"Wyrmscraig villager robe bottom (B, red).png","Wyrmscraig villager robe bottom (B, red)",267.0,1789641933.0,5000.0,1788143241.0
A plain and simple robe bottom.,33941,True,160.0,,400.0,240.0,"Wyrmscraig villager robe bottom (B, white).png","Wyrmscraig villager robe bottom (B, white)",1.0,1787244459.0,486.0,1789493302.0
A plain and simple robe bottom.,33938,True,160.0,,400.0,240.0,"Wyrmscraig villager robe bottom (B, yellow).png","Wyrmscraig villager robe bottom (B, yellow)",400.0,1788580587.0,5000.0,1789493271.0
A plain and simple robe top.,33905,True,200.0,,500.0,300.0,"Wyrmscraig villager robe top (A, beige).png","Wyrmscraig villager robe top (A, beige)",515.0,1789602141.0,578.0,1789330159.0
A plain and simple robe top.,33899,True,200.0,,500.0,300.0,"Wyrmscraig villager robe top (A, black).png","Wyrmscraig villager robe top (A, black)",25000.0,1789337225.0,40000.0,1789598752.0
A plain and simple robe top.,33887,True,200.0,,500.0,300.0,"Wyrmscraig villager robe top (A, blue).png","Wyrmscraig villager robe top (A, blue)",20000.0,1789585960.0,603.0,1789617022.0
A plain and simple robe top.,33884,True,200.0,,500.0,300.0,"Wyrmscraig villager robe top (A, green).png","Wyrmscraig villager robe top (A, green)",458.0,1789620030.0,30000.0,1787784552.0
A plain and simple robe top.,33902,True,200.0,,500.0,300.0,"Wyrmscraig villager robe top (A, pink).png","Wyrmscraig villager robe top (A, pink)",19000.0,1789106714.0,4468.0,1789617049.0
A plain and simple robe top.,33890,True,200.0,,500.0,300.0,"Wyrmscraig villager robe top (A, red).png","Wyrmscraig villager robe top (A, red)",20000.0,1789522463.0,20000.0,1789521272.0
A plain and simple robe top.,33896,True,200.0,,500.0,300.0,"Wyrmscraig villager robe top (A, white).png","Wyrmscraig villager robe top (A, white)",498.0,1789620045.0,5000.0,1789241757.0
A plain and simple robe top.,33893,True,200.0,,500.0,300.0,"Wyrmscraig villager robe top (A, yellow).png","Wyrmscraig villager robe top (A, yellow)",315.0,1789334440.0,3795.0,1789617058.0
A plain and simple robe top.,33965,True,200.0,,500.0,300.0,"Wyrmscraig villager robe top (B, black).png","Wyrmscraig villager robe top (B, black)",440.0,1789619960.0,512.0,1789584492.0
A plain and simple robe top.,33953,True,200.0,,500.0,300.0,"Wyrmscraig villager robe top (B, blue).png","Wyrmscraig villager robe top (B, blue)",449.0,1789623520.0,50000.0,1788655330.0
A plain and simple robe top.,33950,True,200.0,,500.0,300.0,"Wyrmscraig villager robe top (B, green).png","Wyrmscraig villager robe top (B, green)",3000.0,1789522364.0,9787.0,1789607928.0
A plain and simple robe top.,33968,True,200.0,,500.0,300.0,"Wyrmscraig villager robe top (B, pink).png","Wyrmscraig villager robe top (B, pink)",492.0,1789595468.0,1000.0,1788729620.0
A plain and simple robe top.,33956,True,200.0,,500.0,300.0,"Wyrmscraig villager robe top (B, red).png","Wyrmscraig villager robe top (B, red)",500.0,1789379444.0,636.0,1789228330.0
A plain and simple robe top.,33962,True,200.0,,500.0,300.0,"Wyrmscraig villager robe top (B, white).png","Wyrmscraig villager robe top (B, white)",245000.0,1789522514.0,15000.0,1789620376.0
A plain and simple robe top.,33959,True,200.0,,500.0,300.0,"Wyrmscraig villager robe top (B, yellow).png","Wyrmscraig villager robe top (B, yellow)",1.0,1789248348.0,3000.0,1788132779.0
A plain and simple skirt.,33986,True,160.0,,400.0,240.0,Wyrmscraig villager skirt (black).png,Wyrmscraig villager skirt (black),252.0,1789473719.0,50000.0,1789539070.0
A plain and simple skirt.,33974,True,160.0,,400.0,240.0,Wyrmscraig villager skirt (blue).png,Wyrmscraig villager skirt (blue),326.0,1789614546.0,5000.0,1789391034.0
A plain and simple skirt.,33971,True,160.0,,400.0,240.0,Wyrmscraig villager skirt (green).png,Wyrmscraig villager skirt (green),1.0,1789575627.0,25000.0,1787216914.0
A plain and simple skirt.,33989,True,160.0,,400.0,240.0,Wyrmscraig villager skirt (pink).png,Wyrmscraig villager skirt (pink),4000.0,1789337423.0,441.0,1789539083.0
A plain and simple skirt.,33977,True,160.0,,400.0,240.0,Wyrmscraig villager skirt (red).png,Wyrmscraig villager skirt (red),1.0,1788909962.0,400.0,1789029970.0
A plain and simple skirt.,33983,True,160.0,,400.0,240.0,Wyrmscraig villager skirt (white).png,Wyrmscraig villager skirt (white),326.0,1789045109.0,,
A plain and simple skirt.,33980,True,160.0,,400.0,240.0,Wyrmscraig villager skirt (yellow).png,Wyrmscraig villager skirt (yellow),400.0,1788484580.0,490.0,1786927022.0
A skirt for working in.,34013,True,160.0,,400.0,240.0,Wyrmscraig villager work skirt (beige).png,Wyrmscraig villager work skirt (beige),400.0,1789295186.0,5000.0,1787536795.0
A skirt for working in.,34007,True,160.0,,400.0,240.0,Wyrmscraig villager work skirt (black).png,Wyrmscraig villager work skirt (black),414.0,1789562929.0,10000.0,1789407279.0
A skirt for working in.,33995,True,160.0,,400.0,240.0,Wyrmscraig villager work skirt (blue).png,Wyrmscraig villager work skirt (blue),360.0,1789575589.0,1000.0,1788035890.0
A skirt for working in.,33992,True,160.0,,400.0,240.0,Wyrmscraig villager work skirt (green).png,Wyrmscraig villager work skirt (green),25000.0,1789285702.0,12353.0,1789084203.0
A skirt for working in.,34010,True,160.0,,400.0,240.0,Wyrmscraig villager work skirt (pink).png,Wyrmscraig villager work skirt (pink),400.0,1789595370.0,714.0,1787134595.0
A skirt for working in.,33998,True,160.0,,400.0,240.0,Wyrmscraig villager work skirt (red).png,Wyrmscraig villager work skirt (red),338.0,1789159035.0,3152.0,1788123104.0
A skirt for working in.,34004,True,160.0,,400.0,240.0,Wyrmscraig villager work skirt (white).png,Wyrmscraig villager work skirt (white),400.0,1789603767.0,2000.0,1789438921.0
A skirt for working in.,34001,True,160.0,,400.0,240.0,Wyrmscraig villager work skirt (yellow).png,Wyrmscraig villager work skirt (yellow),400.0,1789603690.0,12481.0,1789098681.0
Bones of a large flying creature!,6812,True,64.0,7500.0,160.0,96.0,Wyvern bones.png,Wyvern bones,3687.0,1789653806.0,3650.0,1789654282.0
It looks like this could be attached to a shield somehow.,21637,True,300000.0,5.0,750000.0,450000.0,Wyvern visage.png,Wyvern visage,29333333.0,1789590171.0,29100003.0,1789594451.0
"An old scrap of cloth, containing remnants of Xeric's forgotten magicks.",13383,True,1.0,13000.0,3.0,1.0,Xerician fabric.png,Xerician fabric,1707.0,1789653762.0,1707.0,1789653222.0
The forgotten magicks of Xeric imbue this garment with a little power.,13385,True,24.0,125.0,60.0,36.0,Xerician hat.png,Xerician hat,6250.0,1789654086.0,5756.0,1789653955.0
The forgotten magicks of Xeric imbue this garment with a little power.,13389,True,28.0,125.0,70.0,42.0,Xerician robe.png,Xerician robe,6963.0,1789654185.0,7105.0,1789653918.0
The forgotten magicks of Xeric imbue this garment with a little power.,13387,True,32.0,125.0,80.0,48.0,Xerician top.png,Xerician top,6905.0,1789654093.0,6905.0,1789654101.0
"Thakkrad, of Neitiznot, can cure this.",10818,True,20.0,13000.0,50.0,30.0,Yak-hide.png,Yak-hide,1999.0,1789626009.0,250.0,1789626072.0
"Leg protection, made from smelly yak-hide.",10824,True,200.0,70.0,500.0,300.0,Yak-hide armour (legs).png,Yak-hide armour (legs),2652.0,1789654288.0,1400.0,1789654211.0
Smelly yak body armour.,10822,True,200.0,70.0,500.0,300.0,Yak-hide armour (top).png,Yak-hide armour (top),1866.0,1789654244.0,1748.0,1789653814.0
A handful of Yanillian Hops.,5998,True,2.0,11000.0,7.0,4.0,Yanillian hops.png,Yanillian hops,798.0,1789654375.0,761.0,1789654420.0
A Yanillian hop seed - plant in a hops patch.,5309,True,2.0,2000.0,6.0,3.0,Yanillian seed 5.png,Yanillian seed,14.0,1789651982.0,7.0,1789653785.0
A small round yellow bead.,1472,False,1.0,11000.0,4.0,2.0,Yellow bead.png,Yellow bead,1455.0,1789654373.0,1151.0,1789654154.0
Very stylish!,2914,False,200.0,150.0,500.0,300.0,Yellow boots.png,Yellow boots,2150.0,1789654337.0,2014.0,1789653961.0
A thick yellow cape.,1023,False,12.0,150.0,32.0,19.0,Yellow cape.png,Yellow cape,195.0,1789654372.0,195.0,1789636407.0
Paints things yellow!,12761,True,1.0,4.0,1.0,1.0,Yellow dark bow paint.png,Yellow dark bow paint,181396.0,1789574007.0,74882.0,1789585963.0
A little bottle of yellow dye.,1765,False,2.0,150.0,5.0,3.0,Yellow dye.png,Yellow dye,324.0,1789654418.0,203.0,1789654256.0
A bright yellow feather.,10090,True,5.0,8000.0,13.0,7.0,Yellow feather.png,Yellow feather,82.0,1789578714.0,86.0,1789650446.0
High fin!,32360,True,200.0,11000.0,500.0,300.0,Yellow fin.png,Yellow fin,170.0,1789654202.0,147.0,1789651088.0
A posy of flowers.,2466,True,40.0,150.0,100.0,60.0,Yellow flowers.png,Yellow flowers,550.0,1789653745.0,134.0,1789628792.0
These will keep my hands warm!,2922,False,200.0,150.0,500.0,300.0,Yellow gloves.png,Yellow gloves,1500.0,1789654381.0,900.0,1789652823.0
A silly pointed hat.,2920,True,200.0,150.0,500.0,300.0,Yellow hat.png,Yellow hat,1000.0,1789650846.0,1229.0,1789606673.0
A nice hat from a cracker.,1040,False,1.0,5.0,1.0,1.0,Yellow partyhat.png,Yellow partyhat,8789.0,1789654393.0,8177.0,1789654134.0
Made by werewolves for werewolves.,2918,True,200.0,150.0,500.0,300.0,Yellow robe bottoms.png,Yellow robe bottoms,836.0,1789650955.0,9.0,1789512754.0
Some fine werewolf clothing.,2916,True,200.0,150.0,500.0,300.0,Yellow robe top.png,Yellow robe top,933.0,1789650816.0,914.0,1789625592.0
Some nicely cooked yellowfin.,32328,True,68.0,,170.0,102.0,Yellowfin.png,Yellowfin,874.0,1789628728.0,790.0,1789654353.0
Feed and catch the birds by placing this in the right spot.,22198,True,2.0,250.0,5.0,3.0,Yew bird house.png,Yew bird house,1350.0,1789651860.0,1326.0,1789651481.0
A powerful bow made from yew wood.,10282,True,720.0,8.0,1800.0,1080.0,Yew comp bow.png,Yew comp bow,17994.0,1789640812.0,1654.0,1789653921.0
A pile of Yew tree leaves.,6026,True,1.0,7500.0,1.0,1.0,Yew leaves.png,Yew leaves,522.0,1789646312.0,512.0,1789653492.0
Logs cut from a yew tree.,1515,False,64.0,12000.0,160.0,96.0,Yew logs.png,Yew logs,103.0,1789654417.0,103.0,1789654408.0
A nice sturdy bow made out of yew.,855,True,512.0,18000.0,1280.0,768.0,Yew longbow.png,Yew longbow,535.0,1789654121.0,525.0,1789654216.0
An unstrung yew longbow; I need a bowstring for this.,66,True,256.0,10000.0,640.0,384.0,Yew longbow (u).png,Yew longbow (u),160.0,1789652973.0,151.0,1789654300.0
Yew logs prepared with sacred oil for a funeral pyre.,3446,True,128.0,11000.0,320.0,192.0,Yew pyre logs.png,Yew pyre logs,4172.0,1789650055.0,3786.0,1789649809.0
The roots of the Yew tree.,6049,True,1.0,11000.0,1.0,1.0,Yew roots.png,Yew roots,66.0,1789652828.0,66.0,1789654382.0
This sapling is ready to be replanted in a tree patch.,5373,True,1.0,200.0,1.0,1.0,Yew sapling.png,Yew sapling,23700.0,1789654422.0,23123.0,1789653730.0
Plant this in a plantpot of soil to grow a sapling.,5315,True,57.0,200.0,143.0,85.0,Yew seed 5.png,Yew seed,21857.0,1789653815.0,21135.0,1789654335.0
A solid yew shield.,22260,True,256.0,18000.0,640.0,384.0,Yew shield.png,Yew shield,204.0,1789651819.0,200.0,1789653835.0
"A shortbow made out of yew, still effective.",857,True,320.0,18000.0,800.0,480.0,Yew shortbow.png,Yew shortbow,362.0,1789654424.0,322.0,1789654196.0
An unstrung yew shortbow; I need a bowstring for this.,68,True,160.0,10000.0,400.0,240.0,Yew shortbow (u).png,Yew shortbow (u),117.0,1789653213.0,113.0,1789654210.0
A yew crossbow stock.,9452,True,66.0,10000.0,167.0,100.0,Yew stock.png,Yew stock,146.0,1789652960.0,142.0,1789654355.0
"A young impling in a jar. Don't trap me, man.",11240,True,20.0,18000.0,50.0,30.0,Young impling jar.png,Young impling jar,4643.0,1789651045.0,4602.0,1789654309.0
Makes a dragon pickaxe more beautiful.,23908,True,640.0,50.0,1600.0,960.0,Zalcano shard.png,Zalcano shard,107727.0,1789650619.0,74626.0,1789654301.0
"A set containing a full helm, platebody, legs and kiteshield.",13044,False,32000.0,8.0,80000.0,48000.0,Zamorak armour set (lg).png,Zamorak armour set (lg),588966.0,1789651235.0,530440.0,1789636544.0
"A set containing a full helm, platebody, skirt and kiteshield.",13046,False,32000.0,8.0,80000.0,48000.0,Zamorak armour set (sk).png,Zamorak armour set (sk),575000.0,1789624394.0,525000.0,1789642712.0
Zamorak blessed dragonhide vambraces.,10368,True,1600.0,8.0,4000.0,2400.0,Zamorak bracers.png,Zamorak bracers,62568.0,1789653372.0,62044.0,1789653585.0
1 dose of Zamorak brew.,193,True,50.0,2000.0,125.0,75.0,Zamorak brew(1).png,Zamorak brew(1),324.0,1789642301.0,100.0,1789562635.0
2 doses of Zamorak brew.,191,True,60.0,2000.0,150.0,90.0,Zamorak brew(2).png,Zamorak brew(2),200.0,1789613807.0,200.0,1789643191.0
3 doses of Zamorak brew.,189,True,70.0,2000.0,175.0,105.0,Zamorak brew(3).png,Zamorak brew(3),467.0,1789548944.0,434.0,1789652913.0
4 doses of Zamorak brew.,2450,True,80.0,2000.0,200.0,120.0,Zamorak brew(4).png,Zamorak brew(4),854.0,1789651960.0,851.0,1789651375.0
Zamorak blessed dragonhide chaps.,10372,True,2400.0,8.0,6000.0,3600.0,Zamorak chaps.png,Zamorak chaps,174383.0,1789653427.0,160843.0,1789654344.0
A Zamorak cloak.,10450,True,800.0,8.0,2000.0,1200.0,Zamorak cloak.png,Zamorak cloak,14000.0,1789651993.0,11004.0,1789653783.0
Zamorak blessed dragonhide coif.,10374,True,800.0,8.0,2000.0,1200.0,Zamorak coif.png,Zamorak coif,41688.0,1789650581.0,35549.0,1789654002.0
A Zamorak crozier.,10444,True,2000.0,8.0,5000.0,3000.0,Zamorak crozier.png,Zamorak crozier,2976.0,1789653653.0,3100.0,1789650828.0
Zamorak blessed dragonhide body armour.,10370,True,5200.0,8.0,13000.0,7800.0,Zamorak d'hide body.png,Zamorak d'hide body,158739.0,1789653412.0,141020.0,1789653997.0
Zamorak blessed dragonhide boots.,19936,True,3720.0,8.0,9300.0,5580.0,Zamorak d'hide boots.png,Zamorak d'hide boots,166345.0,1789653321.0,150000.0,1789652980.0
Zamorak blessed wooden shield covered in dragon leather.,23194,True,11333.0,8.0,28334.0,17000.0,Zamorak d'hide shield.png,Zamorak d'hide shield,195654.0,1789650539.0,124565.0,1789652668.0
"A set containing a Zamorak dragonhide coif, body, chaps and vambraces.",13161,True,3600.0,8.0,9000.0,5400.0,Zamorak dragonhide set.png,Zamorak dragonhide set,465790.0,1789648806.0,435224.0,1789632422.0
Rune full helmet in the colours of Zamorak.,2657,False,14080.0,8.0,35200.0,21120.0,Zamorak full helm.png,Zamorak full helm,454006.0,1789653875.0,428081.0,1789654346.0
"A terrifying, heavy sword.",11808,True,500000.0,8.0,1250000.0,750000.0,Zamorak godsword.png,Zamorak godsword,18700000.0,1789653402.0,18392160.0,1789653137.0
Use on a Zamorak godsword to make it look fancier!,20077,True,2000.0,4.0,5000.0,3000.0,Zamorak godsword ornament kit.png,Zamorak godsword ornament kit,388384.0,1789653497.0,230000.0,1789646904.0
Brimming with potential.,11816,True,200000.0,10000.0,500000.0,300000.0,Zamorak hilt.png,Zamorak hilt,17380000.0,1789550757.0,17450000.0,1789649790.0
Rune kiteshield in the colours of Zamorak.,2659,False,21760.0,8.0,54400.0,32640.0,Zamorak kiteshield.png,Zamorak kiteshield,41112.0,1789653268.0,40000.0,1789653666.0
A Zamorak mitre.,10456,True,2000.0,8.0,5000.0,3000.0,Zamorak mitre.png,Zamorak mitre,18397.0,1789653904.0,15393.0,1789650969.0
One dose of fishy Zamorak brew.,11523,True,50.0,2000.0,125.0,75.0,Zamorak mix(1).png,Zamorak mix(1),115.0,1789434178.0,100.0,1789648793.0
Two doses of fishy Zamorak brew.,11521,True,60.0,2000.0,150.0,90.0,Zamorak mix(2).png,Zamorak mix(2),330.0,1789539246.0,56.0,1789652733.0
A Zamorak Mjolnir.,6764,True,250.0,8.0,625.0,375.0,Zamorak mjolnir.png,Zamorak mjolnir,4000.0,1789647046.0,3954.0,1789653565.0
A robe worn by worshippers of Zamorak.,1033,False,12.0,15.0,30.0,18.0,Zamorak monk bottom.png,Zamorak monk bottom,2198.0,1789654162.0,2183.0,1789654236.0
A robe worn by worshippers of Zamorak.,1035,False,16.0,15.0,40.0,24.0,Zamorak monk top.png,Zamorak monk top,1450.0,1789653783.0,743.0,1789654260.0
This seems to have been torn from a book...,3831,True,80.0,5.0,200.0,120.0,Zamorak page 1.png,Zamorak page 1,9000.0,1789652176.0,3544.0,1789653889.0
This seems to have been torn from a book...,3832,True,80.0,5.0,200.0,120.0,Zamorak page 2.png,Zamorak page 2,4216.0,1789652125.0,4011.0,1789653403.0
This seems to have been torn from a book...,3833,True,80.0,5.0,200.0,120.0,Zamorak page 3.png,Zamorak page 3,4995.0,1789652154.0,3350.0,1789654392.0
This seems to have been torn from a book...,3834,True,80.0,5.0,200.0,120.0,Zamorak page 4.png,Zamorak page 4,10000.0,1789652186.0,3701.0,1789654335.0
Rune platebody in the colours of Zamorak.,2653,False,26000.0,8.0,65000.0,39000.0,Zamorak platebody.png,Zamorak platebody,47551.0,1789653779.0,40728.0,1789653176.0
Rune platelegs in the colours of Zamorak.,2655,False,25600.0,8.0,64000.0,38400.0,Zamorak platelegs.png,Zamorak platelegs,42500.0,1789653509.0,40666.0,1789651267.0
Rune plateskirt in the colours of Zamorak.,3478,False,25600.0,8.0,64000.0,38400.0,Zamorak plateskirt.png,Zamorak plateskirt,45499.0,1789653770.0,37013.0,1789653427.0
Leggings from the Zamorak Vestments.,10468,True,2800.0,8.0,7000.0,4200.0,Zamorak robe legs.png,Zamorak robe legs,32564.0,1789653881.0,31976.0,1789634897.0
Zamorak Vestments.,10460,True,2800.0,8.0,7000.0,4200.0,Zamorak robe top.png,Zamorak robe top,51787.0,1789653890.0,51000.0,1789651325.0
A Zamorak stole.,10474,True,1000.0,8.0,2500.0,1500.0,Zamorak stole.png,Zamorak stole,6699.0,1789653404.0,2125.0,1789650547.0
The Grapes of Wrath.,20749,True,20.0,11000.0,50.0,30.0,Zamorak's grapes.png,Zamorak's grapes,1874.0,1789648378.0,1712.0,1789647480.0
An evil one-handed spear.,11889,True,120000.0,8.0,300000.0,180000.0,Zamorakian hasta.png,Zamorakian hasta,1418703.0,1789653902.0,1418703.0,1789654192.0
An evil spear.,11824,True,40002.0,8.0,100005.0,60003.0,Zamorakian spear.png,Zamorakian spear,1230000.0,1789654303.0,1207333.0,1789652128.0
A weapon born out of conflict.,26374,True,396000.0,8.0,990000.0,594000.0,Zaryte crossbow.png,Zaryte crossbow,354999984.0,1789654323.0,352222266.0,1789653860.0
A pair of ancient vambraces.,26235,True,80000.0,7.0,200000.0,120000.0,Zaryte vambraces.png,Zaryte vambraces,73409982.0,1789654218.0,72000000.0,1789653213.0
This looks valuable.,19493,True,30000.0,11000.0,75000.0,45000.0,Zenyte.png,Zenyte,19358888.0,1789512333.0,19358888.0,1789363290.0
A fiery glow emanates from this amulet.,19541,True,80800.0,8.0,202000.0,121200.0,Zenyte amulet.png,Zenyte amulet,21997727.0,1789330349.0,19997934.0,1789622292.0
It needs a string so I can wear it.,19501,True,30000.0,10000.0,75000.0,45000.0,Zenyte amulet (u).png,Zenyte amulet (u),15190738.0,1762036058.0,16504192.0,1788796893.0
A fiery glow emanates from this bracelet.,19532,True,80400.0,8.0,201000.0,120600.0,Zenyte bracelet.png,Zenyte bracelet,19700000.0,1789624297.0,20800000.0,1789008711.0
A fiery glow emanates from this necklace.,19535,True,80800.0,8.0,202000.0,121200.0,Zenyte necklace.png,Zenyte necklace,20499999.0,1789631881.0,19100002.0,1789569404.0
A fiery glow emanates from this ring.,19538,True,80400.0,8.0,201000.0,120600.0,Zenyte ring.png,Zenyte ring,21299654.0,1789235574.0,19599666.0,1789184238.0
A shard of unstable zenyte.,19529,True,30000.0,11000.0,75000.0,45000.0,Zenyte shard.png,Zenyte shard,16344000.0,1789652795.0,16318000.0,1789654340.0
A pile of Zombie Ogre bones.,4812,True,1.0,3000.0,1.0,1.0,Zogre bones.png,Zogre bones,1152.0,1789651549.0,894.0,1789653221.0
A rusty yet powerful axe.,28810,True,64000.0,,160000.0,96000.0,Zombie axe.png,Zombie axe,1572472.0,1789653949.0,1540096.0,1789654129.0
Get a head in life.,19912,True,2000.0,4.0,5000.0,3000.0,Zombie head (Treasure Trails).png,Zombie head (Treasure Trails),11499.0,1789520530.0,5000.0,1789650711.0
A rusty yet tough helmet.,30321,True,64000.0,50.0,160000.0,96000.0,Zombie helmet.png,Zombie helmet,250000.0,1789653182.0,232998.0,1789654030.0
The key to a zombie pirate's locker.,29449,True,36.0,250.0,90.0,54.0,Zombie pirate key 5.png,Zombie pirate key,15606.0,1789653643.0,15558.0,1789653468.0
Teleports you to Zul-Andra.,12938,True,4.0,10000.0,10.0,6.0,Zul-andra teleport.png,Zul-andra teleport,12529.0,1789654371.0,12223.0,1789654026.0
Flakes of toxic snakeskin.,12934,True,8.0,30000.0,20.0,12.0,Zulrah's scales 5.png,Zulrah's scales,159.0,1789654417.0,155.0,1789654422.0
